method,feature_1,feature_2,correlation
pearson,EntryPoint,EntryPoint,
pearson,EntryPoint,bytes_on_last_page,-0.0015221920569582603
pearson,EntryPoint,pages_in_file,-0.0003134790695478234
pearson,EntryPoint,relocations,-0.0006984770657991726
pearson,EntryPoint,size_of_header,-0.0009636908834956558
pearson,EntryPoint,min_extra_paragraphs,-0.0010862354225345573
pearson,EntryPoint,max_extra_paragraphs,0.0030140099920553435
pearson,EntryPoint,init_ss_value,-0.0013263524920659217
pearson,EntryPoint,init_sp_value,-0.0004952005139330205
pearson,EntryPoint,init_ip_value,-0.000887274139535845
pearson,EntryPoint,init_cs_value,-0.0012584319673755327
pearson,EntryPoint,over_lay_number,-0.0006791160858769356
pearson,EntryPoint,oem_identifier,0.0011205145467708703
pearson,EntryPoint,address_of_ne_header,-0.0010567998762440686
pearson,EntryPoint,SizeOfCode,0.0004665951390295533
pearson,EntryPoint,SizeOfInitializedData,-0.0006653805927085664
pearson,EntryPoint,SizeOfUninitializedData,0.0028350380557597326
pearson,EntryPoint,AddressOfEntryPoint,0.909183422849864
pearson,EntryPoint,BaseOfCode,0.013379121021436883
pearson,EntryPoint,BaseOfData,0.003851068809731671
pearson,EntryPoint,ImageBase,0.00024065587894919995
pearson,EntryPoint,SectionAlignment,0.012817803521734953
pearson,EntryPoint,FileAlignment,-0.009757563448833073
pearson,EntryPoint,OperatingSystemVersion,0.008329844405686035
pearson,EntryPoint,ImageVersion,-0.00036066943813610675
pearson,EntryPoint,SizeOfImage,0.026198330870999344
pearson,EntryPoint,SizeOfHeaders,0.009352722300653583
pearson,EntryPoint,Checksum,-0.0005703977318384601
pearson,EntryPoint,SizeofStackReserve,0.012551945670333922
pearson,EntryPoint,SizeofStackCommit,-0.0007226735050191599
pearson,EntryPoint,SizeofHeapCommit,0.0002932485223313209
pearson,EntryPoint,SizeofHeapReserve,0.052814692842111946
pearson,EntryPoint,LoaderFlags,-0.0005007726104068055
pearson,EntryPoint,text_VirtualSize,0.020393567433571468
pearson,EntryPoint,text_VirtualAddress,-0.0005758131148949774
pearson,EntryPoint,text_SizeOfRawData,0.01856022834554922
pearson,EntryPoint,text_PointerToRawData,0.002548176776436832
pearson,EntryPoint,text_PointerToRelocations,-0.0015033748102230727
pearson,EntryPoint,text_PointerToLineNumbers,-0.0006494228755122785
pearson,EntryPoint,rdata_VirtualSize,0.0054703239478028414
pearson,EntryPoint,rdata_VirtualAddress,0.0023444641408817517
pearson,EntryPoint,rdata_SizeOfRawData,0.0024704616019956436
pearson,EntryPoint,rdata_PointerToRawData,0.00945758983586595
pearson,EntryPoint,rdata_PointerToRelocations,-0.00048432065668444716
pearson,EntryPoint,rdata_PointerToLineNumbers,-0.0003621041507642035
pearson,EntryPoint,registry_read,-0.002657987654906679
pearson,EntryPoint,registry_write,-0.0025781231476866293
pearson,EntryPoint,registry_delete,-0.0007852319038396896
pearson,EntryPoint,registry_total,-0.0027975516777316574
pearson,EntryPoint,network_threats,
pearson,EntryPoint,network_dns,-0.003936049571495808
pearson,EntryPoint,network_http,-0.0019084478585931976
pearson,EntryPoint,network_connections,-0.0017342150096978021
pearson,EntryPoint,processes_malicious,-0.0018641198360537313
pearson,EntryPoint,processes_suspicious,-0.0019225905607364222
pearson,EntryPoint,processes_monitored,-0.0036564477182266767
pearson,EntryPoint,total_procsses,-0.005040248693134743
pearson,EntryPoint,files_malicious,-0.005255479063889025
pearson,EntryPoint,files_suspicious,-0.004555055370065176
pearson,EntryPoint,files_text,-0.0040793720018146035
pearson,EntryPoint,files_unknown,-0.0036595898140242607
pearson,EntryPoint,dlls_calls,0.012767965070692036
pearson,EntryPoint,apis,-0.012311089076308547
pearson,bytes_on_last_page,EntryPoint,
pearson,bytes_on_last_page,bytes_on_last_page,
pearson,bytes_on_last_page,pages_in_file,0.6183002615044222
pearson,bytes_on_last_page,relocations,0.5844635652923743
pearson,bytes_on_last_page,size_of_header,0.5667054882374924
pearson,bytes_on_last_page,min_extra_paragraphs,0.5670072662704577
pearson,bytes_on_last_page,max_extra_paragraphs,-0.12461640998389895
pearson,bytes_on_last_page,init_ss_value,0.6380380079086404
pearson,bytes_on_last_page,init_sp_value,0.6068299727975583
pearson,bytes_on_last_page,init_ip_value,0.5439340487168437
pearson,bytes_on_last_page,init_cs_value,0.5542048086799203
pearson,bytes_on_last_page,over_lay_number,0.5752267243214597
pearson,bytes_on_last_page,oem_identifier,0.27670838770271233
pearson,bytes_on_last_page,address_of_ne_header,0.038274738868847254
pearson,bytes_on_last_page,SizeOfCode,0.02194599762998868
pearson,bytes_on_last_page,SizeOfInitializedData,0.013095018584940095
pearson,bytes_on_last_page,SizeOfUninitializedData,-0.0008385015898105205
pearson,bytes_on_last_page,AddressOfEntryPoint,-0.0015721089512242211
pearson,bytes_on_last_page,BaseOfCode,-0.0007693620887966898
pearson,bytes_on_last_page,BaseOfData,-0.0013393937038451824
pearson,bytes_on_last_page,ImageBase,-0.001235488666684663
pearson,bytes_on_last_page,SectionAlignment,-0.028984794723776287
pearson,bytes_on_last_page,FileAlignment,0.004100313943556037
pearson,bytes_on_last_page,OperatingSystemVersion,0.015023631978335276
pearson,bytes_on_last_page,ImageVersion,-0.0005667164320431575
pearson,bytes_on_last_page,SizeOfImage,0.016470108599239246
pearson,bytes_on_last_page,SizeOfHeaders,0.026584144433004844
pearson,bytes_on_last_page,Checksum,-0.0030926267240177015
pearson,bytes_on_last_page,SizeofStackReserve,0.001004321196618849
pearson,bytes_on_last_page,SizeofStackCommit,-0.0015122312596538552
pearson,bytes_on_last_page,SizeofHeapCommit,-9.43210131006194e-05
pearson,bytes_on_last_page,SizeofHeapReserve,-0.0004245756989947094
pearson,bytes_on_last_page,LoaderFlags,0.03432304644319194
pearson,bytes_on_last_page,text_VirtualSize,-0.0006462118039316305
pearson,bytes_on_last_page,text_VirtualAddress,-0.002040189866746929
pearson,bytes_on_last_page,text_SizeOfRawData,-0.00016072598096078777
pearson,bytes_on_last_page,text_PointerToRawData,-0.0026527920339105937
pearson,bytes_on_last_page,text_PointerToRelocations,0.011870489734067072
pearson,bytes_on_last_page,text_PointerToLineNumbers,-0.0014460766737708836
pearson,bytes_on_last_page,rdata_VirtualSize,-0.0016006119618396338
pearson,bytes_on_last_page,rdata_VirtualAddress,0.0493756556963696
pearson,bytes_on_last_page,rdata_SizeOfRawData,-0.0038083854859137438
pearson,bytes_on_last_page,rdata_PointerToRawData,0.001211262810436488
pearson,bytes_on_last_page,rdata_PointerToRelocations,-0.0008742643809382035
pearson,bytes_on_last_page,rdata_PointerToLineNumbers,-0.0005717389777775768
pearson,bytes_on_last_page,registry_read,-0.003158794175493337
pearson,bytes_on_last_page,registry_write,-0.0044465421521805645
pearson,bytes_on_last_page,registry_delete,-0.001115576315041946
pearson,bytes_on_last_page,registry_total,-0.003387940662428849
pearson,bytes_on_last_page,network_threats,
pearson,bytes_on_last_page,network_dns,0.01987398046840944
pearson,bytes_on_last_page,network_http,-0.004771614989134363
pearson,bytes_on_last_page,network_connections,-0.0022119847617539943
pearson,bytes_on_last_page,processes_malicious,-0.00376462335914021
pearson,bytes_on_last_page,processes_suspicious,-0.0037933230718096437
pearson,bytes_on_last_page,processes_monitored,-0.003280118081931241
pearson,bytes_on_last_page,total_procsses,-0.0027561471314553145
pearson,bytes_on_last_page,files_malicious,-0.008950593503575709
pearson,bytes_on_last_page,files_suspicious,-0.006066190682469727
pearson,bytes_on_last_page,files_text,0.005944363482288027
pearson,bytes_on_last_page,files_unknown,-0.005779847701123849
pearson,bytes_on_last_page,dlls_calls,-0.011004183371460427
pearson,bytes_on_last_page,apis,-0.020419174645542323
pearson,pages_in_file,EntryPoint,
pearson,pages_in_file,bytes_on_last_page,
pearson,pages_in_file,pages_in_file,
pearson,pages_in_file,relocations,0.8082829742415173
pearson,pages_in_file,size_of_header,0.6333577095080889
pearson,pages_in_file,min_extra_paragraphs,0.6201904051793856
pearson,pages_in_file,max_extra_paragraphs,-0.17840215724282682
pearson,pages_in_file,init_ss_value,0.5917836462353496
pearson,pages_in_file,init_sp_value,0.6178425002710402
pearson,pages_in_file,init_ip_value,0.6172133029883636
pearson,pages_in_file,init_cs_value,0.62940144792282
pearson,pages_in_file,over_lay_number,0.5430317537265072
pearson,pages_in_file,oem_identifier,0.34450766755756285
pearson,pages_in_file,address_of_ne_header,0.049831867005395304
pearson,pages_in_file,SizeOfCode,0.023084334062603525
pearson,pages_in_file,SizeOfInitializedData,0.013738632459454373
pearson,pages_in_file,SizeOfUninitializedData,-0.0009182686062873154
pearson,pages_in_file,AddressOfEntryPoint,-5.816801131557501e-05
pearson,pages_in_file,BaseOfCode,-0.0009437585321346321
pearson,pages_in_file,BaseOfData,-0.0009341067405824577
pearson,pages_in_file,ImageBase,-0.001307375244525023
pearson,pages_in_file,SectionAlignment,-0.03381579970258998
pearson,pages_in_file,FileAlignment,-0.007524188665724942
pearson,pages_in_file,OperatingSystemVersion,0.0023664681692927444
pearson,pages_in_file,ImageVersion,-0.0005987697944856962
pearson,pages_in_file,SizeOfImage,-0.002603353998947434
pearson,pages_in_file,SizeOfHeaders,0.023204574845692164
pearson,pages_in_file,Checksum,-0.0027795198602685056
pearson,pages_in_file,SizeofStackReserve,-0.006160370295897421
pearson,pages_in_file,SizeofStackCommit,-0.0016047916698175564
pearson,pages_in_file,SizeofHeapCommit,-0.000404986407393697
pearson,pages_in_file,SizeofHeapReserve,-0.0024858353938631513
pearson,pages_in_file,LoaderFlags,-0.0007069403998424409
pearson,pages_in_file,text_VirtualSize,0.011583396754844492
pearson,pages_in_file,text_VirtualAddress,-0.0026159405015482055
pearson,pages_in_file,text_SizeOfRawData,0.013966999513850404
pearson,pages_in_file,text_PointerToRawData,-0.0031527515804350846
pearson,pages_in_file,text_PointerToRelocations,-0.002746461474607949
pearson,pages_in_file,text_PointerToLineNumbers,0.08817548070469426
pearson,pages_in_file,rdata_VirtualSize,0.0006257557438492096
pearson,pages_in_file,rdata_VirtualAddress,0.004402777821726053
pearson,pages_in_file,rdata_SizeOfRawData,-0.0006537433054386648
pearson,pages_in_file,rdata_PointerToRawData,0.02001493820927238
pearson,pages_in_file,rdata_PointerToRelocations,-0.0008011067469174202
pearson,pages_in_file,rdata_PointerToLineNumbers,-0.0005980682061379972
pearson,pages_in_file,registry_read,-0.003845551152739507
pearson,pages_in_file,registry_write,-0.004734423907167241
pearson,pages_in_file,registry_delete,-0.0013651839214320377
pearson,pages_in_file,registry_total,-0.00410128207201054
pearson,pages_in_file,network_threats,
pearson,pages_in_file,network_dns,0.018664087966490113
pearson,pages_in_file,network_http,-0.0037683587830386824
pearson,pages_in_file,network_connections,-0.0013201700852264334
pearson,pages_in_file,processes_malicious,-0.004396032354952864
pearson,pages_in_file,processes_suspicious,-0.004190381084822584
pearson,pages_in_file,processes_monitored,-0.004575357204146945
pearson,pages_in_file,total_procsses,-0.006021453223013204
pearson,pages_in_file,files_malicious,-0.00789426482493388
pearson,pages_in_file,files_suspicious,-0.007002639596259393
pearson,pages_in_file,files_text,-0.004576270397739679
pearson,pages_in_file,files_unknown,-0.0059995900174806115
pearson,pages_in_file,dlls_calls,-0.0036407001662437377
pearson,pages_in_file,apis,-0.01214175378397362
pearson,relocations,EntryPoint,
pearson,relocations,bytes_on_last_page,
pearson,relocations,pages_in_file,
pearson,relocations,relocations,
pearson,relocations,size_of_header,0.7428000312087013
pearson,relocations,min_extra_paragraphs,0.6808719749009275
pearson,relocations,max_extra_paragraphs,-0.19191420326505185
pearson,relocations,init_ss_value,0.6703615089676102
pearson,relocations,init_sp_value,0.6526798207998048
pearson,relocations,init_ip_value,0.6315266442446865
pearson,relocations,init_cs_value,0.6797180464568876
pearson,relocations,over_lay_number,0.5840372204362967
pearson,relocations,oem_identifier,0.3596283913318007
pearson,relocations,address_of_ne_header,0.05366179096105682
pearson,relocations,SizeOfCode,0.026854895584885526
pearson,relocations,SizeOfInitializedData,0.016570472777819742
pearson,relocations,SizeOfUninitializedData,-0.000984475100657727
pearson,relocations,AddressOfEntryPoint,-0.0004701214702453865
pearson,relocations,BaseOfCode,-0.001609689696926833
pearson,relocations,BaseOfData,-0.0009027847508122236
pearson,relocations,ImageBase,-0.0011283965983959255
pearson,relocations,SectionAlignment,-0.029158588153476564
pearson,relocations,FileAlignment,-0.011545581357002576
pearson,relocations,OperatingSystemVersion,-0.0035147876817244817
pearson,relocations,ImageVersion,-0.0005154349022652518
pearson,relocations,SizeOfImage,-0.0024421243362076025
pearson,relocations,SizeOfHeaders,0.0073089728471642116
pearson,relocations,Checksum,-0.0024130561836637494
pearson,relocations,SizeofStackReserve,-0.0032172745174294634
pearson,relocations,SizeofStackCommit,-0.0013280956379645072
pearson,relocations,SizeofHeapCommit,-0.00035687669056529077
pearson,relocations,SizeofHeapReserve,-0.0021912396108075952
pearson,relocations,LoaderFlags,-0.0007115136210815845
pearson,relocations,text_VirtualSize,0.011671515952375654
pearson,relocations,text_VirtualAddress,-0.0021595236838426258
pearson,relocations,text_SizeOfRawData,0.01409418854983006
pearson,relocations,text_PointerToRawData,-0.002732010379521265
pearson,relocations,text_PointerToRelocations,-0.002363607357344603
pearson,relocations,text_PointerToLineNumbers,-0.000957136775339278
pearson,relocations,rdata_VirtualSize,0.001069406555018061
pearson,relocations,rdata_VirtualAddress,0.0045255925079124276
pearson,relocations,rdata_SizeOfRawData,0.002343248590500478
pearson,relocations,rdata_PointerToRawData,0.020397433507609978
pearson,relocations,rdata_PointerToRelocations,-0.000688636249204631
pearson,relocations,rdata_PointerToLineNumbers,-0.0005151057695406843
pearson,relocations,registry_read,0.0002635133215798784
pearson,relocations,registry_write,-0.003427199563563513
pearson,relocations,registry_delete,-0.0010938948443844328
pearson,relocations,registry_total,-2.371753237573098e-05
pearson,relocations,network_threats,
pearson,relocations,network_dns,0.046937663707505815
pearson,relocations,network_http,-0.0034196709107866363
pearson,relocations,network_connections,-0.0005964760481971033
pearson,relocations,processes_malicious,-0.0035612729584704053
pearson,relocations,processes_suspicious,-0.003564846077931464
pearson,relocations,processes_monitored,-4.885362629989301e-05
pearson,relocations,total_procsses,0.004758074438732054
pearson,relocations,files_malicious,-0.007420727275207709
pearson,relocations,files_suspicious,-0.005338620653038452
pearson,relocations,files_text,-0.001635178427194828
pearson,relocations,files_unknown,-0.005016921284322713
pearson,relocations,dlls_calls,-0.012825784319194379
pearson,relocations,apis,-0.013857185937339724
pearson,size_of_header,EntryPoint,
pearson,size_of_header,bytes_on_last_page,
pearson,size_of_header,pages_in_file,
pearson,size_of_header,relocations,
pearson,size_of_header,size_of_header,
pearson,size_of_header,min_extra_paragraphs,0.7095806364541525
pearson,size_of_header,max_extra_paragraphs,-0.1597974547355305
pearson,size_of_header,init_ss_value,0.6452719876182211
pearson,size_of_header,init_sp_value,0.620092840864045
pearson,size_of_header,init_ip_value,0.6675005342805008
pearson,size_of_header,init_cs_value,0.7434704352936115
pearson,size_of_header,over_lay_number,0.538103958487947
pearson,size_of_header,oem_identifier,0.32569045683762476
pearson,size_of_header,address_of_ne_header,0.03800956131647995
pearson,size_of_header,SizeOfCode,0.015754775263502493
pearson,size_of_header,SizeOfInitializedData,0.008937575223447451
pearson,size_of_header,SizeOfUninitializedData,-0.0009630650804065883
pearson,size_of_header,AddressOfEntryPoint,-0.001110789076709068
pearson,size_of_header,BaseOfCode,-0.0015821993234745656
pearson,size_of_header,BaseOfData,-0.0007762117089354233
pearson,size_of_header,ImageBase,-0.0010994823995797215
pearson,size_of_header,SectionAlignment,-0.02839310765028996
pearson,size_of_header,FileAlignment,0.007621060901515928
pearson,size_of_header,OperatingSystemVersion,0.0019614429105502653
pearson,size_of_header,ImageVersion,-0.0005031179169622949
pearson,size_of_header,SizeOfImage,-0.004214704172597267
pearson,size_of_header,SizeOfHeaders,0.01448793391792681
pearson,size_of_header,Checksum,-0.0024070870481636953
pearson,size_of_header,SizeofStackReserve,0.009275594806094087
pearson,size_of_header,SizeofStackCommit,-0.0013453063558945017
pearson,size_of_header,SizeofHeapCommit,-0.00033422714899572145
pearson,size_of_header,SizeofHeapReserve,-0.002053493260173152
pearson,size_of_header,LoaderFlags,-0.0006940836641084064
pearson,size_of_header,text_VirtualSize,0.015316215686195867
pearson,size_of_header,text_VirtualAddress,-0.0023330042621027562
pearson,size_of_header,text_SizeOfRawData,0.017086579071790835
pearson,size_of_header,text_PointerToRawData,-0.002266311843877861
pearson,size_of_header,text_PointerToRelocations,-0.0023057060420087496
pearson,size_of_header,text_PointerToLineNumbers,-0.0009336897852644464
pearson,size_of_header,rdata_VirtualSize,0.0028589808191016274
pearson,size_of_header,rdata_VirtualAddress,0.0033030737219388456
pearson,size_of_header,rdata_SizeOfRawData,0.004014077075671544
pearson,size_of_header,rdata_PointerToRawData,0.020733572275593824
pearson,size_of_header,rdata_PointerToRelocations,-0.0006717667194610402
pearson,size_of_header,rdata_PointerToLineNumbers,-0.0005024872178591595
pearson,size_of_header,registry_read,-0.0012328868529042079
pearson,size_of_header,registry_write,-0.0035956762638575277
pearson,size_of_header,registry_delete,-0.0011049518213208313
pearson,size_of_header,registry_total,-0.0014960359274297126
pearson,size_of_header,network_threats,
pearson,size_of_header,network_dns,0.03510028253916082
pearson,size_of_header,network_http,-0.0039452186769309795
pearson,size_of_header,network_connections,-0.000981051297037195
pearson,size_of_header,processes_malicious,-0.0038157659577730146
pearson,size_of_header,processes_suspicious,-0.003637562277519045
pearson,size_of_header,processes_monitored,-0.001606293556788169
pearson,size_of_header,total_procsses,0.0027787096399319216
pearson,size_of_header,files_malicious,-0.009258833105355739
pearson,size_of_header,files_suspicious,-0.005232186715513676
pearson,size_of_header,files_text,-0.0057949671086066235
pearson,size_of_header,files_unknown,-0.0049341729337380414
pearson,size_of_header,dlls_calls,-0.015440313760140555
pearson,size_of_header,apis,-0.006454097888309447
pearson,min_extra_paragraphs,EntryPoint,
pearson,min_extra_paragraphs,bytes_on_last_page,
pearson,min_extra_paragraphs,pages_in_file,
pearson,min_extra_paragraphs,relocations,
pearson,min_extra_paragraphs,size_of_header,
pearson,min_extra_paragraphs,min_extra_paragraphs,
pearson,min_extra_paragraphs,max_extra_paragraphs,-0.20857442342448138
pearson,min_extra_paragraphs,init_ss_value,0.7819684314249502
pearson,min_extra_paragraphs,init_sp_value,0.62835642318663
pearson,min_extra_paragraphs,init_ip_value,0.8066225518456596
pearson,min_extra_paragraphs,init_cs_value,0.8216768719311953
pearson,min_extra_paragraphs,over_lay_number,0.6843510153309162
pearson,min_extra_paragraphs,oem_identifier,0.3184468298144644
pearson,min_extra_paragraphs,address_of_ne_header,0.047991419240376
pearson,min_extra_paragraphs,SizeOfCode,0.019269330997008886
pearson,min_extra_paragraphs,SizeOfInitializedData,0.011365775848076794
pearson,min_extra_paragraphs,SizeOfUninitializedData,-0.001020025652930269
pearson,min_extra_paragraphs,AddressOfEntryPoint,-0.0013006150861869523
pearson,min_extra_paragraphs,BaseOfCode,-0.0016703587506246638
pearson,min_extra_paragraphs,BaseOfData,-0.0010844048700392594
pearson,min_extra_paragraphs,ImageBase,-0.001168378991151804
pearson,min_extra_paragraphs,SectionAlignment,-0.030173712819273817
pearson,min_extra_paragraphs,FileAlignment,-0.0038641276010112037
pearson,min_extra_paragraphs,OperatingSystemVersion,0.00993234614814492
pearson,min_extra_paragraphs,ImageVersion,-0.0005344607382260425
pearson,min_extra_paragraphs,SizeOfImage,-0.005386047736241681
pearson,min_extra_paragraphs,SizeOfHeaders,0.0011653887025908668
pearson,min_extra_paragraphs,Checksum,-0.0026098614308401147
pearson,min_extra_paragraphs,SizeofStackReserve,-0.005952676691245078
pearson,min_extra_paragraphs,SizeofStackCommit,-0.0014415539272504962
pearson,min_extra_paragraphs,SizeofHeapCommit,-0.0003693688737116303
pearson,min_extra_paragraphs,SizeofHeapReserve,-0.002287337538201354
pearson,min_extra_paragraphs,LoaderFlags,-0.0007012627339404599
pearson,min_extra_paragraphs,text_VirtualSize,0.0012880881887647807
pearson,min_extra_paragraphs,text_VirtualAddress,-0.002374312001862126
pearson,min_extra_paragraphs,text_SizeOfRawData,0.0027732667149492013
pearson,min_extra_paragraphs,text_PointerToRawData,-0.002205813124718637
pearson,min_extra_paragraphs,text_PointerToRelocations,-0.0024279470915761618
pearson,min_extra_paragraphs,text_PointerToLineNumbers,-0.0009362649154011283
pearson,min_extra_paragraphs,rdata_VirtualSize,0.0013555578436932295
pearson,min_extra_paragraphs,rdata_VirtualAddress,0.0008470972140107596
pearson,min_extra_paragraphs,rdata_SizeOfRawData,-0.0008795083162038485
pearson,min_extra_paragraphs,rdata_PointerToRawData,0.008339586594609767
pearson,min_extra_paragraphs,rdata_PointerToRelocations,-0.0006886118630871029
pearson,min_extra_paragraphs,rdata_PointerToLineNumbers,-0.0005320031008504536
pearson,min_extra_paragraphs,registry_read,-0.0008151738895846109
pearson,min_extra_paragraphs,registry_write,-0.0036832289056045945
pearson,min_extra_paragraphs,registry_delete,-0.00116252108743841
pearson,min_extra_paragraphs,registry_total,-0.0010940441509003937
pearson,min_extra_paragraphs,network_threats,
pearson,min_extra_paragraphs,network_dns,0.038068210348497056
pearson,min_extra_paragraphs,network_http,-0.003446260120029536
pearson,min_extra_paragraphs,network_connections,-0.00102111325467992
pearson,min_extra_paragraphs,processes_malicious,-0.0035584523047079886
pearson,min_extra_paragraphs,processes_suspicious,-0.0041352035873760875
pearson,min_extra_paragraphs,processes_monitored,-0.0012770827844985014
pearson,min_extra_paragraphs,total_procsses,0.005563200007306202
pearson,min_extra_paragraphs,files_malicious,-0.008385883987102338
pearson,min_extra_paragraphs,files_suspicious,-0.004652551919793519
pearson,min_extra_paragraphs,files_text,-0.0031627459214558238
pearson,min_extra_paragraphs,files_unknown,-0.005093037050211645
pearson,min_extra_paragraphs,dlls_calls,-0.02095116470582856
pearson,min_extra_paragraphs,apis,-0.015971089215963085
pearson,max_extra_paragraphs,EntryPoint,
pearson,max_extra_paragraphs,bytes_on_last_page,
pearson,max_extra_paragraphs,pages_in_file,
pearson,max_extra_paragraphs,relocations,
pearson,max_extra_paragraphs,size_of_header,
pearson,max_extra_paragraphs,min_extra_paragraphs,
pearson,max_extra_paragraphs,max_extra_paragraphs,
pearson,max_extra_paragraphs,init_ss_value,-0.17889698076785315
pearson,max_extra_paragraphs,init_sp_value,-0.1435048183341781
pearson,max_extra_paragraphs,init_ip_value,-0.19419302271747052
pearson,max_extra_paragraphs,init_cs_value,-0.1897755952835873
pearson,max_extra_paragraphs,over_lay_number,-0.16011500256718497
pearson,max_extra_paragraphs,oem_identifier,-0.06185098791935435
pearson,max_extra_paragraphs,address_of_ne_header,0.3187688900103557
pearson,max_extra_paragraphs,SizeOfCode,-0.011756569046161135
pearson,max_extra_paragraphs,SizeOfInitializedData,-0.003291188438870659
pearson,max_extra_paragraphs,SizeOfUninitializedData,0.0027297260684903566
pearson,max_extra_paragraphs,AddressOfEntryPoint,0.004181089903621602
pearson,max_extra_paragraphs,BaseOfCode,0.004297931327125501
pearson,max_extra_paragraphs,BaseOfData,0.004354464234241674
pearson,max_extra_paragraphs,ImageBase,0.0031973609236592092
pearson,max_extra_paragraphs,SectionAlignment,0.29485860175624545
pearson,max_extra_paragraphs,FileAlignment,0.10170977349631351
pearson,max_extra_paragraphs,OperatingSystemVersion,0.46705775182514375
pearson,max_extra_paragraphs,ImageVersion,0.0014732697893563127
pearson,max_extra_paragraphs,SizeOfImage,0.020460143043722536
pearson,max_extra_paragraphs,SizeOfHeaders,0.11391467960093159
pearson,max_extra_paragraphs,Checksum,0.0014302548827793313
pearson,max_extra_paragraphs,SizeofStackReserve,0.08605557647458377
pearson,max_extra_paragraphs,SizeofStackCommit,0.005546917502712101
pearson,max_extra_paragraphs,SizeofHeapCommit,0.055182170973918476
pearson,max_extra_paragraphs,SizeofHeapReserve,0.3316670816239828
pearson,max_extra_paragraphs,LoaderFlags,0.0020327567206311703
pearson,max_extra_paragraphs,text_VirtualSize,-0.007966855248169603
pearson,max_extra_paragraphs,text_VirtualAddress,0.00533920891044344
pearson,max_extra_paragraphs,text_SizeOfRawData,-0.006778616033479265
pearson,max_extra_paragraphs,text_PointerToRawData,-0.006346888801163185
pearson,max_extra_paragraphs,text_PointerToRelocations,0.0067527009999778665
pearson,max_extra_paragraphs,text_PointerToLineNumbers,-0.0028181452101893895
pearson,max_extra_paragraphs,rdata_VirtualSize,-0.008555287858512622
pearson,max_extra_paragraphs,rdata_VirtualAddress,-0.002968894324330908
pearson,max_extra_paragraphs,rdata_SizeOfRawData,-0.01234365610019643
pearson,max_extra_paragraphs,rdata_PointerToRawData,-0.02342750620516367
pearson,max_extra_paragraphs,rdata_PointerToRelocations,0.001967397281183474
pearson,max_extra_paragraphs,rdata_PointerToLineNumbers,0.0014716298941374992
pearson,max_extra_paragraphs,registry_read,0.009036368609847122
pearson,max_extra_paragraphs,registry_write,0.01031231123338307
pearson,max_extra_paragraphs,registry_delete,0.0029855461135526156
pearson,max_extra_paragraphs,registry_total,0.009861515703781541
pearson,max_extra_paragraphs,network_threats,
pearson,max_extra_paragraphs,network_dns,0.0006153468427163789
pearson,max_extra_paragraphs,network_http,0.012315660740992138
pearson,max_extra_paragraphs,network_connections,0.005788026069910986
pearson,max_extra_paragraphs,processes_malicious,0.0031726524116221047
pearson,max_extra_paragraphs,processes_suspicious,0.01138371535158181
pearson,max_extra_paragraphs,processes_monitored,0.014263762208351662
pearson,max_extra_paragraphs,total_procsses,0.019839446827037022
pearson,max_extra_paragraphs,files_malicious,0.025236658491128605
pearson,max_extra_paragraphs,files_suspicious,0.021657089798569198
pearson,max_extra_paragraphs,files_text,0.024275042392165908
pearson,max_extra_paragraphs,files_unknown,0.016142777257229592
pearson,max_extra_paragraphs,dlls_calls,0.08016017773922969
pearson,max_extra_paragraphs,apis,0.053495126068682675
pearson,init_ss_value,EntryPoint,
pearson,init_ss_value,bytes_on_last_page,
pearson,init_ss_value,pages_in_file,
pearson,init_ss_value,relocations,
pearson,init_ss_value,size_of_header,
pearson,init_ss_value,min_extra_paragraphs,
pearson,init_ss_value,max_extra_paragraphs,
pearson,init_ss_value,init_ss_value,
pearson,init_ss_value,init_sp_value,0.6914450170298962
pearson,init_ss_value,init_ip_value,0.66612126391025
pearson,init_ss_value,init_cs_value,0.734646346855039
pearson,init_ss_value,over_lay_number,0.7403430543381776
pearson,init_ss_value,oem_identifier,0.31611225446620306
pearson,init_ss_value,address_of_ne_header,0.05900029320255425
pearson,init_ss_value,SizeOfCode,-0.0007591079617360493
pearson,init_ss_value,SizeOfInitializedData,-0.0020007856548812514
pearson,init_ss_value,SizeOfUninitializedData,-0.0009943112767074951
pearson,init_ss_value,AddressOfEntryPoint,-0.001199071505238409
pearson,init_ss_value,BaseOfCode,-0.0016300314160781076
pearson,init_ss_value,BaseOfData,-0.0009044599475304797
pearson,init_ss_value,ImageBase,-0.0011375943680127026
pearson,init_ss_value,SectionAlignment,-0.029395290282364303
pearson,init_ss_value,FileAlignment,-0.01344127774299852
pearson,init_ss_value,OperatingSystemVersion,0.010631765577732965
pearson,init_ss_value,ImageVersion,-0.0005208516521131738
pearson,init_ss_value,SizeOfImage,-0.006239088010841582
pearson,init_ss_value,SizeOfHeaders,-0.015365842640021938
pearson,init_ss_value,Checksum,-0.0025571198845892916
pearson,init_ss_value,SizeofStackReserve,-0.006496286550662042
pearson,init_ss_value,SizeofStackCommit,-0.0013299236346941941
pearson,init_ss_value,SizeofHeapCommit,-0.0003597737263189647
pearson,init_ss_value,SizeofHeapReserve,-0.002209027546151096
pearson,init_ss_value,LoaderFlags,-0.0007172895107767863
pearson,init_ss_value,text_VirtualSize,0.004862357936253646
pearson,init_ss_value,text_VirtualAddress,-0.0020164064744079718
pearson,init_ss_value,text_SizeOfRawData,0.004427862565318905
pearson,init_ss_value,text_PointerToRawData,-0.0023214008135951044
pearson,init_ss_value,text_PointerToRelocations,-0.002382794530961956
pearson,init_ss_value,text_PointerToLineNumbers,-0.0009649065723941519
pearson,init_ss_value,rdata_VirtualSize,-0.0005350963966034262
pearson,init_ss_value,rdata_VirtualAddress,0.002033233970376302
pearson,init_ss_value,rdata_SizeOfRawData,-0.0030500254836459584
pearson,init_ss_value,rdata_PointerToRawData,0.010390761659162936
pearson,init_ss_value,rdata_PointerToRelocations,-0.0006942264261143596
pearson,init_ss_value,rdata_PointerToLineNumbers,-0.0005192872693996911
pearson,init_ss_value,registry_read,-0.00030931117516359445
pearson,init_ss_value,registry_write,-0.0035989144868379254
pearson,init_ss_value,registry_delete,-0.0011113350041025477
pearson,init_ss_value,registry_total,-0.0006051076694548171
pearson,init_ss_value,network_threats,
pearson,init_ss_value,network_dns,0.038440741622778295
pearson,init_ss_value,network_http,-0.00384647615910175
pearson,init_ss_value,network_connections,-0.0012842552013686028
pearson,init_ss_value,processes_malicious,-0.003289549652785114
pearson,init_ss_value,processes_suspicious,-0.003937958533103722
pearson,init_ss_value,processes_monitored,-0.00053207011392339
pearson,init_ss_value,total_procsses,0.005561165351951799
pearson,init_ss_value,files_malicious,-0.0077632302986934635
pearson,init_ss_value,files_suspicious,-0.004900618725157666
pearson,init_ss_value,files_text,0.0022843433308011355
pearson,init_ss_value,files_unknown,-0.005054540790838762
pearson,init_ss_value,dlls_calls,-0.01708341525160562
pearson,init_ss_value,apis,-0.0026658973078427157
pearson,init_sp_value,EntryPoint,
pearson,init_sp_value,bytes_on_last_page,
pearson,init_sp_value,pages_in_file,
pearson,init_sp_value,relocations,
pearson,init_sp_value,size_of_header,
pearson,init_sp_value,min_extra_paragraphs,
pearson,init_sp_value,max_extra_paragraphs,
pearson,init_sp_value,init_ss_value,
pearson,init_sp_value,init_sp_value,
pearson,init_sp_value,init_ip_value,0.632542631067701
pearson,init_sp_value,init_cs_value,0.6618488347898529
pearson,init_sp_value,over_lay_number,0.5953246701534778
pearson,init_sp_value,oem_identifier,0.35697246876150335
pearson,init_sp_value,address_of_ne_header,0.05253412409425731
pearson,init_sp_value,SizeOfCode,0.024529224297892744
pearson,init_sp_value,SizeOfInitializedData,0.014645796942648323
pearson,init_sp_value,SizeOfUninitializedData,-0.0009455457663715991
pearson,init_sp_value,AddressOfEntryPoint,-0.00024203897174104142
pearson,init_sp_value,BaseOfCode,-0.0015663760684008566
pearson,init_sp_value,BaseOfData,-0.00031555961849444493
pearson,init_sp_value,ImageBase,-0.0010743294056768408
pearson,init_sp_value,SectionAlignment,-0.02465754168020548
pearson,init_sp_value,FileAlignment,-0.005191742192093069
pearson,init_sp_value,OperatingSystemVersion,0.008560213346025481
pearson,init_sp_value,ImageVersion,-0.0004907425875615752
pearson,init_sp_value,SizeOfImage,-0.003505472222442493
pearson,init_sp_value,SizeOfHeaders,-0.009846489505453537
pearson,init_sp_value,Checksum,-0.0022470684002412634
pearson,init_sp_value,SizeofStackReserve,-0.002517603819758072
pearson,init_sp_value,SizeofStackCommit,-0.0012438420478577835
pearson,init_sp_value,SizeofHeapCommit,0.0003256379089320837
pearson,init_sp_value,SizeofHeapReserve,0.006982302244628187
pearson,init_sp_value,LoaderFlags,-0.00031083378017525605
pearson,init_sp_value,text_VirtualSize,0.01810994235945312
pearson,init_sp_value,text_VirtualAddress,-0.00172580212922688
pearson,init_sp_value,text_SizeOfRawData,0.019594782731258198
pearson,init_sp_value,text_PointerToRawData,-0.0018522842274830368
pearson,init_sp_value,text_PointerToRelocations,-0.0022490291549356685
pearson,init_sp_value,text_PointerToLineNumbers,-0.0009107386242939756
pearson,init_sp_value,rdata_VirtualSize,8.829196508940749e-05
pearson,init_sp_value,rdata_VirtualAddress,0.004962035393059465
pearson,init_sp_value,rdata_SizeOfRawData,0.0002674974672420585
pearson,init_sp_value,rdata_PointerToRawData,0.02445179776274663
pearson,init_sp_value,rdata_PointerToRelocations,-0.0006552539265010283
pearson,init_sp_value,rdata_PointerToLineNumbers,-0.0004901355083249092
pearson,init_sp_value,registry_read,-0.003539274947207854
pearson,init_sp_value,registry_write,-0.004034241951252879
pearson,init_sp_value,registry_delete,-0.0010680911507548847
pearson,init_sp_value,registry_total,-0.0038038344672199614
pearson,init_sp_value,network_threats,
pearson,init_sp_value,network_dns,0.00945487768773004
pearson,init_sp_value,network_http,-0.004078430651693446
pearson,init_sp_value,network_connections,-0.002166453375997373
pearson,init_sp_value,processes_malicious,-0.0034849251337489696
pearson,init_sp_value,processes_suspicious,-0.003504732035469369
pearson,init_sp_value,processes_monitored,-0.004137259972004054
pearson,init_sp_value,total_procsses,-0.0012031705796335525
pearson,init_sp_value,files_malicious,-0.00729444723154644
pearson,init_sp_value,files_suspicious,-0.0023293217688667815
pearson,init_sp_value,files_text,0.0028704587146490238
pearson,init_sp_value,files_unknown,-0.004758709483927727
pearson,init_sp_value,dlls_calls,-0.00934292108459648
pearson,init_sp_value,apis,-0.0067539555151204
pearson,init_ip_value,EntryPoint,
pearson,init_ip_value,bytes_on_last_page,
pearson,init_ip_value,pages_in_file,
pearson,init_ip_value,relocations,
pearson,init_ip_value,size_of_header,
pearson,init_ip_value,min_extra_paragraphs,
pearson,init_ip_value,max_extra_paragraphs,
pearson,init_ip_value,init_ss_value,
pearson,init_ip_value,init_sp_value,
pearson,init_ip_value,init_ip_value,
pearson,init_ip_value,init_cs_value,0.7738657982662773
pearson,init_ip_value,over_lay_number,0.6895637721962617
pearson,init_ip_value,oem_identifier,0.26684511970876706
pearson,init_ip_value,address_of_ne_header,0.025263076967649595
pearson,init_ip_value,SizeOfCode,-0.00028204424543544113
pearson,init_ip_value,SizeOfInitializedData,-0.0016743730907780214
pearson,init_ip_value,SizeOfUninitializedData,-0.0010121440526137985
pearson,init_ip_value,AddressOfEntryPoint,-0.0008703955854110929
pearson,init_ip_value,BaseOfCode,-0.0016424646320480623
pearson,init_ip_value,BaseOfData,-0.0008105221508429487
pearson,init_ip_value,ImageBase,-0.0011662879424895395
pearson,init_ip_value,SectionAlignment,-0.030128908157521665
pearson,init_ip_value,FileAlignment,-0.014455133463920234
pearson,init_ip_value,OperatingSystemVersion,0.0037618195830192397
pearson,init_ip_value,ImageVersion,-0.0005330696099406763
pearson,init_ip_value,SizeOfImage,-0.002524357902394513
pearson,init_ip_value,SizeOfHeaders,0.0053651027353651655
pearson,init_ip_value,Checksum,-0.002548428299236977
pearson,init_ip_value,SizeofStackReserve,-0.003309785304423445
pearson,init_ip_value,SizeofStackCommit,-0.0013930779916844598
pearson,init_ip_value,SizeofHeapCommit,-0.0003687525945017233
pearson,init_ip_value,SizeofHeapReserve,-0.002100371182179324
pearson,init_ip_value,LoaderFlags,-0.0007351908957168266
pearson,init_ip_value,text_VirtualSize,0.006557663510438727
pearson,init_ip_value,text_VirtualAddress,-0.002107840387543712
pearson,init_ip_value,text_SizeOfRawData,0.007370579562768642
pearson,init_ip_value,text_PointerToRawData,-0.001906938365990862
pearson,init_ip_value,text_PointerToRelocations,-0.0024422619029099532
pearson,init_ip_value,text_PointerToLineNumbers,-0.0009889877331027415
pearson,init_ip_value,rdata_VirtualSize,-0.0006897798049227966
pearson,init_ip_value,rdata_VirtualAddress,0.002905345513113056
pearson,init_ip_value,rdata_SizeOfRawData,-0.002752553052194922
pearson,init_ip_value,rdata_PointerToRawData,0.014583342383006483
pearson,init_ip_value,rdata_PointerToRelocations,-0.0007115522259520841
pearson,init_ip_value,rdata_PointerToLineNumbers,-0.00053224711499107
pearson,init_ip_value,registry_read,-0.004997988358369485
pearson,init_ip_value,registry_write,-0.004464569966153035
pearson,init_ip_value,registry_delete,-0.0012599029646675692
pearson,init_ip_value,registry_total,-0.005282350037783416
pearson,init_ip_value,network_threats,
pearson,init_ip_value,network_dns,0.003452551636355294
pearson,init_ip_value,network_http,-0.004252399532830928
pearson,init_ip_value,network_connections,-0.0018578034617949487
pearson,init_ip_value,processes_malicious,-0.004241549553463962
pearson,init_ip_value,processes_suspicious,-0.004158921484197831
pearson,init_ip_value,processes_monitored,-0.005885997853829599
pearson,init_ip_value,total_procsses,-0.0036437120746326337
pearson,init_ip_value,files_malicious,-0.009177347041397846
pearson,init_ip_value,files_suspicious,-0.005623255318556617
pearson,init_ip_value,files_text,-0.001820897404498755
pearson,init_ip_value,files_unknown,-0.005361332764395032
pearson,init_ip_value,dlls_calls,-0.02162701002729703
pearson,init_ip_value,apis,-0.01638186862859658
pearson,init_cs_value,EntryPoint,
pearson,init_cs_value,bytes_on_last_page,
pearson,init_cs_value,pages_in_file,
pearson,init_cs_value,relocations,
pearson,init_cs_value,size_of_header,
pearson,init_cs_value,min_extra_paragraphs,
pearson,init_cs_value,max_extra_paragraphs,
pearson,init_cs_value,init_ss_value,
pearson,init_cs_value,init_sp_value,
pearson,init_cs_value,init_ip_value,
pearson,init_cs_value,init_cs_value,
pearson,init_cs_value,over_lay_number,0.7518527869962824
pearson,init_cs_value,oem_identifier,0.31085438016756034
pearson,init_cs_value,address_of_ne_header,0.057081398692885664
pearson,init_cs_value,SizeOfCode,-0.000762789897679532
pearson,init_cs_value,SizeOfInitializedData,-0.0019804043964994416
pearson,init_cs_value,SizeOfUninitializedData,-0.0009848925440550604
pearson,init_cs_value,AddressOfEntryPoint,-0.0013159781854034474
pearson,init_cs_value,BaseOfCode,-0.0016142655706482241
pearson,init_cs_value,BaseOfData,-0.0009261387051578537
pearson,init_cs_value,ImageBase,-0.001127048457823833
pearson,init_cs_value,SectionAlignment,-0.029086517150305923
pearson,init_cs_value,FileAlignment,-0.005881816581705983
pearson,init_cs_value,OperatingSystemVersion,0.007923780026175543
pearson,init_cs_value,ImageVersion,-0.0005154499899279362
pearson,init_cs_value,SizeOfImage,-0.0054577026989185
pearson,init_cs_value,SizeOfHeaders,-0.0026719866308320796
pearson,init_cs_value,Checksum,-0.002500153371255788
pearson,init_cs_value,SizeofStackReserve,-0.005920360280348788
pearson,init_cs_value,SizeofStackCommit,-0.0013850017124549996
pearson,init_cs_value,SizeofHeapCommit,-0.00035634551567652014
pearson,init_cs_value,SizeofHeapReserve,-0.0021679946475731265
pearson,init_cs_value,LoaderFlags,-0.0007104546049605306
pearson,init_cs_value,text_VirtualSize,0.00986260516489439
pearson,init_cs_value,text_VirtualAddress,-0.002164161324226649
pearson,init_cs_value,text_SizeOfRawData,0.011888739101787558
pearson,init_cs_value,text_PointerToRawData,-0.0015441654052091313
pearson,init_cs_value,text_PointerToRelocations,-0.0023600893666539005
pearson,init_cs_value,text_PointerToLineNumbers,-0.0009557121739752222
pearson,init_cs_value,rdata_VirtualSize,0.0007220413412518425
pearson,init_cs_value,rdata_VirtualAddress,0.0021419424935607873
pearson,init_cs_value,rdata_SizeOfRawData,-0.0009836595605895492
pearson,init_cs_value,rdata_PointerToRawData,0.014778812823981824
pearson,init_cs_value,rdata_PointerToRelocations,-0.0006876112837396849
pearson,init_cs_value,rdata_PointerToLineNumbers,-0.0005143390866581269
pearson,init_cs_value,registry_read,-0.004887227463904558
pearson,init_cs_value,registry_write,-0.004286520661658386
pearson,init_cs_value,registry_delete,-0.0012377704464115343
pearson,init_cs_value,registry_total,-0.005158400864196749
pearson,init_cs_value,network_threats,
pearson,init_cs_value,network_dns,0.002916469927862721
pearson,init_cs_value,network_http,-0.003936826534676408
pearson,init_cs_value,network_connections,-0.0021325090120997542
pearson,init_cs_value,processes_malicious,-0.00408239840838946
pearson,init_cs_value,processes_suspicious,-0.003842447539536764
pearson,init_cs_value,processes_monitored,-0.005781782720023665
pearson,init_cs_value,total_procsses,-0.002537868946398888
pearson,init_cs_value,files_malicious,-0.008552508013169426
pearson,init_cs_value,files_suspicious,-0.005507368362947393
pearson,init_cs_value,files_text,-0.003065894303917939
pearson,init_cs_value,files_unknown,-0.005207393701850581
pearson,init_cs_value,dlls_calls,-0.01958898592736367
pearson,init_cs_value,apis,-0.010606550147617369
pearson,over_lay_number,EntryPoint,
pearson,over_lay_number,bytes_on_last_page,
pearson,over_lay_number,pages_in_file,
pearson,over_lay_number,relocations,
pearson,over_lay_number,size_of_header,
pearson,over_lay_number,min_extra_paragraphs,
pearson,over_lay_number,max_extra_paragraphs,
pearson,over_lay_number,init_ss_value,
pearson,over_lay_number,init_sp_value,
pearson,over_lay_number,init_ip_value,
pearson,over_lay_number,init_cs_value,
pearson,over_lay_number,over_lay_number,
pearson,over_lay_number,oem_identifier,0.2766141877847449
pearson,over_lay_number,address_of_ne_header,0.04277523692036215
pearson,over_lay_number,SizeOfCode,0.017355661538856978
pearson,over_lay_number,SizeOfInitializedData,0.010250875759055419
pearson,over_lay_number,SizeOfUninitializedData,-0.0009748620876795164
pearson,over_lay_number,AddressOfEntryPoint,-0.0011251836604996483
pearson,over_lay_number,BaseOfCode,-0.001611035609093831
pearson,over_lay_number,BaseOfData,-0.0009759746426889664
pearson,over_lay_number,ImageBase,-0.0011319431859501787
pearson,over_lay_number,SectionAlignment,0.014376071172041576
pearson,over_lay_number,FileAlignment,-0.012233629973316404
pearson,over_lay_number,OperatingSystemVersion,0.004507293817605041
pearson,over_lay_number,ImageVersion,-0.0005189539319656664
pearson,over_lay_number,SizeOfImage,-0.005730991551607852
pearson,over_lay_number,SizeOfHeaders,0.06104451241940858
pearson,over_lay_number,Checksum,-0.002443279659933324
pearson,over_lay_number,SizeofStackReserve,-0.0029924406733303714
pearson,over_lay_number,SizeofStackCommit,-0.0013723311539749078
pearson,over_lay_number,SizeofHeapCommit,-0.00035164431242341924
pearson,over_lay_number,SizeofHeapReserve,0.0029765700132183518
pearson,over_lay_number,LoaderFlags,-0.0007150967293202368
pearson,over_lay_number,text_VirtualSize,0.011680434839913389
pearson,over_lay_number,text_VirtualAddress,-0.0019920460425168064
pearson,over_lay_number,text_SizeOfRawData,0.012520565676199327
pearson,over_lay_number,text_PointerToRawData,-0.0026738390830090787
pearson,over_lay_number,text_PointerToRelocations,-0.0023434773011330582
pearson,over_lay_number,text_PointerToLineNumbers,-0.0008708735987485739
pearson,over_lay_number,rdata_VirtualSize,0.005955198264753186
pearson,over_lay_number,rdata_VirtualAddress,0.0030063791916088087
pearson,over_lay_number,rdata_SizeOfRawData,0.0057501567658924824
pearson,over_lay_number,rdata_PointerToRawData,0.015632084795085554
pearson,over_lay_number,rdata_PointerToRelocations,-0.0006515278733057495
pearson,over_lay_number,rdata_PointerToLineNumbers,-0.0005155054821975512
pearson,over_lay_number,registry_read,-0.004885757081609388
pearson,over_lay_number,registry_write,-0.00430011220215485
pearson,over_lay_number,registry_delete,-0.0012032161617911408
pearson,over_lay_number,registry_total,-0.005090829965242318
pearson,over_lay_number,network_threats,
pearson,over_lay_number,network_dns,-0.0005775099434894285
pearson,over_lay_number,network_http,-0.0038388510160860625
pearson,over_lay_number,network_connections,-0.002030157146685597
pearson,over_lay_number,processes_malicious,-0.003818357266008063
pearson,over_lay_number,processes_suspicious,-0.0038879097117096658
pearson,over_lay_number,processes_monitored,-0.005718929437824258
pearson,over_lay_number,total_procsses,-0.004794628063498784
pearson,over_lay_number,files_malicious,-0.007818723326787754
pearson,over_lay_number,files_suspicious,-0.001832271936873179
pearson,over_lay_number,files_text,0.003556286587112268
pearson,over_lay_number,files_unknown,-0.004957090067134542
pearson,over_lay_number,dlls_calls,-0.01872084984361943
pearson,over_lay_number,apis,-0.016887143428284297
pearson,oem_identifier,EntryPoint,
pearson,oem_identifier,bytes_on_last_page,
pearson,oem_identifier,pages_in_file,
pearson,oem_identifier,relocations,
pearson,oem_identifier,size_of_header,
pearson,oem_identifier,min_extra_paragraphs,
pearson,oem_identifier,max_extra_paragraphs,
pearson,oem_identifier,init_ss_value,
pearson,oem_identifier,init_sp_value,
pearson,oem_identifier,init_ip_value,
pearson,oem_identifier,init_cs_value,
pearson,oem_identifier,over_lay_number,
pearson,oem_identifier,oem_identifier,
pearson,oem_identifier,address_of_ne_header,-0.07822079114424386
pearson,oem_identifier,SizeOfCode,-0.00045704334570698997
pearson,oem_identifier,SizeOfInitializedData,-0.002442516124558393
pearson,oem_identifier,SizeOfUninitializedData,-0.0014811455855599331
pearson,oem_identifier,AddressOfEntryPoint,0.0013142574988069464
pearson,oem_identifier,BaseOfCode,-0.0023890445659130555
pearson,oem_identifier,BaseOfData,-0.0012264605476497352
pearson,oem_identifier,ImageBase,-0.0017949657423096794
pearson,oem_identifier,SectionAlignment,0.008846016869089122
pearson,oem_identifier,FileAlignment,-0.019850480783320745
pearson,oem_identifier,OperatingSystemVersion,-0.010958373260398387
pearson,oem_identifier,ImageVersion,-0.0008193977069207548
pearson,oem_identifier,SizeOfImage,-0.001959984537701244
pearson,oem_identifier,SizeOfHeaders,0.009978707223964408
pearson,oem_identifier,Checksum,-0.0038372650696832673
pearson,oem_identifier,SizeofStackReserve,0.008356283058697364
pearson,oem_identifier,SizeofStackCommit,0.0019524622151578202
pearson,oem_identifier,SizeofHeapCommit,0.000719332124708622
pearson,oem_identifier,SizeofHeapReserve,-0.003459826300284623
pearson,oem_identifier,LoaderFlags,-0.0011349306836925307
pearson,oem_identifier,text_VirtualSize,0.008749794633550202
pearson,oem_identifier,text_VirtualAddress,-0.0036358557119387735
pearson,oem_identifier,text_SizeOfRawData,0.009307936473266675
pearson,oem_identifier,text_PointerToRawData,-0.004237610706015806
pearson,oem_identifier,text_PointerToRelocations,-0.0037701745048451473
pearson,oem_identifier,text_PointerToLineNumbers,-0.0015267225568665903
pearson,oem_identifier,rdata_VirtualSize,0.0033658215055683183
pearson,oem_identifier,rdata_VirtualAddress,0.0011218510511862712
pearson,oem_identifier,rdata_SizeOfRawData,0.005090015459357935
pearson,oem_identifier,rdata_PointerToRawData,0.009989644207180725
pearson,oem_identifier,rdata_PointerToRelocations,-0.0010984391387156129
pearson,oem_identifier,rdata_PointerToLineNumbers,-0.0008216418152474846
pearson,oem_identifier,registry_read,-0.007382589854100506
pearson,oem_identifier,registry_write,-0.0033198022503938694
pearson,oem_identifier,registry_delete,-0.0005799496389601476
pearson,oem_identifier,registry_total,-0.007540468185491794
pearson,oem_identifier,network_threats,
pearson,oem_identifier,network_dns,-0.0066811089837071165
pearson,oem_identifier,network_http,-0.006714446862834774
pearson,oem_identifier,network_connections,-0.004055114693667904
pearson,oem_identifier,processes_malicious,-0.006201344804788836
pearson,oem_identifier,processes_suspicious,-0.005989376029760204
pearson,oem_identifier,processes_monitored,-0.008313529347482156
pearson,oem_identifier,total_procsses,-0.007438246114682487
pearson,oem_identifier,files_malicious,-0.011378797418764141
pearson,oem_identifier,files_suspicious,-0.011669378470305332
pearson,oem_identifier,files_text,-0.00982408927468344
pearson,oem_identifier,files_unknown,-0.008839561570577989
pearson,oem_identifier,dlls_calls,0.022920216074847306
pearson,oem_identifier,apis,-0.035297854985137024
pearson,address_of_ne_header,EntryPoint,
pearson,address_of_ne_header,bytes_on_last_page,
pearson,address_of_ne_header,pages_in_file,
pearson,address_of_ne_header,relocations,
pearson,address_of_ne_header,size_of_header,
pearson,address_of_ne_header,min_extra_paragraphs,
pearson,address_of_ne_header,max_extra_paragraphs,
pearson,address_of_ne_header,init_ss_value,
pearson,address_of_ne_header,init_sp_value,
pearson,address_of_ne_header,init_ip_value,
pearson,address_of_ne_header,init_cs_value,
pearson,address_of_ne_header,over_lay_number,
pearson,address_of_ne_header,oem_identifier,
pearson,address_of_ne_header,address_of_ne_header,
pearson,address_of_ne_header,SizeOfCode,-0.012766834668565619
pearson,address_of_ne_header,SizeOfInitializedData,0.02848655465602866
pearson,address_of_ne_header,SizeOfUninitializedData,0.004085218800807026
pearson,address_of_ne_header,AddressOfEntryPoint,-0.003097555927456959
pearson,address_of_ne_header,BaseOfCode,0.0011135472113380448
pearson,address_of_ne_header,BaseOfData,-0.0017344367054587613
pearson,address_of_ne_header,ImageBase,0.0022725052524399333
pearson,address_of_ne_header,SectionAlignment,-0.33037390961695295
pearson,address_of_ne_header,FileAlignment,0.13714263820526382
pearson,address_of_ne_header,OperatingSystemVersion,0.4720359511718175
pearson,address_of_ne_header,ImageVersion,0.0008532194322626992
pearson,address_of_ne_header,SizeOfImage,0.0556790988628583
pearson,address_of_ne_header,SizeOfHeaders,0.2380091215815979
pearson,address_of_ne_header,Checksum,0.0262241534041621
pearson,address_of_ne_header,SizeofStackReserve,0.0007305390209117126
pearson,address_of_ne_header,SizeofStackCommit,0.009430496957545541
pearson,address_of_ne_header,SizeofHeapCommit,0.03089848066196348
pearson,address_of_ne_header,SizeofHeapReserve,0.1723629953644508
pearson,address_of_ne_header,LoaderFlags,-0.0007819936326302108
pearson,address_of_ne_header,text_VirtualSize,0.024053011617338554
pearson,address_of_ne_header,text_VirtualAddress,0.018885379110079422
pearson,address_of_ne_header,text_SizeOfRawData,0.024994825619364586
pearson,address_of_ne_header,text_PointerToRawData,-0.010606050977134482
pearson,address_of_ne_header,text_PointerToRelocations,0.012191806543455077
pearson,address_of_ne_header,text_PointerToLineNumbers,0.013473821218504652
pearson,address_of_ne_header,rdata_VirtualSize,0.01350256079017521
pearson,address_of_ne_header,rdata_VirtualAddress,0.008970424548749297
pearson,address_of_ne_header,rdata_SizeOfRawData,0.017366274818231393
pearson,address_of_ne_header,rdata_PointerToRawData,0.09245000192377771
pearson,address_of_ne_header,rdata_PointerToRelocations,0.024879316917189174
pearson,address_of_ne_header,rdata_PointerToLineNumbers,0.00816461507188435
pearson,address_of_ne_header,registry_read,0.009389519119191742
pearson,address_of_ne_header,registry_write,-0.002746098186620534
pearson,address_of_ne_header,registry_delete,-0.0049299806363691
pearson,address_of_ne_header,registry_total,0.010167684408519244
pearson,address_of_ne_header,network_threats,
pearson,address_of_ne_header,network_dns,0.042476913165986376
pearson,address_of_ne_header,network_http,0.016273454457193606
pearson,address_of_ne_header,network_connections,-0.004163568662197451
pearson,address_of_ne_header,processes_malicious,-0.005695222187363642
pearson,address_of_ne_header,processes_suspicious,0.0033589170929766354
pearson,address_of_ne_header,processes_monitored,0.007979629983617854
pearson,address_of_ne_header,total_procsses,0.009274469003953087
pearson,address_of_ne_header,files_malicious,0.044451905531494945
pearson,address_of_ne_header,files_suspicious,0.03816766788709959
pearson,address_of_ne_header,files_text,0.0379644808925414
pearson,address_of_ne_header,files_unknown,0.035636774778342234
pearson,address_of_ne_header,dlls_calls,0.35640697141343614
pearson,address_of_ne_header,apis,0.3177270266835835
pearson,SizeOfCode,EntryPoint,
pearson,SizeOfCode,bytes_on_last_page,
pearson,SizeOfCode,pages_in_file,
pearson,SizeOfCode,relocations,
pearson,SizeOfCode,size_of_header,
pearson,SizeOfCode,min_extra_paragraphs,
pearson,SizeOfCode,max_extra_paragraphs,
pearson,SizeOfCode,init_ss_value,
pearson,SizeOfCode,init_sp_value,
pearson,SizeOfCode,init_ip_value,
pearson,SizeOfCode,init_cs_value,
pearson,SizeOfCode,over_lay_number,
pearson,SizeOfCode,oem_identifier,
pearson,SizeOfCode,address_of_ne_header,
pearson,SizeOfCode,SizeOfCode,
pearson,SizeOfCode,SizeOfInitializedData,0.12186109961483625
pearson,SizeOfCode,SizeOfUninitializedData,-0.00023915431805802693
pearson,SizeOfCode,AddressOfEntryPoint,0.0007513799449764048
pearson,SizeOfCode,BaseOfCode,0.1761880508858622
pearson,SizeOfCode,BaseOfData,0.8875017235879398
pearson,SizeOfCode,ImageBase,-0.00019210800399433562
pearson,SizeOfCode,SectionAlignment,-0.003805882014100589
pearson,SizeOfCode,FileAlignment,-0.004283102935207325
pearson,SizeOfCode,OperatingSystemVersion,-0.0042304953559828265
pearson,SizeOfCode,ImageVersion,-0.00019635884323351708
pearson,SizeOfCode,SizeOfImage,0.006065339174190835
pearson,SizeOfCode,SizeOfHeaders,0.014124243130118976
pearson,SizeOfCode,Checksum,-0.00039145941424046727
pearson,SizeOfCode,SizeofStackReserve,0.001484876369741502
pearson,SizeOfCode,SizeofStackCommit,-0.0004061314115856006
pearson,SizeOfCode,SizeofHeapCommit,0.00010710576766869827
pearson,SizeOfCode,SizeofHeapReserve,0.0001705605278027249
pearson,SizeOfCode,LoaderFlags,-0.0001962117061645439
pearson,SizeOfCode,text_VirtualSize,0.025584628834824666
pearson,SizeOfCode,text_VirtualAddress,-0.0002727047009708685
pearson,SizeOfCode,text_SizeOfRawData,0.026566763035340144
pearson,SizeOfCode,text_PointerToRawData,0.0022558021587828084
pearson,SizeOfCode,text_PointerToRelocations,-0.0006129291192585053
pearson,SizeOfCode,text_PointerToLineNumbers,-0.000343437147123341
pearson,SizeOfCode,rdata_VirtualSize,0.005554913584354877
pearson,SizeOfCode,rdata_VirtualAddress,0.0037013358729834434
pearson,SizeOfCode,rdata_SizeOfRawData,0.006373541752044336
pearson,SizeOfCode,rdata_PointerToRawData,0.01710256300030971
pearson,SizeOfCode,rdata_PointerToRelocations,-0.0003092370784212699
pearson,SizeOfCode,rdata_PointerToLineNumbers,-0.00023080981482098304
pearson,SizeOfCode,registry_read,-0.001765269591731504
pearson,SizeOfCode,registry_write,-0.0015022023757104957
pearson,SizeOfCode,registry_delete,-0.0004777206676886597
pearson,SizeOfCode,registry_total,-0.0017816755217197433
pearson,SizeOfCode,network_threats,
pearson,SizeOfCode,network_dns,-0.0021854878579943265
pearson,SizeOfCode,network_http,-0.0010076509126828756
pearson,SizeOfCode,network_connections,-0.0009092413544015379
pearson,SizeOfCode,processes_malicious,-0.0006060681649421894
pearson,SizeOfCode,processes_suspicious,-0.0010733172752487973
pearson,SizeOfCode,processes_monitored,0.0007861588955870078
pearson,SizeOfCode,total_procsses,0.00024388302543090523
pearson,SizeOfCode,files_malicious,-0.002656325853419293
pearson,SizeOfCode,files_suspicious,0.03620478662325347
pearson,SizeOfCode,files_text,0.09921694559388475
pearson,SizeOfCode,files_unknown,0.0059975788138608875
pearson,SizeOfCode,dlls_calls,0.008267875663269
pearson,SizeOfCode,apis,0.0092115327257532
pearson,SizeOfInitializedData,EntryPoint,
pearson,SizeOfInitializedData,bytes_on_last_page,
pearson,SizeOfInitializedData,pages_in_file,
pearson,SizeOfInitializedData,relocations,
pearson,SizeOfInitializedData,size_of_header,
pearson,SizeOfInitializedData,min_extra_paragraphs,
pearson,SizeOfInitializedData,max_extra_paragraphs,
pearson,SizeOfInitializedData,init_ss_value,
pearson,SizeOfInitializedData,init_sp_value,
pearson,SizeOfInitializedData,init_ip_value,
pearson,SizeOfInitializedData,init_cs_value,
pearson,SizeOfInitializedData,over_lay_number,
pearson,SizeOfInitializedData,oem_identifier,
pearson,SizeOfInitializedData,address_of_ne_header,
pearson,SizeOfInitializedData,SizeOfCode,
pearson,SizeOfInitializedData,SizeOfInitializedData,
pearson,SizeOfInitializedData,SizeOfUninitializedData,-0.0004598491683939729
pearson,SizeOfInitializedData,AddressOfEntryPoint,-0.0005788585375791349
pearson,SizeOfInitializedData,BaseOfCode,0.10670111944003359
pearson,SizeOfInitializedData,BaseOfData,0.031984887880404864
pearson,SizeOfInitializedData,ImageBase,-0.0006273855989485594
pearson,SizeOfInitializedData,SectionAlignment,-0.018820167363112112
pearson,SizeOfInitializedData,FileAlignment,-0.01003220982616429
pearson,SizeOfInitializedData,OperatingSystemVersion,0.007304507424972545
pearson,SizeOfInitializedData,ImageVersion,-0.00034786665161508373
pearson,SizeOfInitializedData,SizeOfImage,0.06352238917749087
pearson,SizeOfInitializedData,SizeOfHeaders,-0.005741484018888622
pearson,SizeOfInitializedData,Checksum,-0.0008983767505670127
pearson,SizeOfInitializedData,SizeofStackReserve,-0.0022570015239562536
pearson,SizeOfInitializedData,SizeofStackCommit,-0.0008175561685337693
pearson,SizeOfInitializedData,SizeofHeapCommit,-2.950769045094399e-05
pearson,SizeOfInitializedData,SizeofHeapReserve,-0.00023408778458922658
pearson,SizeOfInitializedData,LoaderFlags,-0.0004276388016897814
pearson,SizeOfInitializedData,text_VirtualSize,0.01402177944035051
pearson,SizeOfInitializedData,text_VirtualAddress,0.015709761732285523
pearson,SizeOfInitializedData,text_SizeOfRawData,0.015416664729223447
pearson,SizeOfInitializedData,text_PointerToRawData,0.0007983036591320198
pearson,SizeOfInitializedData,text_PointerToRelocations,-0.0008657765671365216
pearson,SizeOfInitializedData,text_PointerToLineNumbers,-0.00037688767655653715
pearson,SizeOfInitializedData,rdata_VirtualSize,0.011480411296590077
pearson,SizeOfInitializedData,rdata_VirtualAddress,0.003128503754844154
pearson,SizeOfInitializedData,rdata_SizeOfRawData,0.013266541126900058
pearson,SizeOfInitializedData,rdata_PointerToRawData,0.017194958975522836
pearson,SizeOfInitializedData,rdata_PointerToRelocations,0.000676078815183453
pearson,SizeOfInitializedData,rdata_PointerToLineNumbers,0.0009901927321929631
pearson,SizeOfInitializedData,registry_read,-0.00010809974034947347
pearson,SizeOfInitializedData,registry_write,-0.001631603704197388
pearson,SizeOfInitializedData,registry_delete,-0.0008236880348485511
pearson,SizeOfInitializedData,registry_total,0.000372035508749027
pearson,SizeOfInitializedData,network_threats,
pearson,SizeOfInitializedData,network_dns,-0.0013094277604562873
pearson,SizeOfInitializedData,network_http,0.006508044011777843
pearson,SizeOfInitializedData,network_connections,-0.0009361265958105859
pearson,SizeOfInitializedData,processes_malicious,-8.937889370046245e-05
pearson,SizeOfInitializedData,processes_suspicious,-0.0003862345007812041
pearson,SizeOfInitializedData,processes_monitored,0.002704098683104187
pearson,SizeOfInitializedData,total_procsses,0.002578534663321996
pearson,SizeOfInitializedData,files_malicious,0.0034152026304619396
pearson,SizeOfInitializedData,files_suspicious,-0.0030298223925144985
pearson,SizeOfInitializedData,files_text,-0.00024381832866911493
pearson,SizeOfInitializedData,files_unknown,-0.0012598721387855093
pearson,SizeOfInitializedData,dlls_calls,0.0348977290718514
pearson,SizeOfInitializedData,apis,0.01972163326451277
pearson,SizeOfUninitializedData,EntryPoint,
pearson,SizeOfUninitializedData,bytes_on_last_page,
pearson,SizeOfUninitializedData,pages_in_file,
pearson,SizeOfUninitializedData,relocations,
pearson,SizeOfUninitializedData,size_of_header,
pearson,SizeOfUninitializedData,min_extra_paragraphs,
pearson,SizeOfUninitializedData,max_extra_paragraphs,
pearson,SizeOfUninitializedData,init_ss_value,
pearson,SizeOfUninitializedData,init_sp_value,
pearson,SizeOfUninitializedData,init_ip_value,
pearson,SizeOfUninitializedData,init_cs_value,
pearson,SizeOfUninitializedData,over_lay_number,
pearson,SizeOfUninitializedData,oem_identifier,
pearson,SizeOfUninitializedData,address_of_ne_header,
pearson,SizeOfUninitializedData,SizeOfCode,
pearson,SizeOfUninitializedData,SizeOfInitializedData,
pearson,SizeOfUninitializedData,SizeOfUninitializedData,
pearson,SizeOfUninitializedData,AddressOfEntryPoint,0.0257831728008912
pearson,SizeOfUninitializedData,BaseOfCode,0.09239783998420822
pearson,SizeOfUninitializedData,BaseOfData,0.026773265666367452
pearson,SizeOfUninitializedData,ImageBase,-0.00031744161273287053
pearson,SizeOfUninitializedData,SectionAlignment,-0.008258940576649857
pearson,SizeOfUninitializedData,FileAlignment,0.013632751029356124
pearson,SizeOfUninitializedData,OperatingSystemVersion,0.007999046477023465
pearson,SizeOfUninitializedData,ImageVersion,-0.00014637496591126805
pearson,SizeOfUninitializedData,SizeOfImage,0.07408224631458266
pearson,SizeOfUninitializedData,SizeOfHeaders,0.019846700166000795
pearson,SizeOfUninitializedData,Checksum,-0.0005792566888216988
pearson,SizeOfUninitializedData,SizeofStackReserve,-0.0009303245459145549
pearson,SizeOfUninitializedData,SizeofStackCommit,-7.371215231795549e-05
pearson,SizeOfUninitializedData,SizeofHeapCommit,-9.361993110496165e-05
pearson,SizeOfUninitializedData,SizeofHeapReserve,-0.00023361261785325728
pearson,SizeOfUninitializedData,LoaderFlags,-0.00020201416051753897
pearson,SizeOfUninitializedData,text_VirtualSize,-0.0036751216748114116
pearson,SizeOfUninitializedData,text_VirtualAddress,-0.0005388439985467765
pearson,SizeOfUninitializedData,text_SizeOfRawData,-0.003759736960715352
pearson,SizeOfUninitializedData,text_PointerToRawData,0.00012449520324509566
pearson,SizeOfUninitializedData,text_PointerToRelocations,-0.0006697142743876647
pearson,SizeOfUninitializedData,text_PointerToLineNumbers,-0.0002717518642186305
pearson,SizeOfUninitializedData,rdata_VirtualSize,-0.0008218255314488002
pearson,SizeOfUninitializedData,rdata_VirtualAddress,0.00022033211251254234
pearson,SizeOfUninitializedData,rdata_SizeOfRawData,-0.0007603475638520945
pearson,SizeOfUninitializedData,rdata_PointerToRawData,0.0018300504753225066
pearson,SizeOfUninitializedData,rdata_PointerToRelocations,-0.00019551877808544467
pearson,SizeOfUninitializedData,rdata_PointerToLineNumbers,-0.000146249708408002
pearson,SizeOfUninitializedData,registry_read,0.00010476575109001366
pearson,SizeOfUninitializedData,registry_write,0.0026465395109389507
pearson,SizeOfUninitializedData,registry_delete,-0.00022017264335365326
pearson,SizeOfUninitializedData,registry_total,9.656033925915545e-05
pearson,SizeOfUninitializedData,network_threats,
pearson,SizeOfUninitializedData,network_dns,0.00012860697517132156
pearson,SizeOfUninitializedData,network_http,0.002484394153568543
pearson,SizeOfUninitializedData,network_connections,-0.0005546410574518826
pearson,SizeOfUninitializedData,processes_malicious,-8.900504053172071e-05
pearson,SizeOfUninitializedData,processes_suspicious,-0.0012404070111739023
pearson,SizeOfUninitializedData,processes_monitored,6.247410078621337e-05
pearson,SizeOfUninitializedData,total_procsses,0.005103320293259823
pearson,SizeOfUninitializedData,files_malicious,-0.002026613859007241
pearson,SizeOfUninitializedData,files_suspicious,-0.001840840052097144
pearson,SizeOfUninitializedData,files_text,-0.000323410198483128
pearson,SizeOfUninitializedData,files_unknown,-0.0015000838126736284
pearson,SizeOfUninitializedData,dlls_calls,0.002593581258045691
pearson,SizeOfUninitializedData,apis,-0.008265194094078696
pearson,AddressOfEntryPoint,EntryPoint,
pearson,AddressOfEntryPoint,bytes_on_last_page,
pearson,AddressOfEntryPoint,pages_in_file,
pearson,AddressOfEntryPoint,relocations,
pearson,AddressOfEntryPoint,size_of_header,
pearson,AddressOfEntryPoint,min_extra_paragraphs,
pearson,AddressOfEntryPoint,max_extra_paragraphs,
pearson,AddressOfEntryPoint,init_ss_value,
pearson,AddressOfEntryPoint,init_sp_value,
pearson,AddressOfEntryPoint,init_ip_value,
pearson,AddressOfEntryPoint,init_cs_value,
pearson,AddressOfEntryPoint,over_lay_number,
pearson,AddressOfEntryPoint,oem_identifier,
pearson,AddressOfEntryPoint,address_of_ne_header,
pearson,AddressOfEntryPoint,SizeOfCode,
pearson,AddressOfEntryPoint,SizeOfInitializedData,
pearson,AddressOfEntryPoint,SizeOfUninitializedData,
pearson,AddressOfEntryPoint,AddressOfEntryPoint,
pearson,AddressOfEntryPoint,BaseOfCode,0.10777217653503948
pearson,AddressOfEntryPoint,BaseOfData,0.03195945625651023
pearson,AddressOfEntryPoint,ImageBase,0.0003151233374939853
pearson,AddressOfEntryPoint,SectionAlignment,0.010387624518994963
pearson,AddressOfEntryPoint,FileAlignment,-0.009492456390957438
pearson,AddressOfEntryPoint,OperatingSystemVersion,0.009215721330993989
pearson,AddressOfEntryPoint,ImageVersion,-0.0003596201533784605
pearson,AddressOfEntryPoint,SizeOfImage,0.10644382871676425
pearson,AddressOfEntryPoint,SizeOfHeaders,0.01745199032458848
pearson,AddressOfEntryPoint,Checksum,-0.00010301595894667084
pearson,AddressOfEntryPoint,SizeofStackReserve,0.014828561670068668
pearson,AddressOfEntryPoint,SizeofStackCommit,-0.00029675918578249855
pearson,AddressOfEntryPoint,SizeofHeapCommit,0.0005442805287333642
pearson,AddressOfEntryPoint,SizeofHeapReserve,0.058685979012893554
pearson,AddressOfEntryPoint,LoaderFlags,-0.0004738521597278096
pearson,AddressOfEntryPoint,text_VirtualSize,0.02440193276762178
pearson,AddressOfEntryPoint,text_VirtualAddress,-0.00018400502726949265
pearson,AddressOfEntryPoint,text_SizeOfRawData,0.0218424923141924
pearson,AddressOfEntryPoint,text_PointerToRawData,0.004599475698106847
pearson,AddressOfEntryPoint,text_PointerToRelocations,-0.001486397821225458
pearson,AddressOfEntryPoint,text_PointerToLineNumbers,0.00022149437244847625
pearson,AddressOfEntryPoint,rdata_VirtualSize,0.006533586496120203
pearson,AddressOfEntryPoint,rdata_VirtualAddress,0.002689508936112091
pearson,AddressOfEntryPoint,rdata_SizeOfRawData,0.0030857313779997634
pearson,AddressOfEntryPoint,rdata_PointerToRawData,0.009651419824294374
pearson,AddressOfEntryPoint,rdata_PointerToRelocations,-0.00048310243312191074
pearson,AddressOfEntryPoint,rdata_PointerToLineNumbers,-0.00036118085624922106
pearson,AddressOfEntryPoint,registry_read,-0.0019524120792420044
pearson,AddressOfEntryPoint,registry_write,-0.0021605066673615887
pearson,AddressOfEntryPoint,registry_delete,-0.0007302487704484153
pearson,AddressOfEntryPoint,registry_total,-0.002076795326952866
pearson,AddressOfEntryPoint,network_threats,
pearson,AddressOfEntryPoint,network_dns,-0.003301562569382933
pearson,AddressOfEntryPoint,network_http,-0.001654290617522905
pearson,AddressOfEntryPoint,network_connections,-0.001532720241942234
pearson,AddressOfEntryPoint,processes_malicious,-0.00227987064855517
pearson,AddressOfEntryPoint,processes_suspicious,-0.002048560720096462
pearson,AddressOfEntryPoint,processes_monitored,-0.0027314741825266243
pearson,AddressOfEntryPoint,total_procsses,-0.003944355826111768
pearson,AddressOfEntryPoint,files_malicious,-0.0049760919050327816
pearson,AddressOfEntryPoint,files_suspicious,-0.004396643434090337
pearson,AddressOfEntryPoint,files_text,-0.0029582276567367877
pearson,AddressOfEntryPoint,files_unknown,-0.003590046652130983
pearson,AddressOfEntryPoint,dlls_calls,0.017295746672537575
pearson,AddressOfEntryPoint,apis,-0.011721744966991268
pearson,BaseOfCode,EntryPoint,
pearson,BaseOfCode,bytes_on_last_page,
pearson,BaseOfCode,pages_in_file,
pearson,BaseOfCode,relocations,
pearson,BaseOfCode,size_of_header,
pearson,BaseOfCode,min_extra_paragraphs,
pearson,BaseOfCode,max_extra_paragraphs,
pearson,BaseOfCode,init_ss_value,
pearson,BaseOfCode,init_sp_value,
pearson,BaseOfCode,init_ip_value,
pearson,BaseOfCode,init_cs_value,
pearson,BaseOfCode,over_lay_number,
pearson,BaseOfCode,oem_identifier,
pearson,BaseOfCode,address_of_ne_header,
pearson,BaseOfCode,SizeOfCode,
pearson,BaseOfCode,SizeOfInitializedData,
pearson,BaseOfCode,SizeOfUninitializedData,
pearson,BaseOfCode,AddressOfEntryPoint,
pearson,BaseOfCode,BaseOfCode,
pearson,BaseOfCode,BaseOfData,0.29306479348841585
pearson,BaseOfCode,ImageBase,-0.0005169133593917129
pearson,BaseOfCode,SectionAlignment,-0.012664090853066953
pearson,BaseOfCode,FileAlignment,-0.00835081591898959
pearson,BaseOfCode,OperatingSystemVersion,0.0006607335551248414
pearson,BaseOfCode,ImageVersion,-0.00024078497626179056
pearson,BaseOfCode,SizeOfImage,0.3120182932799165
pearson,BaseOfCode,SizeOfHeaders,0.03905579450799293
pearson,BaseOfCode,Checksum,-0.001232138154958291
pearson,BaseOfCode,SizeofStackReserve,0.00036213874346473663
pearson,BaseOfCode,SizeofStackCommit,0.0006927785076129235
pearson,BaseOfCode,SizeofHeapCommit,-0.00010272002719852999
pearson,BaseOfCode,SizeofHeapReserve,0.0005622122280026479
pearson,BaseOfCode,LoaderFlags,-0.0003334690015935413
pearson,BaseOfCode,text_VirtualSize,-0.00247805708471238
pearson,BaseOfCode,text_VirtualAddress,0.0010031147188508992
pearson,BaseOfCode,text_SizeOfRawData,-0.0030062048721455426
pearson,BaseOfCode,text_PointerToRawData,0.011078615122352658
pearson,BaseOfCode,text_PointerToRelocations,-0.0011077648582675352
pearson,BaseOfCode,text_PointerToLineNumbers,-0.00044858655593547165
pearson,BaseOfCode,rdata_VirtualSize,-0.0016389389654352764
pearson,BaseOfCode,rdata_VirtualAddress,-0.0006793022784125895
pearson,BaseOfCode,rdata_SizeOfRawData,-0.0020800154252591753
pearson,BaseOfCode,rdata_PointerToRawData,-0.0022247395552762016
pearson,BaseOfCode,rdata_PointerToRelocations,-0.0003227469379072611
pearson,BaseOfCode,rdata_PointerToLineNumbers,-0.00024141745371324133
pearson,BaseOfCode,registry_read,0.0014112478907525048
pearson,BaseOfCode,registry_write,-0.0009390352207121307
pearson,BaseOfCode,registry_delete,-0.0005496812635456559
pearson,BaseOfCode,registry_total,0.0013260939722756647
pearson,BaseOfCode,network_threats,
pearson,BaseOfCode,network_dns,-0.0010220137354891776
pearson,BaseOfCode,network_http,-0.001108647994120606
pearson,BaseOfCode,network_connections,-0.0010811918256123266
pearson,BaseOfCode,processes_malicious,-0.0019567913952192113
pearson,BaseOfCode,processes_suspicious,-0.001927328211246214
pearson,BaseOfCode,processes_monitored,0.0004487797919144173
pearson,BaseOfCode,total_procsses,-0.0002489920060902205
pearson,BaseOfCode,files_malicious,-0.002155592490993489
pearson,BaseOfCode,files_suspicious,-0.002123164865298248
pearson,BaseOfCode,files_text,0.0015182839752915745
pearson,BaseOfCode,files_unknown,-0.0021762123046079247
pearson,BaseOfCode,dlls_calls,0.0012547218686265562
pearson,BaseOfCode,apis,-0.013623588972681393
pearson,BaseOfData,EntryPoint,
pearson,BaseOfData,bytes_on_last_page,
pearson,BaseOfData,pages_in_file,
pearson,BaseOfData,relocations,
pearson,BaseOfData,size_of_header,
pearson,BaseOfData,min_extra_paragraphs,
pearson,BaseOfData,max_extra_paragraphs,
pearson,BaseOfData,init_ss_value,
pearson,BaseOfData,init_sp_value,
pearson,BaseOfData,init_ip_value,
pearson,BaseOfData,init_cs_value,
pearson,BaseOfData,over_lay_number,
pearson,BaseOfData,oem_identifier,
pearson,BaseOfData,address_of_ne_header,
pearson,BaseOfData,SizeOfCode,
pearson,BaseOfData,SizeOfInitializedData,
pearson,BaseOfData,SizeOfUninitializedData,
pearson,BaseOfData,AddressOfEntryPoint,
pearson,BaseOfData,BaseOfCode,
pearson,BaseOfData,BaseOfData,
pearson,BaseOfData,ImageBase,-0.0005536786412044375
pearson,BaseOfData,SectionAlignment,-0.00664445333156254
pearson,BaseOfData,FileAlignment,-0.0013521957958470316
pearson,BaseOfData,OperatingSystemVersion,-0.003008533667693772
pearson,BaseOfData,ImageVersion,-0.00021937982591205732
pearson,BaseOfData,SizeOfImage,0.13671620031402176
pearson,BaseOfData,SizeOfHeaders,0.02923030355297232
pearson,BaseOfData,Checksum,-0.0006595742975215857
pearson,BaseOfData,SizeofStackReserve,0.0003659228453321023
pearson,BaseOfData,SizeofStackCommit,-6.907381347758447e-05
pearson,BaseOfData,SizeofHeapCommit,0.0005106172712896189
pearson,BaseOfData,SizeofHeapReserve,0.003165834114910986
pearson,BaseOfData,LoaderFlags,-0.000309101661634923
pearson,BaseOfData,text_VirtualSize,0.018310318924376057
pearson,BaseOfData,text_VirtualAddress,-0.0006500811952592332
pearson,BaseOfData,text_SizeOfRawData,0.019206237224043042
pearson,BaseOfData,text_PointerToRawData,0.0010245073205407222
pearson,BaseOfData,text_PointerToRelocations,-0.0007210164701393852
pearson,BaseOfData,text_PointerToLineNumbers,-0.00036154273609468907
pearson,BaseOfData,rdata_VirtualSize,0.0041077519767636255
pearson,BaseOfData,rdata_VirtualAddress,0.002452997362747241
pearson,BaseOfData,rdata_SizeOfRawData,0.004863567660080492
pearson,BaseOfData,rdata_PointerToRawData,0.011919757461296051
pearson,BaseOfData,rdata_PointerToRelocations,-0.0003420472807245648
pearson,BaseOfData,rdata_PointerToLineNumbers,-0.00025521653456564284
pearson,BaseOfData,registry_read,-0.000274743568590486
pearson,BaseOfData,registry_write,-0.0008547068533381749
pearson,BaseOfData,registry_delete,-0.0005219337857059216
pearson,BaseOfData,registry_total,-0.00028007563803431973
pearson,BaseOfData,network_threats,
pearson,BaseOfData,network_dns,-0.0018576703052111002
pearson,BaseOfData,network_http,-0.000890777249940448
pearson,BaseOfData,network_connections,-0.0008653599857495933
pearson,BaseOfData,processes_malicious,9.124523581815846e-05
pearson,BaseOfData,processes_suspicious,-0.0011699959493593074
pearson,BaseOfData,processes_monitored,0.0024567121055448123
pearson,BaseOfData,total_procsses,0.004103750014506489
pearson,BaseOfData,files_malicious,-0.0022917281619511515
pearson,BaseOfData,files_suspicious,0.03754742465631929
pearson,BaseOfData,files_text,0.10373560790473578
pearson,BaseOfData,files_unknown,0.006139015638542257
pearson,BaseOfData,dlls_calls,0.012716876075649438
pearson,BaseOfData,apis,0.0072126271747213816
pearson,ImageBase,EntryPoint,
pearson,ImageBase,bytes_on_last_page,
pearson,ImageBase,pages_in_file,
pearson,ImageBase,relocations,
pearson,ImageBase,size_of_header,
pearson,ImageBase,min_extra_paragraphs,
pearson,ImageBase,max_extra_paragraphs,
pearson,ImageBase,init_ss_value,
pearson,ImageBase,init_sp_value,
pearson,ImageBase,init_ip_value,
pearson,ImageBase,init_cs_value,
pearson,ImageBase,over_lay_number,
pearson,ImageBase,oem_identifier,
pearson,ImageBase,address_of_ne_header,
pearson,ImageBase,SizeOfCode,
pearson,ImageBase,SizeOfInitializedData,
pearson,ImageBase,SizeOfUninitializedData,
pearson,ImageBase,AddressOfEntryPoint,
pearson,ImageBase,BaseOfCode,
pearson,ImageBase,BaseOfData,
pearson,ImageBase,ImageBase,
pearson,ImageBase,SectionAlignment,-0.009410385680509647
pearson,ImageBase,FileAlignment,-0.005815320035791883
pearson,ImageBase,OperatingSystemVersion,0.02193006596343009
pearson,ImageBase,ImageVersion,-0.0001498200976729425
pearson,ImageBase,SizeOfImage,0.003670560000270211
pearson,ImageBase,SizeOfHeaders,-0.004249756873434675
pearson,ImageBase,Checksum,-0.0007642676439717839
pearson,ImageBase,SizeofStackReserve,-0.003359677601273434
pearson,ImageBase,SizeofStackCommit,0.00016355748815798272
pearson,ImageBase,SizeofHeapCommit,-9.224803758061764e-05
pearson,ImageBase,SizeofHeapReserve,-0.0006877094999843756
pearson,ImageBase,LoaderFlags,-0.00023022660257148372
pearson,ImageBase,text_VirtualSize,0.0012701741591512597
pearson,ImageBase,text_VirtualAddress,-0.0008106839089363467
pearson,ImageBase,text_SizeOfRawData,0.0018273932395582837
pearson,ImageBase,text_PointerToRawData,-0.0007251906344454828
pearson,ImageBase,text_PointerToRelocations,-0.0007647957598059952
pearson,ImageBase,text_PointerToLineNumbers,-0.00030970362452137313
pearson,ImageBase,rdata_VirtualSize,-0.0004158252166512634
pearson,ImageBase,rdata_VirtualAddress,0.00041944880050993053
pearson,ImageBase,rdata_SizeOfRawData,-3.737167316800848e-05
pearson,ImageBase,rdata_PointerToRawData,0.003769811994229395
pearson,ImageBase,rdata_PointerToRelocations,-0.00022282410253924472
pearson,ImageBase,rdata_PointerToLineNumbers,-0.00016667432326319953
pearson,ImageBase,registry_read,-0.002247703900994044
pearson,ImageBase,registry_write,-0.0016500741362492893
pearson,ImageBase,registry_delete,-0.00043211336762591026
pearson,ImageBase,registry_total,-0.002343383121280381
pearson,ImageBase,network_threats,
pearson,ImageBase,network_dns,-0.0021736189481613285
pearson,ImageBase,network_http,-0.0016397787556949074
pearson,ImageBase,network_connections,-0.0012006769609918498
pearson,ImageBase,processes_malicious,-0.001778134000375258
pearson,ImageBase,processes_suspicious,-0.00146187998615444
pearson,ImageBase,processes_monitored,-0.002776914905181143
pearson,ImageBase,total_procsses,-0.013764761694011318
pearson,ImageBase,files_malicious,-0.003180861190710553
pearson,ImageBase,files_suspicious,-0.0025333382753897652
pearson,ImageBase,files_text,-0.002934149717581385
pearson,ImageBase,files_unknown,-0.0018429760943581082
pearson,ImageBase,dlls_calls,0.09461887509537185
pearson,ImageBase,apis,0.018875675454389243
pearson,SectionAlignment,EntryPoint,
pearson,SectionAlignment,bytes_on_last_page,
pearson,SectionAlignment,pages_in_file,
pearson,SectionAlignment,relocations,
pearson,SectionAlignment,size_of_header,
pearson,SectionAlignment,min_extra_paragraphs,
pearson,SectionAlignment,max_extra_paragraphs,
pearson,SectionAlignment,init_ss_value,
pearson,SectionAlignment,init_sp_value,
pearson,SectionAlignment,init_ip_value,
pearson,SectionAlignment,init_cs_value,
pearson,SectionAlignment,over_lay_number,
pearson,SectionAlignment,oem_identifier,
pearson,SectionAlignment,address_of_ne_header,
pearson,SectionAlignment,SizeOfCode,
pearson,SectionAlignment,SizeOfInitializedData,
pearson,SectionAlignment,SizeOfUninitializedData,
pearson,SectionAlignment,AddressOfEntryPoint,
pearson,SectionAlignment,BaseOfCode,
pearson,SectionAlignment,BaseOfData,
pearson,SectionAlignment,ImageBase,
pearson,SectionAlignment,SectionAlignment,
pearson,SectionAlignment,FileAlignment,-0.09623104561741475
pearson,SectionAlignment,OperatingSystemVersion,-0.11116219830743906
pearson,SectionAlignment,ImageVersion,-0.004333200631806461
pearson,SectionAlignment,SizeOfImage,-0.06354104160917835
pearson,SectionAlignment,SizeOfHeaders,-0.12420919256856759
pearson,SectionAlignment,Checksum,-0.009129571266596252
pearson,SectionAlignment,SizeofStackReserve,0.014012377710430938
pearson,SectionAlignment,SizeofStackCommit,-0.011005846408789112
pearson,SectionAlignment,SizeofHeapCommit,0.022571509325460586
pearson,SectionAlignment,SizeofHeapReserve,0.0866683730699239
pearson,SectionAlignment,LoaderFlags,-0.005947469593107449
pearson,SectionAlignment,text_VirtualSize,0.06181519239812647
pearson,SectionAlignment,text_VirtualAddress,-0.009413927428335068
pearson,SectionAlignment,text_SizeOfRawData,0.07295085717397533
pearson,SectionAlignment,text_PointerToRawData,0.029599538572018004
pearson,SectionAlignment,text_PointerToRelocations,-0.016588261407552915
pearson,SectionAlignment,text_PointerToLineNumbers,-0.00800060781935738
pearson,SectionAlignment,rdata_VirtualSize,-0.022698468729517446
pearson,SectionAlignment,rdata_VirtualAddress,-0.006168532968939734
pearson,SectionAlignment,rdata_SizeOfRawData,-0.02167353858423643
pearson,SectionAlignment,rdata_PointerToRawData,-0.01685134656905044
pearson,SectionAlignment,rdata_PointerToRelocations,-0.005756239981225253
pearson,SectionAlignment,rdata_PointerToLineNumbers,-0.00430571644843634
pearson,SectionAlignment,registry_read,-0.00827860185237055
pearson,SectionAlignment,registry_write,-0.005656768288365035
pearson,SectionAlignment,registry_delete,0.011947079479746103
pearson,SectionAlignment,registry_total,-0.009559170767400767
pearson,SectionAlignment,network_threats,
pearson,SectionAlignment,network_dns,-0.03068393911234811
pearson,SectionAlignment,network_http,-0.015158498310363594
pearson,SectionAlignment,network_connections,0.005321396894371073
pearson,SectionAlignment,processes_malicious,-0.007633396743111402
pearson,SectionAlignment,processes_suspicious,-0.011320418887086986
pearson,SectionAlignment,processes_monitored,-0.02506789622351377
pearson,SectionAlignment,total_procsses,-0.02038855801090508
pearson,SectionAlignment,files_malicious,-0.06242105532940638
pearson,SectionAlignment,files_suspicious,-0.06116399687799201
pearson,SectionAlignment,files_text,-0.059818208855034145
pearson,SectionAlignment,files_unknown,-0.045172132652350955
pearson,SectionAlignment,dlls_calls,-0.2931972302438733
pearson,SectionAlignment,apis,-0.2654391669145706
pearson,FileAlignment,EntryPoint,
pearson,FileAlignment,bytes_on_last_page,
pearson,FileAlignment,pages_in_file,
pearson,FileAlignment,relocations,
pearson,FileAlignment,size_of_header,
pearson,FileAlignment,min_extra_paragraphs,
pearson,FileAlignment,max_extra_paragraphs,
pearson,FileAlignment,init_ss_value,
pearson,FileAlignment,init_sp_value,
pearson,FileAlignment,init_ip_value,
pearson,FileAlignment,init_cs_value,
pearson,FileAlignment,over_lay_number,
pearson,FileAlignment,oem_identifier,
pearson,FileAlignment,address_of_ne_header,
pearson,FileAlignment,SizeOfCode,
pearson,FileAlignment,SizeOfInitializedData,
pearson,FileAlignment,SizeOfUninitializedData,
pearson,FileAlignment,AddressOfEntryPoint,
pearson,FileAlignment,BaseOfCode,
pearson,FileAlignment,BaseOfData,
pearson,FileAlignment,ImageBase,
pearson,FileAlignment,SectionAlignment,
pearson,FileAlignment,FileAlignment,
pearson,FileAlignment,OperatingSystemVersion,-0.09177641358595233
pearson,FileAlignment,ImageVersion,0.027153923464663592
pearson,FileAlignment,SizeOfImage,-0.03882426840094183
pearson,FileAlignment,SizeOfHeaders,0.6601336104173395
pearson,FileAlignment,Checksum,0.02745143255343032
pearson,FileAlignment,SizeofStackReserve,-0.021506127292928306
pearson,FileAlignment,SizeofStackCommit,-0.007242467046693208
pearson,FileAlignment,SizeofHeapCommit,0.0027483332436178103
pearson,FileAlignment,SizeofHeapReserve,0.014631580038515059
pearson,FileAlignment,LoaderFlags,0.017214262745168976
pearson,FileAlignment,text_VirtualSize,-0.046440554840578824
pearson,FileAlignment,text_VirtualAddress,-0.012009967202815214
pearson,FileAlignment,text_SizeOfRawData,-0.043598580062935904
pearson,FileAlignment,text_PointerToRawData,-0.005739360324394928
pearson,FileAlignment,text_PointerToRelocations,-0.006421676216023702
pearson,FileAlignment,text_PointerToLineNumbers,-0.004934797630449098
pearson,FileAlignment,rdata_VirtualSize,-0.014281669779414
pearson,FileAlignment,rdata_VirtualAddress,-0.010826608630112982
pearson,FileAlignment,rdata_SizeOfRawData,-0.019053507422772186
pearson,FileAlignment,rdata_PointerToRawData,-0.03930795734347571
pearson,FileAlignment,rdata_PointerToRelocations,-0.0035504649057202784
pearson,FileAlignment,rdata_PointerToLineNumbers,-0.002655777937337095
pearson,FileAlignment,registry_read,0.001236677560058981
pearson,FileAlignment,registry_write,-0.013229889029001936
pearson,FileAlignment,registry_delete,-0.004222378647173614
pearson,FileAlignment,registry_total,0.0002937292135712683
pearson,FileAlignment,network_threats,
pearson,FileAlignment,network_dns,-0.022612511597946517
pearson,FileAlignment,network_http,0.0010142702599983983
pearson,FileAlignment,network_connections,0.005875280423969015
pearson,FileAlignment,processes_malicious,-0.003323179244362757
pearson,FileAlignment,processes_suspicious,-0.008185261947634281
pearson,FileAlignment,processes_monitored,-0.017885160991863987
pearson,FileAlignment,total_procsses,-0.01239822517424508
pearson,FileAlignment,files_malicious,-0.034373421779922246
pearson,FileAlignment,files_suspicious,-0.03179568776272396
pearson,FileAlignment,files_text,-0.013636253290754933
pearson,FileAlignment,files_unknown,-0.02193668597420588
pearson,FileAlignment,dlls_calls,0.05330458736557419
pearson,FileAlignment,apis,0.14398484357687671
pearson,OperatingSystemVersion,EntryPoint,
pearson,OperatingSystemVersion,bytes_on_last_page,
pearson,OperatingSystemVersion,pages_in_file,
pearson,OperatingSystemVersion,relocations,
pearson,OperatingSystemVersion,size_of_header,
pearson,OperatingSystemVersion,min_extra_paragraphs,
pearson,OperatingSystemVersion,max_extra_paragraphs,
pearson,OperatingSystemVersion,init_ss_value,
pearson,OperatingSystemVersion,init_sp_value,
pearson,OperatingSystemVersion,init_ip_value,
pearson,OperatingSystemVersion,init_cs_value,
pearson,OperatingSystemVersion,over_lay_number,
pearson,OperatingSystemVersion,oem_identifier,
pearson,OperatingSystemVersion,address_of_ne_header,
pearson,OperatingSystemVersion,SizeOfCode,
pearson,OperatingSystemVersion,SizeOfInitializedData,
pearson,OperatingSystemVersion,SizeOfUninitializedData,
pearson,OperatingSystemVersion,AddressOfEntryPoint,
pearson,OperatingSystemVersion,BaseOfCode,
pearson,OperatingSystemVersion,BaseOfData,
pearson,OperatingSystemVersion,ImageBase,
pearson,OperatingSystemVersion,SectionAlignment,
pearson,OperatingSystemVersion,FileAlignment,
pearson,OperatingSystemVersion,OperatingSystemVersion,
pearson,OperatingSystemVersion,ImageVersion,-0.004119345797953066
pearson,OperatingSystemVersion,SizeOfImage,0.08071767856219424
pearson,OperatingSystemVersion,SizeOfHeaders,0.026249547384474325
pearson,OperatingSystemVersion,Checksum,0.013065970211738671
pearson,OperatingSystemVersion,SizeofStackReserve,0.0692091767167521
pearson,OperatingSystemVersion,SizeofStackCommit,0.011116597711393337
pearson,OperatingSystemVersion,SizeofHeapCommit,0.051693681887449536
pearson,OperatingSystemVersion,SizeofHeapReserve,0.30387975689018415
pearson,OperatingSystemVersion,LoaderFlags,-0.011896423311798398
pearson,OperatingSystemVersion,text_VirtualSize,0.04326793588938004
pearson,OperatingSystemVersion,text_VirtualAddress,0.017603847144506343
pearson,OperatingSystemVersion,text_SizeOfRawData,0.03094498497355333
pearson,OperatingSystemVersion,text_PointerToRawData,-0.007413657494850516
pearson,OperatingSystemVersion,text_PointerToRelocations,-0.00433268273316254
pearson,OperatingSystemVersion,text_PointerToLineNumbers,-0.0010407761832642401
pearson,OperatingSystemVersion,rdata_VirtualSize,0.0780000047161038
pearson,OperatingSystemVersion,rdata_VirtualAddress,-0.009298742433396094
pearson,OperatingSystemVersion,rdata_SizeOfRawData,0.07478848457823548
pearson,OperatingSystemVersion,rdata_PointerToRawData,0.0846955470467474
pearson,OperatingSystemVersion,rdata_PointerToRelocations,-0.004499632157235241
pearson,OperatingSystemVersion,rdata_PointerToLineNumbers,0.011747429024878988
pearson,OperatingSystemVersion,registry_read,0.0013248790378701952
pearson,OperatingSystemVersion,registry_write,-0.01511398615995288
pearson,OperatingSystemVersion,registry_delete,-0.002485131262296782
pearson,OperatingSystemVersion,registry_total,0.0014052023009008916
pearson,OperatingSystemVersion,network_threats,
pearson,OperatingSystemVersion,network_dns,0.0372587964257634
pearson,OperatingSystemVersion,network_http,0.020111183185404738
pearson,OperatingSystemVersion,network_connections,-0.0067199034727129
pearson,OperatingSystemVersion,processes_malicious,-0.013810663288582286
pearson,OperatingSystemVersion,processes_suspicious,0.004018737617248158
pearson,OperatingSystemVersion,processes_monitored,0.0028139851693200005
pearson,OperatingSystemVersion,total_procsses,-0.013413593788597453
pearson,OperatingSystemVersion,files_malicious,0.05821266125692854
pearson,OperatingSystemVersion,files_suspicious,0.06036121835540381
pearson,OperatingSystemVersion,files_text,0.04855177303078385
pearson,OperatingSystemVersion,files_unknown,0.045810834739570615
pearson,OperatingSystemVersion,dlls_calls,0.2646252515139212
pearson,OperatingSystemVersion,apis,0.16874157218104016
pearson,ImageVersion,EntryPoint,
pearson,ImageVersion,bytes_on_last_page,
pearson,ImageVersion,pages_in_file,
pearson,ImageVersion,relocations,
pearson,ImageVersion,size_of_header,
pearson,ImageVersion,min_extra_paragraphs,
pearson,ImageVersion,max_extra_paragraphs,
pearson,ImageVersion,init_ss_value,
pearson,ImageVersion,init_sp_value,
pearson,ImageVersion,init_ip_value,
pearson,ImageVersion,init_cs_value,
pearson,ImageVersion,over_lay_number,
pearson,ImageVersion,oem_identifier,
pearson,ImageVersion,address_of_ne_header,
pearson,ImageVersion,SizeOfCode,
pearson,ImageVersion,SizeOfInitializedData,
pearson,ImageVersion,SizeOfUninitializedData,
pearson,ImageVersion,AddressOfEntryPoint,
pearson,ImageVersion,BaseOfCode,
pearson,ImageVersion,BaseOfData,
pearson,ImageVersion,ImageBase,
pearson,ImageVersion,SectionAlignment,
pearson,ImageVersion,FileAlignment,
pearson,ImageVersion,OperatingSystemVersion,
pearson,ImageVersion,ImageVersion,
pearson,ImageVersion,SizeOfImage,-0.0017030798594844685
pearson,ImageVersion,SizeOfHeaders,0.017978282798408782
pearson,ImageVersion,Checksum,-0.0003991965851122491
pearson,ImageVersion,SizeofStackReserve,-0.0009816177547381719
pearson,ImageVersion,SizeofStackCommit,-0.00020825645086225417
pearson,ImageVersion,SizeofHeapCommit,-5.2814502196975695e-05
pearson,ImageVersion,SizeofHeapReserve,-0.0003230081526481386
pearson,ImageVersion,LoaderFlags,-0.00010329288891100379
pearson,ImageVersion,text_VirtualSize,-0.0020495303617445873
pearson,ImageVersion,text_VirtualAddress,-0.0003562612332828987
pearson,ImageVersion,text_SizeOfRawData,-0.0019836414280623685
pearson,ImageVersion,text_PointerToRawData,-0.0002621796877654885
pearson,ImageVersion,text_PointerToRelocations,-0.0003319722482968823
pearson,ImageVersion,text_PointerToLineNumbers,-0.0001414659465135161
pearson,ImageVersion,rdata_VirtualSize,-0.0014208453554296026
pearson,ImageVersion,rdata_VirtualAddress,-0.0005836827661660963
pearson,ImageVersion,rdata_SizeOfRawData,-0.0014628429488935137
pearson,ImageVersion,rdata_PointerToRawData,-0.0021263753922859045
pearson,ImageVersion,rdata_PointerToRelocations,-0.00010207988877859087
pearson,ImageVersion,rdata_PointerToLineNumbers,-7.635655349969954e-05
pearson,ImageVersion,registry_read,-0.0009898863065259265
pearson,ImageVersion,registry_write,-0.0007353379529318576
pearson,ImageVersion,registry_delete,-0.00019736234012334079
pearson,ImageVersion,registry_total,-0.0010331352186196147
pearson,ImageVersion,network_threats,
pearson,ImageVersion,network_dns,-0.0010940494929165094
pearson,ImageVersion,network_http,-0.0008587163432837737
pearson,ImageVersion,network_connections,-0.0005488611051479242
pearson,ImageVersion,processes_malicious,-0.0007718368502480746
pearson,ImageVersion,processes_suspicious,-0.0006476225649209008
pearson,ImageVersion,processes_monitored,-0.001059986306846887
pearson,ImageVersion,total_procsses,-0.0009704274862727314
pearson,ImageVersion,files_malicious,-0.0014385806107746933
pearson,ImageVersion,files_suspicious,-0.0011529074419878364
pearson,ImageVersion,files_text,-0.0013412048881275749
pearson,ImageVersion,files_unknown,-0.0008448015039139394
pearson,ImageVersion,dlls_calls,-0.005588666660164007
pearson,ImageVersion,apis,0.0037427041671558446
pearson,SizeOfImage,EntryPoint,
pearson,SizeOfImage,bytes_on_last_page,
pearson,SizeOfImage,pages_in_file,
pearson,SizeOfImage,relocations,
pearson,SizeOfImage,size_of_header,
pearson,SizeOfImage,min_extra_paragraphs,
pearson,SizeOfImage,max_extra_paragraphs,
pearson,SizeOfImage,init_ss_value,
pearson,SizeOfImage,init_sp_value,
pearson,SizeOfImage,init_ip_value,
pearson,SizeOfImage,init_cs_value,
pearson,SizeOfImage,over_lay_number,
pearson,SizeOfImage,oem_identifier,
pearson,SizeOfImage,address_of_ne_header,
pearson,SizeOfImage,SizeOfCode,
pearson,SizeOfImage,SizeOfInitializedData,
pearson,SizeOfImage,SizeOfUninitializedData,
pearson,SizeOfImage,AddressOfEntryPoint,
pearson,SizeOfImage,BaseOfCode,
pearson,SizeOfImage,BaseOfData,
pearson,SizeOfImage,ImageBase,
pearson,SizeOfImage,SectionAlignment,
pearson,SizeOfImage,FileAlignment,
pearson,SizeOfImage,OperatingSystemVersion,
pearson,SizeOfImage,ImageVersion,
pearson,SizeOfImage,SizeOfImage,
pearson,SizeOfImage,SizeOfHeaders,0.01805097433405602
pearson,SizeOfImage,Checksum,0.00044608908944907975
pearson,SizeOfImage,SizeofStackReserve,0.007627694005959056
pearson,SizeOfImage,SizeofStackCommit,-0.00247428548936407
pearson,SizeOfImage,SizeofHeapCommit,0.001885021693969612
pearson,SizeOfImage,SizeofHeapReserve,0.01507651743780286
pearson,SizeOfImage,LoaderFlags,0.3212295954078132
pearson,SizeOfImage,text_VirtualSize,0.13646981762146626
pearson,SizeOfImage,text_VirtualAddress,0.07623179397511946
pearson,SizeOfImage,text_SizeOfRawData,0.1318062252965963
pearson,SizeOfImage,text_PointerToRawData,0.01617406015706443
pearson,SizeOfImage,text_PointerToRelocations,-0.0030493883873628585
pearson,SizeOfImage,text_PointerToLineNumbers,-0.0018061715911156632
pearson,SizeOfImage,rdata_VirtualSize,0.10027538932980123
pearson,SizeOfImage,rdata_VirtualAddress,0.4639261816575624
pearson,SizeOfImage,rdata_SizeOfRawData,0.10177779107677287
pearson,SizeOfImage,rdata_PointerToRawData,0.09817480042271343
pearson,SizeOfImage,rdata_PointerToRelocations,0.0030431733992617375
pearson,SizeOfImage,rdata_PointerToLineNumbers,0.004521535624381996
pearson,SizeOfImage,registry_read,0.0006129513763355706
pearson,SizeOfImage,registry_write,-0.0037716376176778334
pearson,SizeOfImage,registry_delete,-0.0035752852001434484
pearson,SizeOfImage,registry_total,0.0025906295525757474
pearson,SizeOfImage,network_threats,
pearson,SizeOfImage,network_dns,-0.008245489270999494
pearson,SizeOfImage,network_http,0.020644535514676078
pearson,SizeOfImage,network_connections,-0.005567738455826376
pearson,SizeOfImage,processes_malicious,0.003185582070013031
pearson,SizeOfImage,processes_suspicious,0.0012820811222000927
pearson,SizeOfImage,processes_monitored,0.006076121315909299
pearson,SizeOfImage,total_procsses,0.006499491833811603
pearson,SizeOfImage,files_malicious,0.019955559581270335
pearson,SizeOfImage,files_suspicious,-0.012777631677545786
pearson,SizeOfImage,files_text,0.0014021888938623838
pearson,SizeOfImage,files_unknown,-0.00706011598427958
pearson,SizeOfImage,dlls_calls,0.03248455501012105
pearson,SizeOfImage,apis,0.025011062905183453
pearson,SizeOfHeaders,EntryPoint,
pearson,SizeOfHeaders,bytes_on_last_page,
pearson,SizeOfHeaders,pages_in_file,
pearson,SizeOfHeaders,relocations,
pearson,SizeOfHeaders,size_of_header,
pearson,SizeOfHeaders,min_extra_paragraphs,
pearson,SizeOfHeaders,max_extra_paragraphs,
pearson,SizeOfHeaders,init_ss_value,
pearson,SizeOfHeaders,init_sp_value,
pearson,SizeOfHeaders,init_ip_value,
pearson,SizeOfHeaders,init_cs_value,
pearson,SizeOfHeaders,over_lay_number,
pearson,SizeOfHeaders,oem_identifier,
pearson,SizeOfHeaders,address_of_ne_header,
pearson,SizeOfHeaders,SizeOfCode,
pearson,SizeOfHeaders,SizeOfInitializedData,
pearson,SizeOfHeaders,SizeOfUninitializedData,
pearson,SizeOfHeaders,AddressOfEntryPoint,
pearson,SizeOfHeaders,BaseOfCode,
pearson,SizeOfHeaders,BaseOfData,
pearson,SizeOfHeaders,ImageBase,
pearson,SizeOfHeaders,SectionAlignment,
pearson,SizeOfHeaders,FileAlignment,
pearson,SizeOfHeaders,OperatingSystemVersion,
pearson,SizeOfHeaders,ImageVersion,
pearson,SizeOfHeaders,SizeOfImage,
pearson,SizeOfHeaders,SizeOfHeaders,
pearson,SizeOfHeaders,Checksum,0.01753011909365997
pearson,SizeOfHeaders,SizeofStackReserve,0.025934809907730585
pearson,SizeOfHeaders,SizeofStackCommit,-0.0045736784208068575
pearson,SizeOfHeaders,SizeofHeapCommit,0.0077324568982286715
pearson,SizeOfHeaders,SizeofHeapReserve,0.08846381767385016
pearson,SizeOfHeaders,LoaderFlags,-0.00036498633663070007
pearson,SizeOfHeaders,text_VirtualSize,-0.01762654908904735
pearson,SizeOfHeaders,text_VirtualAddress,-0.0012201083655914065
pearson,SizeOfHeaders,text_SizeOfRawData,-0.02118774668647739
pearson,SizeOfHeaders,text_PointerToRawData,0.00889819179578366
pearson,SizeOfHeaders,text_PointerToRelocations,-0.007637066452081864
pearson,SizeOfHeaders,text_PointerToLineNumbers,0.0076346874126581935
pearson,SizeOfHeaders,rdata_VirtualSize,0.002622901976642567
pearson,SizeOfHeaders,rdata_VirtualAddress,0.00020170550226807925
pearson,SizeOfHeaders,rdata_SizeOfRawData,-0.00024190263580009354
pearson,SizeOfHeaders,rdata_PointerToRawData,0.005293661918158646
pearson,SizeOfHeaders,rdata_PointerToRelocations,-0.0026003907380183454
pearson,SizeOfHeaders,rdata_PointerToLineNumbers,-0.001945114381882287
pearson,SizeOfHeaders,registry_read,-0.004746970267190348
pearson,SizeOfHeaders,registry_write,-0.013771310524308524
pearson,SizeOfHeaders,registry_delete,-0.006615714736789309
pearson,SizeOfHeaders,registry_total,-0.004924884763251549
pearson,SizeOfHeaders,network_threats,
pearson,SizeOfHeaders,network_dns,-0.012391762155747183
pearson,SizeOfHeaders,network_http,-0.001854109517590029
pearson,SizeOfHeaders,network_connections,0.009257038782565334
pearson,SizeOfHeaders,processes_malicious,-0.00763574311659422
pearson,SizeOfHeaders,processes_suspicious,-0.008505254697160661
pearson,SizeOfHeaders,processes_monitored,-0.011791357598619556
pearson,SizeOfHeaders,total_procsses,-0.01137587307592567
pearson,SizeOfHeaders,files_malicious,-0.023826597027459238
pearson,SizeOfHeaders,files_suspicious,-0.014498579447465411
pearson,SizeOfHeaders,files_text,0.008792203636804642
pearson,SizeOfHeaders,files_unknown,-0.01568831665359903
pearson,SizeOfHeaders,dlls_calls,0.15452081198501477
pearson,SizeOfHeaders,apis,0.10650524569885284
pearson,Checksum,EntryPoint,
pearson,Checksum,bytes_on_last_page,
pearson,Checksum,pages_in_file,
pearson,Checksum,relocations,
pearson,Checksum,size_of_header,
pearson,Checksum,min_extra_paragraphs,
pearson,Checksum,max_extra_paragraphs,
pearson,Checksum,init_ss_value,
pearson,Checksum,init_sp_value,
pearson,Checksum,init_ip_value,
pearson,Checksum,init_cs_value,
pearson,Checksum,over_lay_number,
pearson,Checksum,oem_identifier,
pearson,Checksum,address_of_ne_header,
pearson,Checksum,SizeOfCode,
pearson,Checksum,SizeOfInitializedData,
pearson,Checksum,SizeOfUninitializedData,
pearson,Checksum,AddressOfEntryPoint,
pearson,Checksum,BaseOfCode,
pearson,Checksum,BaseOfData,
pearson,Checksum,ImageBase,
pearson,Checksum,SectionAlignment,
pearson,Checksum,FileAlignment,
pearson,Checksum,OperatingSystemVersion,
pearson,Checksum,ImageVersion,
pearson,Checksum,SizeOfImage,
pearson,Checksum,SizeOfHeaders,
pearson,Checksum,Checksum,
pearson,Checksum,SizeofStackReserve,-0.004583040938754717
pearson,Checksum,SizeofStackCommit,-0.0007323399064632889
pearson,Checksum,SizeofHeapCommit,-0.00024274130166285367
pearson,Checksum,SizeofHeapReserve,-0.0008245738365651203
pearson,Checksum,LoaderFlags,-0.0005394981436742433
pearson,Checksum,text_VirtualSize,0.005841016213650082
pearson,Checksum,text_VirtualAddress,-0.0009451846726796292
pearson,Checksum,text_SizeOfRawData,0.006213919302522871
pearson,Checksum,text_PointerToRawData,-0.0015887353707313943
pearson,Checksum,text_PointerToRelocations,-0.0018543041500654366
pearson,Checksum,text_PointerToLineNumbers,-0.0007665384396663144
pearson,Checksum,rdata_VirtualSize,0.004117221250501385
pearson,Checksum,rdata_VirtualAddress,-0.00031477098556403514
pearson,Checksum,rdata_SizeOfRawData,0.005627161744349194
pearson,Checksum,rdata_PointerToRawData,0.0019478470560018574
pearson,Checksum,rdata_PointerToRelocations,-0.0005702468948000416
pearson,Checksum,rdata_PointerToLineNumbers,-0.0004265495258363416
pearson,Checksum,registry_read,-0.0044129382287526695
pearson,Checksum,registry_write,-0.003182167378402198
pearson,Checksum,registry_delete,-0.0010237997133179472
pearson,Checksum,registry_total,-0.004561029844501086
pearson,Checksum,network_threats,
pearson,Checksum,network_dns,-0.004231266960230942
pearson,Checksum,network_http,-0.0031203244614594425
pearson,Checksum,network_connections,-0.0025449394515286703
pearson,Checksum,processes_malicious,-0.0014114392905723622
pearson,Checksum,processes_suspicious,-0.0026882942849769647
pearson,Checksum,processes_monitored,9.918907425171625e-05
pearson,Checksum,total_procsses,-0.003369872658150842
pearson,Checksum,files_malicious,-0.0059693057791672865
pearson,Checksum,files_suspicious,-0.006044587161700788
pearson,Checksum,files_text,-0.006515707590878189
pearson,Checksum,files_unknown,-0.004519293746267864
pearson,Checksum,dlls_calls,0.014939830452824153
pearson,Checksum,apis,-0.006638279449132623
pearson,SizeofStackReserve,EntryPoint,
pearson,SizeofStackReserve,bytes_on_last_page,
pearson,SizeofStackReserve,pages_in_file,
pearson,SizeofStackReserve,relocations,
pearson,SizeofStackReserve,size_of_header,
pearson,SizeofStackReserve,min_extra_paragraphs,
pearson,SizeofStackReserve,max_extra_paragraphs,
pearson,SizeofStackReserve,init_ss_value,
pearson,SizeofStackReserve,init_sp_value,
pearson,SizeofStackReserve,init_ip_value,
pearson,SizeofStackReserve,init_cs_value,
pearson,SizeofStackReserve,over_lay_number,
pearson,SizeofStackReserve,oem_identifier,
pearson,SizeofStackReserve,address_of_ne_header,
pearson,SizeofStackReserve,SizeOfCode,
pearson,SizeofStackReserve,SizeOfInitializedData,
pearson,SizeofStackReserve,SizeOfUninitializedData,
pearson,SizeofStackReserve,AddressOfEntryPoint,
pearson,SizeofStackReserve,BaseOfCode,
pearson,SizeofStackReserve,BaseOfData,
pearson,SizeofStackReserve,ImageBase,
pearson,SizeofStackReserve,SectionAlignment,
pearson,SizeofStackReserve,FileAlignment,
pearson,SizeofStackReserve,OperatingSystemVersion,
pearson,SizeofStackReserve,ImageVersion,
pearson,SizeofStackReserve,SizeOfImage,
pearson,SizeofStackReserve,SizeOfHeaders,
pearson,SizeofStackReserve,Checksum,
pearson,SizeofStackReserve,SizeofStackReserve,
pearson,SizeofStackReserve,SizeofStackCommit,0.21203483016991043
pearson,SizeofStackReserve,SizeofHeapCommit,0.01992047720297423
pearson,SizeofStackReserve,SizeofHeapReserve,0.2115413643095958
pearson,SizeofStackReserve,LoaderFlags,-0.005700103597491974
pearson,SizeofStackReserve,text_VirtualSize,0.06547418440650694
pearson,SizeofStackReserve,text_VirtualAddress,-0.001696318258470849
pearson,SizeofStackReserve,text_SizeOfRawData,0.06904209772421804
pearson,SizeofStackReserve,text_PointerToRawData,0.0075713474458838055
pearson,SizeofStackReserve,text_PointerToRelocations,-0.002961963748456088
pearson,SizeofStackReserve,text_PointerToLineNumbers,-0.004404751426674614
pearson,SizeofStackReserve,rdata_VirtualSize,0.03199506615317144
pearson,SizeofStackReserve,rdata_VirtualAddress,0.007232243383969714
pearson,SizeofStackReserve,rdata_SizeOfRawData,0.0371245812011147
pearson,SizeofStackReserve,rdata_PointerToRawData,0.07175647380750752
pearson,SizeofStackReserve,rdata_PointerToRelocations,-0.0012238120669092148
pearson,SizeofStackReserve,rdata_PointerToLineNumbers,-0.0009154218315206942
pearson,SizeofStackReserve,registry_read,-0.010534663753650917
pearson,SizeofStackReserve,registry_write,-0.006236540992215295
pearson,SizeofStackReserve,registry_delete,-0.0019167396841559268
pearson,SizeofStackReserve,registry_total,-0.008596996453763326
pearson,SizeofStackReserve,network_threats,
pearson,SizeofStackReserve,network_dns,-0.008830788228975693
pearson,SizeofStackReserve,network_http,-0.007972011070579042
pearson,SizeofStackReserve,network_connections,0.0383993063744434
pearson,SizeofStackReserve,processes_malicious,-0.011285144837077675
pearson,SizeofStackReserve,processes_suspicious,-0.006685360267764347
pearson,SizeofStackReserve,processes_monitored,-0.010066539716903428
pearson,SizeofStackReserve,total_procsses,-0.02610563473319434
pearson,SizeofStackReserve,files_malicious,-0.013966670598343289
pearson,SizeofStackReserve,files_suspicious,-0.013938576003108948
pearson,SizeofStackReserve,files_text,-0.010153870734823977
pearson,SizeofStackReserve,files_unknown,-0.010152684716022162
pearson,SizeofStackReserve,dlls_calls,0.02782946738304513
pearson,SizeofStackReserve,apis,0.05093715107112139
pearson,SizeofStackCommit,EntryPoint,
pearson,SizeofStackCommit,bytes_on_last_page,
pearson,SizeofStackCommit,pages_in_file,
pearson,SizeofStackCommit,relocations,
pearson,SizeofStackCommit,size_of_header,
pearson,SizeofStackCommit,min_extra_paragraphs,
pearson,SizeofStackCommit,max_extra_paragraphs,
pearson,SizeofStackCommit,init_ss_value,
pearson,SizeofStackCommit,init_sp_value,
pearson,SizeofStackCommit,init_ip_value,
pearson,SizeofStackCommit,init_cs_value,
pearson,SizeofStackCommit,over_lay_number,
pearson,SizeofStackCommit,oem_identifier,
pearson,SizeofStackCommit,address_of_ne_header,
pearson,SizeofStackCommit,SizeOfCode,
pearson,SizeofStackCommit,SizeOfInitializedData,
pearson,SizeofStackCommit,SizeOfUninitializedData,
pearson,SizeofStackCommit,AddressOfEntryPoint,
pearson,SizeofStackCommit,BaseOfCode,
pearson,SizeofStackCommit,BaseOfData,
pearson,SizeofStackCommit,ImageBase,
pearson,SizeofStackCommit,SectionAlignment,
pearson,SizeofStackCommit,FileAlignment,
pearson,SizeofStackCommit,OperatingSystemVersion,
pearson,SizeofStackCommit,ImageVersion,
pearson,SizeofStackCommit,SizeOfImage,
pearson,SizeofStackCommit,SizeOfHeaders,
pearson,SizeofStackCommit,Checksum,
pearson,SizeofStackCommit,SizeofStackReserve,
pearson,SizeofStackCommit,SizeofStackCommit,
pearson,SizeofStackCommit,SizeofHeapCommit,0.026554908115192667
pearson,SizeofStackCommit,SizeofHeapReserve,-0.00012153676878487893
pearson,SizeofStackCommit,LoaderFlags,-6.617957728442601e-05
pearson,SizeofStackCommit,text_VirtualSize,-0.0025466464429332787
pearson,SizeofStackCommit,text_VirtualAddress,-0.000959543330717826
pearson,SizeofStackCommit,text_SizeOfRawData,-0.0023303249539195375
pearson,SizeofStackCommit,text_PointerToRawData,-0.0009638637741008387
pearson,SizeofStackCommit,text_PointerToRelocations,-0.0008565334097410865
pearson,SizeofStackCommit,text_PointerToLineNumbers,-2.5486190750753605e-05
pearson,SizeofStackCommit,rdata_VirtualSize,-0.0021542266030029527
pearson,SizeofStackCommit,rdata_VirtualAddress,-0.0005526435858548686
pearson,SizeofStackCommit,rdata_SizeOfRawData,-0.001992880577295931
pearson,SizeofStackCommit,rdata_PointerToRawData,-0.0008154017671427494
pearson,SizeofStackCommit,rdata_PointerToRelocations,-0.00023081819310021554
pearson,SizeofStackCommit,rdata_PointerToLineNumbers,-0.00021182436627102634
pearson,SizeofStackCommit,registry_read,-0.000566626585635283
pearson,SizeofStackCommit,registry_write,-0.0009578058840007926
pearson,SizeofStackCommit,registry_delete,-0.00045438072065512644
pearson,SizeofStackCommit,registry_total,-0.0006034727694070389
pearson,SizeofStackCommit,network_threats,
pearson,SizeofStackCommit,network_dns,0.002534897830680693
pearson,SizeofStackCommit,network_http,0.005139530196695095
pearson,SizeofStackCommit,network_connections,0.20971201646545817
pearson,SizeofStackCommit,processes_malicious,-0.000520830853714763
pearson,SizeofStackCommit,processes_suspicious,0.003970487752684106
pearson,SizeofStackCommit,processes_monitored,0.0013542485659679257
pearson,SizeofStackCommit,total_procsses,0.0009327009672199754
pearson,SizeofStackCommit,files_malicious,-0.0037083841970348506
pearson,SizeofStackCommit,files_suspicious,-0.0026240197814600807
pearson,SizeofStackCommit,files_text,0.004681125882699931
pearson,SizeofStackCommit,files_unknown,-0.0009216566096571676
pearson,SizeofStackCommit,dlls_calls,0.015721279282390765
pearson,SizeofStackCommit,apis,0.036063350578702524
pearson,SizeofHeapCommit,EntryPoint,
pearson,SizeofHeapCommit,bytes_on_last_page,
pearson,SizeofHeapCommit,pages_in_file,
pearson,SizeofHeapCommit,relocations,
pearson,SizeofHeapCommit,size_of_header,
pearson,SizeofHeapCommit,min_extra_paragraphs,
pearson,SizeofHeapCommit,max_extra_paragraphs,
pearson,SizeofHeapCommit,init_ss_value,
pearson,SizeofHeapCommit,init_sp_value,
pearson,SizeofHeapCommit,init_ip_value,
pearson,SizeofHeapCommit,init_cs_value,
pearson,SizeofHeapCommit,over_lay_number,
pearson,SizeofHeapCommit,oem_identifier,
pearson,SizeofHeapCommit,address_of_ne_header,
pearson,SizeofHeapCommit,SizeOfCode,
pearson,SizeofHeapCommit,SizeOfInitializedData,
pearson,SizeofHeapCommit,SizeOfUninitializedData,
pearson,SizeofHeapCommit,AddressOfEntryPoint,
pearson,SizeofHeapCommit,BaseOfCode,
pearson,SizeofHeapCommit,BaseOfData,
pearson,SizeofHeapCommit,ImageBase,
pearson,SizeofHeapCommit,SectionAlignment,
pearson,SizeofHeapCommit,FileAlignment,
pearson,SizeofHeapCommit,OperatingSystemVersion,
pearson,SizeofHeapCommit,ImageVersion,
pearson,SizeofHeapCommit,SizeOfImage,
pearson,SizeofHeapCommit,SizeOfHeaders,
pearson,SizeofHeapCommit,Checksum,
pearson,SizeofHeapCommit,SizeofStackReserve,
pearson,SizeofHeapCommit,SizeofStackCommit,
pearson,SizeofHeapCommit,SizeofHeapCommit,
pearson,SizeofHeapCommit,SizeofHeapReserve,0.034162034836063525
pearson,SizeofHeapCommit,LoaderFlags,-0.0029642202969664246
pearson,SizeofHeapCommit,text_VirtualSize,0.004163949990607788
pearson,SizeofHeapCommit,text_VirtualAddress,0.00018302498684869938
pearson,SizeofHeapCommit,text_SizeOfRawData,0.003845979828301117
pearson,SizeofHeapCommit,text_PointerToRawData,0.0020553150770183308
pearson,SizeofHeapCommit,text_PointerToRelocations,-0.00024181099053484256
pearson,SizeofHeapCommit,text_PointerToLineNumbers,-9.79207443245227e-05
pearson,SizeofHeapCommit,rdata_VirtualSize,0.0019596833789453216
pearson,SizeofHeapCommit,rdata_VirtualAddress,-0.0032781941128269165
pearson,SizeofHeapCommit,rdata_SizeOfRawData,0.002155999186635588
pearson,SizeofHeapCommit,rdata_PointerToRawData,0.003789680130615454
pearson,SizeofHeapCommit,rdata_PointerToRelocations,-7.04515549170791e-05
pearson,SizeofHeapCommit,rdata_PointerToLineNumbers,-5.2698362092922204e-05
pearson,SizeofHeapCommit,registry_read,-0.001659666836846155
pearson,SizeofHeapCommit,registry_write,-0.0008403412498911321
pearson,SizeofHeapCommit,registry_delete,-0.00018859350853708305
pearson,SizeofHeapCommit,registry_total,-0.0016936450975507961
pearson,SizeofHeapCommit,network_threats,
pearson,SizeofHeapCommit,network_dns,-0.001201090002724234
pearson,SizeofHeapCommit,network_http,-0.0006645381805616527
pearson,SizeofHeapCommit,network_connections,-0.0006385085829586546
pearson,SizeofHeapCommit,processes_malicious,-0.0014366683476537486
pearson,SizeofHeapCommit,processes_suspicious,-0.0005120521675529016
pearson,SizeofHeapCommit,processes_monitored,-0.0014207806833509502
pearson,SizeofHeapCommit,total_procsses,-0.008517016970159006
pearson,SizeofHeapCommit,files_malicious,-0.0016804229509897028
pearson,SizeofHeapCommit,files_suspicious,-0.0010784393613492336
pearson,SizeofHeapCommit,files_text,-0.0010356307433014354
pearson,SizeofHeapCommit,files_unknown,-0.0009328405822996952
pearson,SizeofHeapCommit,dlls_calls,0.009035837253076974
pearson,SizeofHeapCommit,apis,0.005329128066034661
pearson,SizeofHeapReserve,EntryPoint,
pearson,SizeofHeapReserve,bytes_on_last_page,
pearson,SizeofHeapReserve,pages_in_file,
pearson,SizeofHeapReserve,relocations,
pearson,SizeofHeapReserve,size_of_header,
pearson,SizeofHeapReserve,min_extra_paragraphs,
pearson,SizeofHeapReserve,max_extra_paragraphs,
pearson,SizeofHeapReserve,init_ss_value,
pearson,SizeofHeapReserve,init_sp_value,
pearson,SizeofHeapReserve,init_ip_value,
pearson,SizeofHeapReserve,init_cs_value,
pearson,SizeofHeapReserve,over_lay_number,
pearson,SizeofHeapReserve,oem_identifier,
pearson,SizeofHeapReserve,address_of_ne_header,
pearson,SizeofHeapReserve,SizeOfCode,
pearson,SizeofHeapReserve,SizeOfInitializedData,
pearson,SizeofHeapReserve,SizeOfUninitializedData,
pearson,SizeofHeapReserve,AddressOfEntryPoint,
pearson,SizeofHeapReserve,BaseOfCode,
pearson,SizeofHeapReserve,BaseOfData,
pearson,SizeofHeapReserve,ImageBase,
pearson,SizeofHeapReserve,SectionAlignment,
pearson,SizeofHeapReserve,FileAlignment,
pearson,SizeofHeapReserve,OperatingSystemVersion,
pearson,SizeofHeapReserve,ImageVersion,
pearson,SizeofHeapReserve,SizeOfImage,
pearson,SizeofHeapReserve,SizeOfHeaders,
pearson,SizeofHeapReserve,Checksum,
pearson,SizeofHeapReserve,SizeofStackReserve,
pearson,SizeofHeapReserve,SizeofStackCommit,
pearson,SizeofHeapReserve,SizeofHeapCommit,
pearson,SizeofHeapReserve,SizeofHeapReserve,
pearson,SizeofHeapReserve,LoaderFlags,-0.017000894547528386
pearson,SizeofHeapReserve,text_VirtualSize,0.01377660423734608
pearson,SizeofHeapReserve,text_VirtualAddress,0.0006165862622609845
pearson,SizeofHeapReserve,text_SizeOfRawData,0.013865746269898229
pearson,SizeofHeapReserve,text_PointerToRawData,0.004994507671300283
pearson,SizeofHeapReserve,text_PointerToRelocations,-0.0014847308182254766
pearson,SizeofHeapReserve,text_PointerToLineNumbers,-0.0006012379607752375
pearson,SizeofHeapReserve,rdata_VirtualSize,0.006056457157571137
pearson,SizeofHeapReserve,rdata_VirtualAddress,-0.018192589911887408
pearson,SizeofHeapReserve,rdata_SizeOfRawData,0.0056462791601647536
pearson,SizeofHeapReserve,rdata_PointerToRawData,0.021519509469497294
pearson,SizeofHeapReserve,rdata_PointerToRelocations,-0.0004325758500302971
pearson,SizeofHeapReserve,rdata_PointerToLineNumbers,-0.00032357041380257973
pearson,SizeofHeapReserve,registry_read,-0.002371911263106899
pearson,SizeofHeapReserve,registry_write,0.013892118458026691
pearson,SizeofHeapReserve,registry_delete,-0.00014175155722448706
pearson,SizeofHeapReserve,registry_total,-0.0020487006367831202
pearson,SizeofHeapReserve,network_threats,
pearson,SizeofHeapReserve,network_dns,0.0036473155826217633
pearson,SizeofHeapReserve,network_http,0.0008139117469182167
pearson,SizeofHeapReserve,network_connections,-3.403924231706595e-05
pearson,SizeofHeapReserve,processes_malicious,-0.0033760033429424316
pearson,SizeofHeapReserve,processes_suspicious,0.004950155811815218
pearson,SizeofHeapReserve,processes_monitored,0.009380035779170483
pearson,SizeofHeapReserve,total_procsses,0.007539606679590914
pearson,SizeofHeapReserve,files_malicious,0.020448030276435627
pearson,SizeofHeapReserve,files_suspicious,0.008494469411986663
pearson,SizeofHeapReserve,files_text,0.07159957454032964
pearson,SizeofHeapReserve,files_unknown,-0.0029909850927851067
pearson,SizeofHeapReserve,dlls_calls,0.16112201011455632
pearson,SizeofHeapReserve,apis,0.0990639046305198
pearson,LoaderFlags,EntryPoint,
pearson,LoaderFlags,bytes_on_last_page,
pearson,LoaderFlags,pages_in_file,
pearson,LoaderFlags,relocations,
pearson,LoaderFlags,size_of_header,
pearson,LoaderFlags,min_extra_paragraphs,
pearson,LoaderFlags,max_extra_paragraphs,
pearson,LoaderFlags,init_ss_value,
pearson,LoaderFlags,init_sp_value,
pearson,LoaderFlags,init_ip_value,
pearson,LoaderFlags,init_cs_value,
pearson,LoaderFlags,over_lay_number,
pearson,LoaderFlags,oem_identifier,
pearson,LoaderFlags,address_of_ne_header,
pearson,LoaderFlags,SizeOfCode,
pearson,LoaderFlags,SizeOfInitializedData,
pearson,LoaderFlags,SizeOfUninitializedData,
pearson,LoaderFlags,AddressOfEntryPoint,
pearson,LoaderFlags,BaseOfCode,
pearson,LoaderFlags,BaseOfData,
pearson,LoaderFlags,ImageBase,
pearson,LoaderFlags,SectionAlignment,
pearson,LoaderFlags,FileAlignment,
pearson,LoaderFlags,OperatingSystemVersion,
pearson,LoaderFlags,ImageVersion,
pearson,LoaderFlags,SizeOfImage,
pearson,LoaderFlags,SizeOfHeaders,
pearson,LoaderFlags,Checksum,
pearson,LoaderFlags,SizeofStackReserve,
pearson,LoaderFlags,SizeofStackCommit,
pearson,LoaderFlags,SizeofHeapCommit,
pearson,LoaderFlags,SizeofHeapReserve,
pearson,LoaderFlags,LoaderFlags,
pearson,LoaderFlags,text_VirtualSize,-0.00021637229791998284
pearson,LoaderFlags,text_VirtualAddress,-0.0005224144826115743
pearson,LoaderFlags,text_SizeOfRawData,0.01213993209055034
pearson,LoaderFlags,text_PointerToRawData,-0.00047429556024921075
pearson,LoaderFlags,text_PointerToRelocations,-0.00048210437397929644
pearson,LoaderFlags,text_PointerToLineNumbers,-0.00019522693752566027
pearson,LoaderFlags,rdata_VirtualSize,-0.0009565494790543557
pearson,LoaderFlags,rdata_VirtualAddress,0.6914803626502808
pearson,LoaderFlags,rdata_SizeOfRawData,-0.0010314806188958558
pearson,LoaderFlags,rdata_PointerToRawData,0.015595547910633473
pearson,LoaderFlags,rdata_PointerToRelocations,-0.00014046095549272305
pearson,LoaderFlags,rdata_PointerToLineNumbers,-0.00010506598897903647
pearson,LoaderFlags,registry_read,-0.0010995715806014499
pearson,LoaderFlags,registry_write,-0.0010403249861740643
pearson,LoaderFlags,registry_delete,-0.00027242404319066264
pearson,LoaderFlags,registry_total,-0.001189069512812719
pearson,LoaderFlags,network_threats,
pearson,LoaderFlags,network_dns,-0.0015169499509927891
pearson,LoaderFlags,network_http,-0.0010343744215848814
pearson,LoaderFlags,network_connections,-0.0007680358033109559
pearson,LoaderFlags,processes_malicious,-0.0011211195616031549
pearson,LoaderFlags,processes_suspicious,-0.0009217529233275952
pearson,LoaderFlags,processes_monitored,-0.0014921341964480195
pearson,LoaderFlags,total_procsses,-0.001554466936361177
pearson,LoaderFlags,files_malicious,-0.0020071723189866906
pearson,LoaderFlags,files_suspicious,-0.0015822113703562344
pearson,LoaderFlags,files_text,-0.0017412792791964993
pearson,LoaderFlags,files_unknown,-0.001163402421278054
pearson,LoaderFlags,dlls_calls,-0.005574148569802423
pearson,LoaderFlags,apis,0.0010287534551070576
pearson,text_VirtualSize,EntryPoint,
pearson,text_VirtualSize,bytes_on_last_page,
pearson,text_VirtualSize,pages_in_file,
pearson,text_VirtualSize,relocations,
pearson,text_VirtualSize,size_of_header,
pearson,text_VirtualSize,min_extra_paragraphs,
pearson,text_VirtualSize,max_extra_paragraphs,
pearson,text_VirtualSize,init_ss_value,
pearson,text_VirtualSize,init_sp_value,
pearson,text_VirtualSize,init_ip_value,
pearson,text_VirtualSize,init_cs_value,
pearson,text_VirtualSize,over_lay_number,
pearson,text_VirtualSize,oem_identifier,
pearson,text_VirtualSize,address_of_ne_header,
pearson,text_VirtualSize,SizeOfCode,
pearson,text_VirtualSize,SizeOfInitializedData,
pearson,text_VirtualSize,SizeOfUninitializedData,
pearson,text_VirtualSize,AddressOfEntryPoint,
pearson,text_VirtualSize,BaseOfCode,
pearson,text_VirtualSize,BaseOfData,
pearson,text_VirtualSize,ImageBase,
pearson,text_VirtualSize,SectionAlignment,
pearson,text_VirtualSize,FileAlignment,
pearson,text_VirtualSize,OperatingSystemVersion,
pearson,text_VirtualSize,ImageVersion,
pearson,text_VirtualSize,SizeOfImage,
pearson,text_VirtualSize,SizeOfHeaders,
pearson,text_VirtualSize,Checksum,
pearson,text_VirtualSize,SizeofStackReserve,
pearson,text_VirtualSize,SizeofStackCommit,
pearson,text_VirtualSize,SizeofHeapCommit,
pearson,text_VirtualSize,SizeofHeapReserve,
pearson,text_VirtualSize,LoaderFlags,
pearson,text_VirtualSize,text_VirtualSize,
pearson,text_VirtualSize,text_VirtualAddress,0.06390439689368672
pearson,text_VirtualSize,text_SizeOfRawData,0.9256560554060624
pearson,text_VirtualSize,text_PointerToRawData,0.03760125473875379
pearson,text_VirtualSize,text_PointerToRelocations,0.006135485905789126
pearson,text_VirtualSize,text_PointerToLineNumbers,-0.002172181250877164
pearson,text_VirtualSize,rdata_VirtualSize,0.3780469973695271
pearson,text_VirtualSize,rdata_VirtualAddress,0.12830459948944464
pearson,text_VirtualSize,rdata_SizeOfRawData,0.257874295122368
pearson,text_VirtualSize,rdata_PointerToRawData,0.5616823934474795
pearson,text_VirtualSize,rdata_PointerToRelocations,-0.0038448390842715646
pearson,text_VirtualSize,rdata_PointerToLineNumbers,-0.0028644132011170103
pearson,text_VirtualSize,registry_read,-0.011691271988872428
pearson,text_VirtualSize,registry_write,-0.009913550260191925
pearson,text_VirtualSize,registry_delete,-0.004018488626227296
pearson,text_VirtualSize,registry_total,-0.01038799181192865
pearson,text_VirtualSize,network_threats,
pearson,text_VirtualSize,network_dns,-0.013249527400201295
pearson,text_VirtualSize,network_http,0.0016718516449889494
pearson,text_VirtualSize,network_connections,-0.0027684917352444553
pearson,text_VirtualSize,processes_malicious,-0.005182784913672783
pearson,text_VirtualSize,processes_suspicious,-0.0021662564655320626
pearson,text_VirtualSize,processes_monitored,-0.006953114026875932
pearson,text_VirtualSize,total_procsses,-0.010862410912428828
pearson,text_VirtualSize,files_malicious,-0.030793427362148445
pearson,text_VirtualSize,files_suspicious,-0.033545557609212885
pearson,text_VirtualSize,files_text,-0.02452461579170232
pearson,text_VirtualSize,files_unknown,-0.02762400870642183
pearson,text_VirtualSize,dlls_calls,0.10561990105538653
pearson,text_VirtualSize,apis,0.14214094989916692
pearson,text_VirtualAddress,EntryPoint,
pearson,text_VirtualAddress,bytes_on_last_page,
pearson,text_VirtualAddress,pages_in_file,
pearson,text_VirtualAddress,relocations,
pearson,text_VirtualAddress,size_of_header,
pearson,text_VirtualAddress,min_extra_paragraphs,
pearson,text_VirtualAddress,max_extra_paragraphs,
pearson,text_VirtualAddress,init_ss_value,
pearson,text_VirtualAddress,init_sp_value,
pearson,text_VirtualAddress,init_ip_value,
pearson,text_VirtualAddress,init_cs_value,
pearson,text_VirtualAddress,over_lay_number,
pearson,text_VirtualAddress,oem_identifier,
pearson,text_VirtualAddress,address_of_ne_header,
pearson,text_VirtualAddress,SizeOfCode,
pearson,text_VirtualAddress,SizeOfInitializedData,
pearson,text_VirtualAddress,SizeOfUninitializedData,
pearson,text_VirtualAddress,AddressOfEntryPoint,
pearson,text_VirtualAddress,BaseOfCode,
pearson,text_VirtualAddress,BaseOfData,
pearson,text_VirtualAddress,ImageBase,
pearson,text_VirtualAddress,SectionAlignment,
pearson,text_VirtualAddress,FileAlignment,
pearson,text_VirtualAddress,OperatingSystemVersion,
pearson,text_VirtualAddress,ImageVersion,
pearson,text_VirtualAddress,SizeOfImage,
pearson,text_VirtualAddress,SizeOfHeaders,
pearson,text_VirtualAddress,Checksum,
pearson,text_VirtualAddress,SizeofStackReserve,
pearson,text_VirtualAddress,SizeofStackCommit,
pearson,text_VirtualAddress,SizeofHeapCommit,
pearson,text_VirtualAddress,SizeofHeapReserve,
pearson,text_VirtualAddress,LoaderFlags,
pearson,text_VirtualAddress,text_VirtualSize,
pearson,text_VirtualAddress,text_VirtualAddress,
pearson,text_VirtualAddress,text_SizeOfRawData,0.06832624211964178
pearson,text_VirtualAddress,text_PointerToRawData,0.21257747006747907
pearson,text_VirtualAddress,text_PointerToRelocations,-0.0017229315571480504
pearson,text_VirtualAddress,text_PointerToLineNumbers,-0.0006843679237062694
pearson,text_VirtualAddress,rdata_VirtualSize,-0.0017108697518857666
pearson,text_VirtualAddress,rdata_VirtualAddress,0.0018185328397732315
pearson,text_VirtualAddress,rdata_SizeOfRawData,-0.0011722341587680498
pearson,text_VirtualAddress,rdata_PointerToRawData,0.006275570315781233
pearson,text_VirtualAddress,rdata_PointerToRelocations,-0.0005056726031751041
pearson,text_VirtualAddress,rdata_PointerToLineNumbers,-0.00037824740369504507
pearson,text_VirtualAddress,registry_read,-0.0020197476738417586
pearson,text_VirtualAddress,registry_write,-0.0027690588476406474
pearson,text_VirtualAddress,registry_delete,-0.0007239160169797188
pearson,text_VirtualAddress,registry_total,-0.0017087952008234925
pearson,text_VirtualAddress,network_threats,
pearson,text_VirtualAddress,network_dns,-0.0035459608097918546
pearson,text_VirtualAddress,network_http,-0.0028796762435446895
pearson,text_VirtualAddress,network_connections,-0.002148549077319908
pearson,text_VirtualAddress,processes_malicious,0.0038035104442670047
pearson,text_VirtualAddress,processes_suspicious,0.00224379276094247
pearson,text_VirtualAddress,processes_monitored,0.005757217954556662
pearson,text_VirtualAddress,total_procsses,0.010283452584003589
pearson,text_VirtualAddress,files_malicious,-0.0033217835580435103
pearson,text_VirtualAddress,files_suspicious,0.0021943265042709817
pearson,text_VirtualAddress,files_text,0.001786986359773154
pearson,text_VirtualAddress,files_unknown,-0.001497086987129285
pearson,text_VirtualAddress,dlls_calls,-0.006567619977235812
pearson,text_VirtualAddress,apis,0.0012355403979812116
pearson,text_SizeOfRawData,EntryPoint,
pearson,text_SizeOfRawData,bytes_on_last_page,
pearson,text_SizeOfRawData,pages_in_file,
pearson,text_SizeOfRawData,relocations,
pearson,text_SizeOfRawData,size_of_header,
pearson,text_SizeOfRawData,min_extra_paragraphs,
pearson,text_SizeOfRawData,max_extra_paragraphs,
pearson,text_SizeOfRawData,init_ss_value,
pearson,text_SizeOfRawData,init_sp_value,
pearson,text_SizeOfRawData,init_ip_value,
pearson,text_SizeOfRawData,init_cs_value,
pearson,text_SizeOfRawData,over_lay_number,
pearson,text_SizeOfRawData,oem_identifier,
pearson,text_SizeOfRawData,address_of_ne_header,
pearson,text_SizeOfRawData,SizeOfCode,
pearson,text_SizeOfRawData,SizeOfInitializedData,
pearson,text_SizeOfRawData,SizeOfUninitializedData,
pearson,text_SizeOfRawData,AddressOfEntryPoint,
pearson,text_SizeOfRawData,BaseOfCode,
pearson,text_SizeOfRawData,BaseOfData,
pearson,text_SizeOfRawData,ImageBase,
pearson,text_SizeOfRawData,SectionAlignment,
pearson,text_SizeOfRawData,FileAlignment,
pearson,text_SizeOfRawData,OperatingSystemVersion,
pearson,text_SizeOfRawData,ImageVersion,
pearson,text_SizeOfRawData,SizeOfImage,
pearson,text_SizeOfRawData,SizeOfHeaders,
pearson,text_SizeOfRawData,Checksum,
pearson,text_SizeOfRawData,SizeofStackReserve,
pearson,text_SizeOfRawData,SizeofStackCommit,
pearson,text_SizeOfRawData,SizeofHeapCommit,
pearson,text_SizeOfRawData,SizeofHeapReserve,
pearson,text_SizeOfRawData,LoaderFlags,
pearson,text_SizeOfRawData,text_VirtualSize,
pearson,text_SizeOfRawData,text_VirtualAddress,
pearson,text_SizeOfRawData,text_SizeOfRawData,
pearson,text_SizeOfRawData,text_PointerToRawData,0.039633037200771576
pearson,text_SizeOfRawData,text_PointerToRelocations,-0.005153886034179755
pearson,text_SizeOfRawData,text_PointerToLineNumbers,-0.0038943972547772375
pearson,text_SizeOfRawData,rdata_VirtualSize,0.23462363407389925
pearson,text_SizeOfRawData,rdata_VirtualAddress,0.12961555874520705
pearson,text_SizeOfRawData,rdata_SizeOfRawData,0.2806534200872137
pearson,text_SizeOfRawData,rdata_PointerToRawData,0.6075175361573599
pearson,text_SizeOfRawData,rdata_PointerToRelocations,-0.0038649710523264037
pearson,text_SizeOfRawData,rdata_PointerToLineNumbers,-0.0028738457882059873
pearson,text_SizeOfRawData,registry_read,-0.01139239102490743
pearson,text_SizeOfRawData,registry_write,-0.009689410820561442
pearson,text_SizeOfRawData,registry_delete,-0.004046091956777117
pearson,text_SizeOfRawData,registry_total,-0.009897540067845262
pearson,text_SizeOfRawData,network_threats,
pearson,text_SizeOfRawData,network_dns,-0.012317982149491959
pearson,text_SizeOfRawData,network_http,0.002961894133717864
pearson,text_SizeOfRawData,network_connections,-0.0019309357016940984
pearson,text_SizeOfRawData,processes_malicious,-0.0038368133549565183
pearson,text_SizeOfRawData,processes_suspicious,-0.002469280126169868
pearson,text_SizeOfRawData,processes_monitored,-0.005369997966199545
pearson,text_SizeOfRawData,total_procsses,-0.005818318539235034
pearson,text_SizeOfRawData,files_malicious,-0.029673327759666548
pearson,text_SizeOfRawData,files_suspicious,-0.03326903317227092
pearson,text_SizeOfRawData,files_text,-0.025105706962480285
pearson,text_SizeOfRawData,files_unknown,-0.02758659311807636
pearson,text_SizeOfRawData,dlls_calls,0.10414050071960754
pearson,text_SizeOfRawData,apis,0.16091644691732465
pearson,text_PointerToRawData,EntryPoint,
pearson,text_PointerToRawData,bytes_on_last_page,
pearson,text_PointerToRawData,pages_in_file,
pearson,text_PointerToRawData,relocations,
pearson,text_PointerToRawData,size_of_header,
pearson,text_PointerToRawData,min_extra_paragraphs,
pearson,text_PointerToRawData,max_extra_paragraphs,
pearson,text_PointerToRawData,init_ss_value,
pearson,text_PointerToRawData,init_sp_value,
pearson,text_PointerToRawData,init_ip_value,
pearson,text_PointerToRawData,init_cs_value,
pearson,text_PointerToRawData,over_lay_number,
pearson,text_PointerToRawData,oem_identifier,
pearson,text_PointerToRawData,address_of_ne_header,
pearson,text_PointerToRawData,SizeOfCode,
pearson,text_PointerToRawData,SizeOfInitializedData,
pearson,text_PointerToRawData,SizeOfUninitializedData,
pearson,text_PointerToRawData,AddressOfEntryPoint,
pearson,text_PointerToRawData,BaseOfCode,
pearson,text_PointerToRawData,BaseOfData,
pearson,text_PointerToRawData,ImageBase,
pearson,text_PointerToRawData,SectionAlignment,
pearson,text_PointerToRawData,FileAlignment,
pearson,text_PointerToRawData,OperatingSystemVersion,
pearson,text_PointerToRawData,ImageVersion,
pearson,text_PointerToRawData,SizeOfImage,
pearson,text_PointerToRawData,SizeOfHeaders,
pearson,text_PointerToRawData,Checksum,
pearson,text_PointerToRawData,SizeofStackReserve,
pearson,text_PointerToRawData,SizeofStackCommit,
pearson,text_PointerToRawData,SizeofHeapCommit,
pearson,text_PointerToRawData,SizeofHeapReserve,
pearson,text_PointerToRawData,LoaderFlags,
pearson,text_PointerToRawData,text_VirtualSize,
pearson,text_PointerToRawData,text_VirtualAddress,
pearson,text_PointerToRawData,text_SizeOfRawData,
pearson,text_PointerToRawData,text_PointerToRawData,
pearson,text_PointerToRawData,text_PointerToRelocations,-0.0019465112740726768
pearson,text_PointerToRawData,text_PointerToLineNumbers,-0.0007816914414579096
pearson,text_PointerToRawData,rdata_VirtualSize,-0.0013003653687902951
pearson,text_PointerToRawData,rdata_VirtualAddress,0.0020560734857014485
pearson,text_PointerToRawData,rdata_SizeOfRawData,-0.0010783114144838491
pearson,text_PointerToRawData,rdata_PointerToRawData,0.0079828876555491
pearson,text_PointerToRawData,rdata_PointerToRelocations,-0.0005497985014506146
pearson,text_PointerToRawData,rdata_PointerToLineNumbers,-0.00042037370268706845
pearson,text_PointerToRawData,registry_read,-0.0021442412671825602
pearson,text_PointerToRawData,registry_write,-0.0031692951751892476
pearson,text_PointerToRawData,registry_delete,-0.0010552402790432618
pearson,text_PointerToRawData,registry_total,-0.0023459518115864137
pearson,text_PointerToRawData,network_threats,
pearson,text_PointerToRawData,network_dns,-0.004976909220657667
pearson,text_PointerToRawData,network_http,-0.00142851259681223
pearson,text_PointerToRawData,network_connections,-0.0023073989363671804
pearson,text_PointerToRawData,processes_malicious,-0.002336924745029022
pearson,text_PointerToRawData,processes_suspicious,-0.0018107968125284477
pearson,text_PointerToRawData,processes_monitored,-0.0030190372646718296
pearson,text_PointerToRawData,total_procsses,-0.00436937621141704
pearson,text_PointerToRawData,files_malicious,-0.006174528587300848
pearson,text_PointerToRawData,files_suspicious,-0.005028253595504311
pearson,text_PointerToRawData,files_text,-0.004999884584502698
pearson,text_PointerToRawData,files_unknown,-0.003971620802747105
pearson,text_PointerToRawData,dlls_calls,-0.0009801837755776981
pearson,text_PointerToRawData,apis,-0.013504335803399986
pearson,text_PointerToRelocations,EntryPoint,
pearson,text_PointerToRelocations,bytes_on_last_page,
pearson,text_PointerToRelocations,pages_in_file,
pearson,text_PointerToRelocations,relocations,
pearson,text_PointerToRelocations,size_of_header,
pearson,text_PointerToRelocations,min_extra_paragraphs,
pearson,text_PointerToRelocations,max_extra_paragraphs,
pearson,text_PointerToRelocations,init_ss_value,
pearson,text_PointerToRelocations,init_sp_value,
pearson,text_PointerToRelocations,init_ip_value,
pearson,text_PointerToRelocations,init_cs_value,
pearson,text_PointerToRelocations,over_lay_number,
pearson,text_PointerToRelocations,oem_identifier,
pearson,text_PointerToRelocations,address_of_ne_header,
pearson,text_PointerToRelocations,SizeOfCode,
pearson,text_PointerToRelocations,SizeOfInitializedData,
pearson,text_PointerToRelocations,SizeOfUninitializedData,
pearson,text_PointerToRelocations,AddressOfEntryPoint,
pearson,text_PointerToRelocations,BaseOfCode,
pearson,text_PointerToRelocations,BaseOfData,
pearson,text_PointerToRelocations,ImageBase,
pearson,text_PointerToRelocations,SectionAlignment,
pearson,text_PointerToRelocations,FileAlignment,
pearson,text_PointerToRelocations,OperatingSystemVersion,
pearson,text_PointerToRelocations,ImageVersion,
pearson,text_PointerToRelocations,SizeOfImage,
pearson,text_PointerToRelocations,SizeOfHeaders,
pearson,text_PointerToRelocations,Checksum,
pearson,text_PointerToRelocations,SizeofStackReserve,
pearson,text_PointerToRelocations,SizeofStackCommit,
pearson,text_PointerToRelocations,SizeofHeapCommit,
pearson,text_PointerToRelocations,SizeofHeapReserve,
pearson,text_PointerToRelocations,LoaderFlags,
pearson,text_PointerToRelocations,text_VirtualSize,
pearson,text_PointerToRelocations,text_VirtualAddress,
pearson,text_PointerToRelocations,text_SizeOfRawData,
pearson,text_PointerToRelocations,text_PointerToRawData,
pearson,text_PointerToRelocations,text_PointerToRelocations,
pearson,text_PointerToRelocations,text_PointerToLineNumbers,0.29301759627804513
pearson,text_PointerToRelocations,rdata_VirtualSize,0.0009771485745126334
pearson,text_PointerToRelocations,rdata_VirtualAddress,0.002241385141961443
pearson,text_PointerToRelocations,rdata_SizeOfRawData,0.0024681032728938257
pearson,text_PointerToRelocations,rdata_PointerToRawData,0.001070906818160104
pearson,text_PointerToRelocations,rdata_PointerToRelocations,0.35607020019405966
pearson,text_PointerToRelocations,rdata_PointerToLineNumbers,0.40535405389124585
pearson,text_PointerToRelocations,registry_read,-0.0025944917628344995
pearson,text_PointerToRelocations,registry_write,-0.002314064353650856
pearson,text_PointerToRelocations,registry_delete,-0.0006524897585286389
pearson,text_PointerToRelocations,registry_total,-0.0027689566343615936
pearson,text_PointerToRelocations,network_threats,
pearson,text_PointerToRelocations,network_dns,-0.002610054776596934
pearson,text_PointerToRelocations,network_http,-0.0008272291173566191
pearson,text_PointerToRelocations,network_connections,-0.001131446712619861
pearson,text_PointerToRelocations,processes_malicious,-0.0019921392910466824
pearson,text_PointerToRelocations,processes_suspicious,-0.002587218977292058
pearson,text_PointerToRelocations,processes_monitored,-0.002387277970643227
pearson,text_PointerToRelocations,total_procsses,-0.0012061335011884064
pearson,text_PointerToRelocations,files_malicious,-0.0061653396263301385
pearson,text_PointerToRelocations,files_suspicious,-0.004192783877686863
pearson,text_PointerToRelocations,files_text,-0.0019500232723561404
pearson,text_PointerToRelocations,files_unknown,-0.0037003532127327103
pearson,text_PointerToRelocations,dlls_calls,-0.015260415119122735
pearson,text_PointerToRelocations,apis,-0.014598386588162272
pearson,text_PointerToLineNumbers,EntryPoint,
pearson,text_PointerToLineNumbers,bytes_on_last_page,
pearson,text_PointerToLineNumbers,pages_in_file,
pearson,text_PointerToLineNumbers,relocations,
pearson,text_PointerToLineNumbers,size_of_header,
pearson,text_PointerToLineNumbers,min_extra_paragraphs,
pearson,text_PointerToLineNumbers,max_extra_paragraphs,
pearson,text_PointerToLineNumbers,init_ss_value,
pearson,text_PointerToLineNumbers,init_sp_value,
pearson,text_PointerToLineNumbers,init_ip_value,
pearson,text_PointerToLineNumbers,init_cs_value,
pearson,text_PointerToLineNumbers,over_lay_number,
pearson,text_PointerToLineNumbers,oem_identifier,
pearson,text_PointerToLineNumbers,address_of_ne_header,
pearson,text_PointerToLineNumbers,SizeOfCode,
pearson,text_PointerToLineNumbers,SizeOfInitializedData,
pearson,text_PointerToLineNumbers,SizeOfUninitializedData,
pearson,text_PointerToLineNumbers,AddressOfEntryPoint,
pearson,text_PointerToLineNumbers,BaseOfCode,
pearson,text_PointerToLineNumbers,BaseOfData,
pearson,text_PointerToLineNumbers,ImageBase,
pearson,text_PointerToLineNumbers,SectionAlignment,
pearson,text_PointerToLineNumbers,FileAlignment,
pearson,text_PointerToLineNumbers,OperatingSystemVersion,
pearson,text_PointerToLineNumbers,ImageVersion,
pearson,text_PointerToLineNumbers,SizeOfImage,
pearson,text_PointerToLineNumbers,SizeOfHeaders,
pearson,text_PointerToLineNumbers,Checksum,
pearson,text_PointerToLineNumbers,SizeofStackReserve,
pearson,text_PointerToLineNumbers,SizeofStackCommit,
pearson,text_PointerToLineNumbers,SizeofHeapCommit,
pearson,text_PointerToLineNumbers,SizeofHeapReserve,
pearson,text_PointerToLineNumbers,LoaderFlags,
pearson,text_PointerToLineNumbers,text_VirtualSize,
pearson,text_PointerToLineNumbers,text_VirtualAddress,
pearson,text_PointerToLineNumbers,text_SizeOfRawData,
pearson,text_PointerToLineNumbers,text_PointerToRawData,
pearson,text_PointerToLineNumbers,text_PointerToRelocations,
pearson,text_PointerToLineNumbers,text_PointerToLineNumbers,
pearson,text_PointerToLineNumbers,rdata_VirtualSize,-0.002577149888882679
pearson,text_PointerToLineNumbers,rdata_VirtualAddress,-0.0011564902056927942
pearson,text_PointerToLineNumbers,rdata_SizeOfRawData,2.0316042623601796e-07
pearson,text_PointerToLineNumbers,rdata_PointerToRawData,-0.0047708583675891885
pearson,text_PointerToLineNumbers,rdata_PointerToRelocations,0.16521533789924067
pearson,text_PointerToLineNumbers,rdata_PointerToLineNumbers,0.17641205568023252
pearson,text_PointerToLineNumbers,registry_read,-0.0012114070068258724
pearson,text_PointerToLineNumbers,registry_write,0.0005353433435671539
pearson,text_PointerToLineNumbers,registry_delete,-0.0003232382062399526
pearson,text_PointerToLineNumbers,registry_total,-0.0012453978177969127
pearson,text_PointerToLineNumbers,network_threats,
pearson,text_PointerToLineNumbers,network_dns,-0.0014638574788521622
pearson,text_PointerToLineNumbers,network_http,-0.0009311494966371302
pearson,text_PointerToLineNumbers,network_connections,-0.00022976566203473968
pearson,text_PointerToLineNumbers,processes_malicious,-0.0010506092886285864
pearson,text_PointerToLineNumbers,processes_suspicious,-0.0012399389948266975
pearson,text_PointerToLineNumbers,processes_monitored,-0.00015448976184602472
pearson,text_PointerToLineNumbers,total_procsses,6.291392987292062e-05
pearson,text_PointerToLineNumbers,files_malicious,-0.0018322586872248656
pearson,text_PointerToLineNumbers,files_suspicious,-0.002030818927756457
pearson,text_PointerToLineNumbers,files_text,-0.0017792534267366926
pearson,text_PointerToLineNumbers,files_unknown,-0.0015650125735733147
pearson,text_PointerToLineNumbers,dlls_calls,0.004661662010875737
pearson,text_PointerToLineNumbers,apis,-0.004298618127229855
pearson,rdata_VirtualSize,EntryPoint,
pearson,rdata_VirtualSize,bytes_on_last_page,
pearson,rdata_VirtualSize,pages_in_file,
pearson,rdata_VirtualSize,relocations,
pearson,rdata_VirtualSize,size_of_header,
pearson,rdata_VirtualSize,min_extra_paragraphs,
pearson,rdata_VirtualSize,max_extra_paragraphs,
pearson,rdata_VirtualSize,init_ss_value,
pearson,rdata_VirtualSize,init_sp_value,
pearson,rdata_VirtualSize,init_ip_value,
pearson,rdata_VirtualSize,init_cs_value,
pearson,rdata_VirtualSize,over_lay_number,
pearson,rdata_VirtualSize,oem_identifier,
pearson,rdata_VirtualSize,address_of_ne_header,
pearson,rdata_VirtualSize,SizeOfCode,
pearson,rdata_VirtualSize,SizeOfInitializedData,
pearson,rdata_VirtualSize,SizeOfUninitializedData,
pearson,rdata_VirtualSize,AddressOfEntryPoint,
pearson,rdata_VirtualSize,BaseOfCode,
pearson,rdata_VirtualSize,BaseOfData,
pearson,rdata_VirtualSize,ImageBase,
pearson,rdata_VirtualSize,SectionAlignment,
pearson,rdata_VirtualSize,FileAlignment,
pearson,rdata_VirtualSize,OperatingSystemVersion,
pearson,rdata_VirtualSize,ImageVersion,
pearson,rdata_VirtualSize,SizeOfImage,
pearson,rdata_VirtualSize,SizeOfHeaders,
pearson,rdata_VirtualSize,Checksum,
pearson,rdata_VirtualSize,SizeofStackReserve,
pearson,rdata_VirtualSize,SizeofStackCommit,
pearson,rdata_VirtualSize,SizeofHeapCommit,
pearson,rdata_VirtualSize,SizeofHeapReserve,
pearson,rdata_VirtualSize,LoaderFlags,
pearson,rdata_VirtualSize,text_VirtualSize,
pearson,rdata_VirtualSize,text_VirtualAddress,
pearson,rdata_VirtualSize,text_SizeOfRawData,
pearson,rdata_VirtualSize,text_PointerToRawData,
pearson,rdata_VirtualSize,text_PointerToRelocations,
pearson,rdata_VirtualSize,text_PointerToLineNumbers,
pearson,rdata_VirtualSize,rdata_VirtualSize,
pearson,rdata_VirtualSize,rdata_VirtualAddress,0.08017419262890742
pearson,rdata_VirtualSize,rdata_SizeOfRawData,0.850567856542884
pearson,rdata_VirtualSize,rdata_PointerToRawData,0.37055553365851557
pearson,rdata_VirtualSize,rdata_PointerToRelocations,-0.002040034785420286
pearson,rdata_VirtualSize,rdata_PointerToLineNumbers,-0.001471409826106509
pearson,rdata_VirtualSize,registry_read,0.006062182372909996
pearson,rdata_VirtualSize,registry_write,0.005553986051852965
pearson,rdata_VirtualSize,registry_delete,-0.0026588521789131987
pearson,rdata_VirtualSize,registry_total,0.006935353972277065
pearson,rdata_VirtualSize,network_threats,
pearson,rdata_VirtualSize,network_dns,-0.009201200711690442
pearson,rdata_VirtualSize,network_http,-0.007808748515221318
pearson,rdata_VirtualSize,network_connections,0.009710191026485826
pearson,rdata_VirtualSize,processes_malicious,0.01971715994499366
pearson,rdata_VirtualSize,processes_suspicious,-0.0025265294524975256
pearson,rdata_VirtualSize,processes_monitored,0.01126899214457938
pearson,rdata_VirtualSize,total_procsses,-0.0072065915784879945
pearson,rdata_VirtualSize,files_malicious,-0.02229825049299164
pearson,rdata_VirtualSize,files_suspicious,-0.01867968117828517
pearson,rdata_VirtualSize,files_text,-0.014940856095477354
pearson,rdata_VirtualSize,files_unknown,-0.01590235983959608
pearson,rdata_VirtualSize,dlls_calls,0.03933934185564423
pearson,rdata_VirtualSize,apis,0.08066727980958287
pearson,rdata_VirtualAddress,EntryPoint,
pearson,rdata_VirtualAddress,bytes_on_last_page,
pearson,rdata_VirtualAddress,pages_in_file,
pearson,rdata_VirtualAddress,relocations,
pearson,rdata_VirtualAddress,size_of_header,
pearson,rdata_VirtualAddress,min_extra_paragraphs,
pearson,rdata_VirtualAddress,max_extra_paragraphs,
pearson,rdata_VirtualAddress,init_ss_value,
pearson,rdata_VirtualAddress,init_sp_value,
pearson,rdata_VirtualAddress,init_ip_value,
pearson,rdata_VirtualAddress,init_cs_value,
pearson,rdata_VirtualAddress,over_lay_number,
pearson,rdata_VirtualAddress,oem_identifier,
pearson,rdata_VirtualAddress,address_of_ne_header,
pearson,rdata_VirtualAddress,SizeOfCode,
pearson,rdata_VirtualAddress,SizeOfInitializedData,
pearson,rdata_VirtualAddress,SizeOfUninitializedData,
pearson,rdata_VirtualAddress,AddressOfEntryPoint,
pearson,rdata_VirtualAddress,BaseOfCode,
pearson,rdata_VirtualAddress,BaseOfData,
pearson,rdata_VirtualAddress,ImageBase,
pearson,rdata_VirtualAddress,SectionAlignment,
pearson,rdata_VirtualAddress,FileAlignment,
pearson,rdata_VirtualAddress,OperatingSystemVersion,
pearson,rdata_VirtualAddress,ImageVersion,
pearson,rdata_VirtualAddress,SizeOfImage,
pearson,rdata_VirtualAddress,SizeOfHeaders,
pearson,rdata_VirtualAddress,Checksum,
pearson,rdata_VirtualAddress,SizeofStackReserve,
pearson,rdata_VirtualAddress,SizeofStackCommit,
pearson,rdata_VirtualAddress,SizeofHeapCommit,
pearson,rdata_VirtualAddress,SizeofHeapReserve,
pearson,rdata_VirtualAddress,LoaderFlags,
pearson,rdata_VirtualAddress,text_VirtualSize,
pearson,rdata_VirtualAddress,text_VirtualAddress,
pearson,rdata_VirtualAddress,text_SizeOfRawData,
pearson,rdata_VirtualAddress,text_PointerToRawData,
pearson,rdata_VirtualAddress,text_PointerToRelocations,
pearson,rdata_VirtualAddress,text_PointerToLineNumbers,
pearson,rdata_VirtualAddress,rdata_VirtualSize,
pearson,rdata_VirtualAddress,rdata_VirtualAddress,
pearson,rdata_VirtualAddress,rdata_SizeOfRawData,0.08859536373552547
pearson,rdata_VirtualAddress,rdata_PointerToRawData,0.2007855427075029
pearson,rdata_VirtualAddress,rdata_PointerToRelocations,-0.0009020348624025077
pearson,rdata_VirtualAddress,rdata_PointerToLineNumbers,-0.0006785141084237242
pearson,rdata_VirtualAddress,registry_read,-0.0052465064546792835
pearson,rdata_VirtualAddress,registry_write,-0.004933791961541588
pearson,rdata_VirtualAddress,registry_delete,-0.0011481136125380798
pearson,rdata_VirtualAddress,registry_total,-0.0050538642802795495
pearson,rdata_VirtualAddress,network_threats,
pearson,rdata_VirtualAddress,network_dns,-0.0039280339549257574
pearson,rdata_VirtualAddress,network_http,-0.001643965280130898
pearson,rdata_VirtualAddress,network_connections,0.0014940734165126597
pearson,rdata_VirtualAddress,processes_malicious,-0.0028463721943721557
pearson,rdata_VirtualAddress,processes_suspicious,-0.0018521153985384983
pearson,rdata_VirtualAddress,processes_monitored,-0.002933150015558044
pearson,rdata_VirtualAddress,total_procsses,-0.0028998002761666595
pearson,rdata_VirtualAddress,files_malicious,-0.008310515287076862
pearson,rdata_VirtualAddress,files_suspicious,-0.009188976536091645
pearson,rdata_VirtualAddress,files_text,-0.007156915262882353
pearson,rdata_VirtualAddress,files_unknown,-0.007032081029063486
pearson,rdata_VirtualAddress,dlls_calls,0.030140876498369988
pearson,rdata_VirtualAddress,apis,0.04057183159504252
pearson,rdata_SizeOfRawData,EntryPoint,
pearson,rdata_SizeOfRawData,bytes_on_last_page,
pearson,rdata_SizeOfRawData,pages_in_file,
pearson,rdata_SizeOfRawData,relocations,
pearson,rdata_SizeOfRawData,size_of_header,
pearson,rdata_SizeOfRawData,min_extra_paragraphs,
pearson,rdata_SizeOfRawData,max_extra_paragraphs,
pearson,rdata_SizeOfRawData,init_ss_value,
pearson,rdata_SizeOfRawData,init_sp_value,
pearson,rdata_SizeOfRawData,init_ip_value,
pearson,rdata_SizeOfRawData,init_cs_value,
pearson,rdata_SizeOfRawData,over_lay_number,
pearson,rdata_SizeOfRawData,oem_identifier,
pearson,rdata_SizeOfRawData,address_of_ne_header,
pearson,rdata_SizeOfRawData,SizeOfCode,
pearson,rdata_SizeOfRawData,SizeOfInitializedData,
pearson,rdata_SizeOfRawData,SizeOfUninitializedData,
pearson,rdata_SizeOfRawData,AddressOfEntryPoint,
pearson,rdata_SizeOfRawData,BaseOfCode,
pearson,rdata_SizeOfRawData,BaseOfData,
pearson,rdata_SizeOfRawData,ImageBase,
pearson,rdata_SizeOfRawData,SectionAlignment,
pearson,rdata_SizeOfRawData,FileAlignment,
pearson,rdata_SizeOfRawData,OperatingSystemVersion,
pearson,rdata_SizeOfRawData,ImageVersion,
pearson,rdata_SizeOfRawData,SizeOfImage,
pearson,rdata_SizeOfRawData,SizeOfHeaders,
pearson,rdata_SizeOfRawData,Checksum,
pearson,rdata_SizeOfRawData,SizeofStackReserve,
pearson,rdata_SizeOfRawData,SizeofStackCommit,
pearson,rdata_SizeOfRawData,SizeofHeapCommit,
pearson,rdata_SizeOfRawData,SizeofHeapReserve,
pearson,rdata_SizeOfRawData,LoaderFlags,
pearson,rdata_SizeOfRawData,text_VirtualSize,
pearson,rdata_SizeOfRawData,text_VirtualAddress,
pearson,rdata_SizeOfRawData,text_SizeOfRawData,
pearson,rdata_SizeOfRawData,text_PointerToRawData,
pearson,rdata_SizeOfRawData,text_PointerToRelocations,
pearson,rdata_SizeOfRawData,text_PointerToLineNumbers,
pearson,rdata_SizeOfRawData,rdata_VirtualSize,
pearson,rdata_SizeOfRawData,rdata_VirtualAddress,
pearson,rdata_SizeOfRawData,rdata_SizeOfRawData,
pearson,rdata_SizeOfRawData,rdata_PointerToRawData,0.4383607526614381
pearson,rdata_SizeOfRawData,rdata_PointerToRelocations,-0.002140021060980033
pearson,rdata_SizeOfRawData,rdata_PointerToLineNumbers,-0.0015249816289591973
pearson,rdata_SizeOfRawData,registry_read,0.009451531012984708
pearson,rdata_SizeOfRawData,registry_write,0.008359260605003022
pearson,rdata_SizeOfRawData,registry_delete,-0.0026339109003097167
pearson,rdata_SizeOfRawData,registry_total,0.010583897210242183
pearson,rdata_SizeOfRawData,network_threats,
pearson,rdata_SizeOfRawData,network_dns,-0.008093755101041648
pearson,rdata_SizeOfRawData,network_http,-0.007389278936345245
pearson,rdata_SizeOfRawData,network_connections,0.012716127430074638
pearson,rdata_SizeOfRawData,processes_malicious,0.025143227323768357
pearson,rdata_SizeOfRawData,processes_suspicious,-0.001516592941419905
pearson,rdata_SizeOfRawData,processes_monitored,0.01605730398383419
pearson,rdata_SizeOfRawData,total_procsses,-0.0006925652351053896
pearson,rdata_SizeOfRawData,files_malicious,-0.022446384716127754
pearson,rdata_SizeOfRawData,files_suspicious,-0.018886893004126302
pearson,rdata_SizeOfRawData,files_text,-0.014316644783857689
pearson,rdata_SizeOfRawData,files_unknown,-0.01641657335961387
pearson,rdata_SizeOfRawData,dlls_calls,0.04614966789298002
pearson,rdata_SizeOfRawData,apis,0.10543712924651856
pearson,rdata_PointerToRawData,EntryPoint,
pearson,rdata_PointerToRawData,bytes_on_last_page,
pearson,rdata_PointerToRawData,pages_in_file,
pearson,rdata_PointerToRawData,relocations,
pearson,rdata_PointerToRawData,size_of_header,
pearson,rdata_PointerToRawData,min_extra_paragraphs,
pearson,rdata_PointerToRawData,max_extra_paragraphs,
pearson,rdata_PointerToRawData,init_ss_value,
pearson,rdata_PointerToRawData,init_sp_value,
pearson,rdata_PointerToRawData,init_ip_value,
pearson,rdata_PointerToRawData,init_cs_value,
pearson,rdata_PointerToRawData,over_lay_number,
pearson,rdata_PointerToRawData,oem_identifier,
pearson,rdata_PointerToRawData,address_of_ne_header,
pearson,rdata_PointerToRawData,SizeOfCode,
pearson,rdata_PointerToRawData,SizeOfInitializedData,
pearson,rdata_PointerToRawData,SizeOfUninitializedData,
pearson,rdata_PointerToRawData,AddressOfEntryPoint,
pearson,rdata_PointerToRawData,BaseOfCode,
pearson,rdata_PointerToRawData,BaseOfData,
pearson,rdata_PointerToRawData,ImageBase,
pearson,rdata_PointerToRawData,SectionAlignment,
pearson,rdata_PointerToRawData,FileAlignment,
pearson,rdata_PointerToRawData,OperatingSystemVersion,
pearson,rdata_PointerToRawData,ImageVersion,
pearson,rdata_PointerToRawData,SizeOfImage,
pearson,rdata_PointerToRawData,SizeOfHeaders,
pearson,rdata_PointerToRawData,Checksum,
pearson,rdata_PointerToRawData,SizeofStackReserve,
pearson,rdata_PointerToRawData,SizeofStackCommit,
pearson,rdata_PointerToRawData,SizeofHeapCommit,
pearson,rdata_PointerToRawData,SizeofHeapReserve,
pearson,rdata_PointerToRawData,LoaderFlags,
pearson,rdata_PointerToRawData,text_VirtualSize,
pearson,rdata_PointerToRawData,text_VirtualAddress,
pearson,rdata_PointerToRawData,text_SizeOfRawData,
pearson,rdata_PointerToRawData,text_PointerToRawData,
pearson,rdata_PointerToRawData,text_PointerToRelocations,
pearson,rdata_PointerToRawData,text_PointerToLineNumbers,
pearson,rdata_PointerToRawData,rdata_VirtualSize,
pearson,rdata_PointerToRawData,rdata_VirtualAddress,
pearson,rdata_PointerToRawData,rdata_SizeOfRawData,
pearson,rdata_PointerToRawData,rdata_PointerToRawData,
pearson,rdata_PointerToRawData,rdata_PointerToRelocations,-0.003409325494939075
pearson,rdata_PointerToRawData,rdata_PointerToLineNumbers,-0.0025548316083156336
pearson,rdata_PointerToRawData,registry_read,-0.017982378983386206
pearson,rdata_PointerToRawData,registry_write,-0.018441646176364034
pearson,rdata_PointerToRawData,registry_delete,-0.004195985313632288
pearson,rdata_PointerToRawData,registry_total,-0.016651674825423984
pearson,rdata_PointerToRawData,network_threats,
pearson,rdata_PointerToRawData,network_dns,-0.009785908323490924
pearson,rdata_PointerToRawData,network_http,-0.002400368619472682
pearson,rdata_PointerToRawData,network_connections,0.011843198286427076
pearson,rdata_PointerToRawData,processes_malicious,-0.006964761489426081
pearson,rdata_PointerToRawData,processes_suspicious,-0.005307028257874924
pearson,rdata_PointerToRawData,processes_monitored,-0.005892400858063946
pearson,rdata_PointerToRawData,total_procsses,-0.007075745984568787
pearson,rdata_PointerToRawData,files_malicious,-0.030524889570388892
pearson,rdata_PointerToRawData,files_suspicious,-0.033865129357358054
pearson,rdata_PointerToRawData,files_text,-0.02417633317703405
pearson,rdata_PointerToRawData,files_unknown,-0.026275424507443478
pearson,rdata_PointerToRawData,dlls_calls,0.16512632379347147
pearson,rdata_PointerToRawData,apis,0.233454941596398
pearson,rdata_PointerToRelocations,EntryPoint,
pearson,rdata_PointerToRelocations,bytes_on_last_page,
pearson,rdata_PointerToRelocations,pages_in_file,
pearson,rdata_PointerToRelocations,relocations,
pearson,rdata_PointerToRelocations,size_of_header,
pearson,rdata_PointerToRelocations,min_extra_paragraphs,
pearson,rdata_PointerToRelocations,max_extra_paragraphs,
pearson,rdata_PointerToRelocations,init_ss_value,
pearson,rdata_PointerToRelocations,init_sp_value,
pearson,rdata_PointerToRelocations,init_ip_value,
pearson,rdata_PointerToRelocations,init_cs_value,
pearson,rdata_PointerToRelocations,over_lay_number,
pearson,rdata_PointerToRelocations,oem_identifier,
pearson,rdata_PointerToRelocations,address_of_ne_header,
pearson,rdata_PointerToRelocations,SizeOfCode,
pearson,rdata_PointerToRelocations,SizeOfInitializedData,
pearson,rdata_PointerToRelocations,SizeOfUninitializedData,
pearson,rdata_PointerToRelocations,AddressOfEntryPoint,
pearson,rdata_PointerToRelocations,BaseOfCode,
pearson,rdata_PointerToRelocations,BaseOfData,
pearson,rdata_PointerToRelocations,ImageBase,
pearson,rdata_PointerToRelocations,SectionAlignment,
pearson,rdata_PointerToRelocations,FileAlignment,
pearson,rdata_PointerToRelocations,OperatingSystemVersion,
pearson,rdata_PointerToRelocations,ImageVersion,
pearson,rdata_PointerToRelocations,SizeOfImage,
pearson,rdata_PointerToRelocations,SizeOfHeaders,
pearson,rdata_PointerToRelocations,Checksum,
pearson,rdata_PointerToRelocations,SizeofStackReserve,
pearson,rdata_PointerToRelocations,SizeofStackCommit,
pearson,rdata_PointerToRelocations,SizeofHeapCommit,
pearson,rdata_PointerToRelocations,SizeofHeapReserve,
pearson,rdata_PointerToRelocations,LoaderFlags,
pearson,rdata_PointerToRelocations,text_VirtualSize,
pearson,rdata_PointerToRelocations,text_VirtualAddress,
pearson,rdata_PointerToRelocations,text_SizeOfRawData,
pearson,rdata_PointerToRelocations,text_PointerToRawData,
pearson,rdata_PointerToRelocations,text_PointerToRelocations,
pearson,rdata_PointerToRelocations,text_PointerToLineNumbers,
pearson,rdata_PointerToRelocations,rdata_VirtualSize,
pearson,rdata_PointerToRelocations,rdata_VirtualAddress,
pearson,rdata_PointerToRelocations,rdata_SizeOfRawData,
pearson,rdata_PointerToRelocations,rdata_PointerToRawData,
pearson,rdata_PointerToRelocations,rdata_PointerToRelocations,
pearson,rdata_PointerToRelocations,rdata_PointerToLineNumbers,0.8688847254903439
pearson,rdata_PointerToRelocations,registry_read,0.0003428792594412284
pearson,rdata_PointerToRelocations,registry_write,-0.0010069808207929416
pearson,rdata_PointerToRelocations,registry_delete,-0.00026366476443670094
pearson,rdata_PointerToRelocations,registry_total,0.0002709241832698735
pearson,rdata_PointerToRelocations,network_threats,
pearson,rdata_PointerToRelocations,network_dns,-0.0014690416869164267
pearson,rdata_PointerToRelocations,network_http,-0.0010011160726208343
pearson,rdata_PointerToRelocations,network_connections,-0.0006032174629508971
pearson,rdata_PointerToRelocations,processes_malicious,0.0011393030113390351
pearson,rdata_PointerToRelocations,processes_suspicious,-0.0008921157330756058
pearson,rdata_PointerToRelocations,processes_monitored,-0.000371055139110782
pearson,rdata_PointerToRelocations,total_procsses,-0.0005694066290057767
pearson,rdata_PointerToRelocations,files_malicious,-0.0015481734170505778
pearson,rdata_PointerToRelocations,files_suspicious,-0.0015008672008941942
pearson,rdata_PointerToRelocations,files_text,-0.0015235113583994015
pearson,rdata_PointerToRelocations,files_unknown,-0.0011259954215446409
pearson,rdata_PointerToRelocations,dlls_calls,-0.0033473681683346018
pearson,rdata_PointerToRelocations,apis,-0.0011870445248716524
pearson,rdata_PointerToLineNumbers,EntryPoint,
pearson,rdata_PointerToLineNumbers,bytes_on_last_page,
pearson,rdata_PointerToLineNumbers,pages_in_file,
pearson,rdata_PointerToLineNumbers,relocations,
pearson,rdata_PointerToLineNumbers,size_of_header,
pearson,rdata_PointerToLineNumbers,min_extra_paragraphs,
pearson,rdata_PointerToLineNumbers,max_extra_paragraphs,
pearson,rdata_PointerToLineNumbers,init_ss_value,
pearson,rdata_PointerToLineNumbers,init_sp_value,
pearson,rdata_PointerToLineNumbers,init_ip_value,
pearson,rdata_PointerToLineNumbers,init_cs_value,
pearson,rdata_PointerToLineNumbers,over_lay_number,
pearson,rdata_PointerToLineNumbers,oem_identifier,
pearson,rdata_PointerToLineNumbers,address_of_ne_header,
pearson,rdata_PointerToLineNumbers,SizeOfCode,
pearson,rdata_PointerToLineNumbers,SizeOfInitializedData,
pearson,rdata_PointerToLineNumbers,SizeOfUninitializedData,
pearson,rdata_PointerToLineNumbers,AddressOfEntryPoint,
pearson,rdata_PointerToLineNumbers,BaseOfCode,
pearson,rdata_PointerToLineNumbers,BaseOfData,
pearson,rdata_PointerToLineNumbers,ImageBase,
pearson,rdata_PointerToLineNumbers,SectionAlignment,
pearson,rdata_PointerToLineNumbers,FileAlignment,
pearson,rdata_PointerToLineNumbers,OperatingSystemVersion,
pearson,rdata_PointerToLineNumbers,ImageVersion,
pearson,rdata_PointerToLineNumbers,SizeOfImage,
pearson,rdata_PointerToLineNumbers,SizeOfHeaders,
pearson,rdata_PointerToLineNumbers,Checksum,
pearson,rdata_PointerToLineNumbers,SizeofStackReserve,
pearson,rdata_PointerToLineNumbers,SizeofStackCommit,
pearson,rdata_PointerToLineNumbers,SizeofHeapCommit,
pearson,rdata_PointerToLineNumbers,SizeofHeapReserve,
pearson,rdata_PointerToLineNumbers,LoaderFlags,
pearson,rdata_PointerToLineNumbers,text_VirtualSize,
pearson,rdata_PointerToLineNumbers,text_VirtualAddress,
pearson,rdata_PointerToLineNumbers,text_SizeOfRawData,
pearson,rdata_PointerToLineNumbers,text_PointerToRawData,
pearson,rdata_PointerToLineNumbers,text_PointerToRelocations,
pearson,rdata_PointerToLineNumbers,text_PointerToLineNumbers,
pearson,rdata_PointerToLineNumbers,rdata_VirtualSize,
pearson,rdata_PointerToLineNumbers,rdata_VirtualAddress,
pearson,rdata_PointerToLineNumbers,rdata_SizeOfRawData,
pearson,rdata_PointerToLineNumbers,rdata_PointerToRawData,
pearson,rdata_PointerToLineNumbers,rdata_PointerToRelocations,
pearson,rdata_PointerToLineNumbers,rdata_PointerToLineNumbers,
pearson,rdata_PointerToLineNumbers,registry_read,0.0009695891032418693
pearson,rdata_PointerToLineNumbers,registry_write,-0.0007532302158161955
pearson,rdata_PointerToLineNumbers,registry_delete,-0.0001972234856105762
pearson,rdata_PointerToLineNumbers,registry_total,0.0009101228695587561
pearson,rdata_PointerToLineNumbers,network_threats,
pearson,rdata_PointerToLineNumbers,network_dns,-0.0010988556723530458
pearson,rdata_PointerToLineNumbers,network_http,-0.0007488433343183869
pearson,rdata_PointerToLineNumbers,network_connections,-0.0003915465401886569
pearson,rdata_PointerToLineNumbers,processes_malicious,0.001789917491236428
pearson,rdata_PointerToLineNumbers,processes_suspicious,-0.0006673101535622336
pearson,rdata_PointerToLineNumbers,processes_monitored,0.0001766360165822132
pearson,rdata_PointerToLineNumbers,total_procsses,-0.00020647078899633446
pearson,rdata_PointerToLineNumbers,files_malicious,-0.0009917571560683922
pearson,rdata_PointerToLineNumbers,files_suspicious,-0.001103104331606357
pearson,rdata_PointerToLineNumbers,files_text,-0.001025860422981882
pearson,rdata_PointerToLineNumbers,files_unknown,-0.0008422541491011318
pearson,rdata_PointerToLineNumbers,dlls_calls,-0.0025038602588683245
pearson,rdata_PointerToLineNumbers,apis,-0.0007029724430324309
pearson,registry_read,EntryPoint,
pearson,registry_read,bytes_on_last_page,
pearson,registry_read,pages_in_file,
pearson,registry_read,relocations,
pearson,registry_read,size_of_header,
pearson,registry_read,min_extra_paragraphs,
pearson,registry_read,max_extra_paragraphs,
pearson,registry_read,init_ss_value,
pearson,registry_read,init_sp_value,
pearson,registry_read,init_ip_value,
pearson,registry_read,init_cs_value,
pearson,registry_read,over_lay_number,
pearson,registry_read,oem_identifier,
pearson,registry_read,address_of_ne_header,
pearson,registry_read,SizeOfCode,
pearson,registry_read,SizeOfInitializedData,
pearson,registry_read,SizeOfUninitializedData,
pearson,registry_read,AddressOfEntryPoint,
pearson,registry_read,BaseOfCode,
pearson,registry_read,BaseOfData,
pearson,registry_read,ImageBase,
pearson,registry_read,SectionAlignment,
pearson,registry_read,FileAlignment,
pearson,registry_read,OperatingSystemVersion,
pearson,registry_read,ImageVersion,
pearson,registry_read,SizeOfImage,
pearson,registry_read,SizeOfHeaders,
pearson,registry_read,Checksum,
pearson,registry_read,SizeofStackReserve,
pearson,registry_read,SizeofStackCommit,
pearson,registry_read,SizeofHeapCommit,
pearson,registry_read,SizeofHeapReserve,
pearson,registry_read,LoaderFlags,
pearson,registry_read,text_VirtualSize,
pearson,registry_read,text_VirtualAddress,
pearson,registry_read,text_SizeOfRawData,
pearson,registry_read,text_PointerToRawData,
pearson,registry_read,text_PointerToRelocations,
pearson,registry_read,text_PointerToLineNumbers,
pearson,registry_read,rdata_VirtualSize,
pearson,registry_read,rdata_VirtualAddress,
pearson,registry_read,rdata_SizeOfRawData,
pearson,registry_read,rdata_PointerToRawData,
pearson,registry_read,rdata_PointerToRelocations,
pearson,registry_read,rdata_PointerToLineNumbers,
pearson,registry_read,registry_read,
pearson,registry_read,registry_write,0.19636979774490798
pearson,registry_read,registry_delete,0.02426509673643091
pearson,registry_read,registry_total,0.998345985572455
pearson,registry_read,network_threats,
pearson,registry_read,network_dns,0.12959486313684063
pearson,registry_read,network_http,0.07955159699059108
pearson,registry_read,network_connections,0.02214900835206068
pearson,registry_read,processes_malicious,0.28768450912294263
pearson,registry_read,processes_suspicious,0.21722543160858893
pearson,registry_read,processes_monitored,0.2832631858941198
pearson,registry_read,total_procsses,0.2760098569806655
pearson,registry_read,files_malicious,0.04841145430401024
pearson,registry_read,files_suspicious,0.015407807351687506
pearson,registry_read,files_text,0.041350713927102205
pearson,registry_read,files_unknown,0.01917352688387616
pearson,registry_read,dlls_calls,-0.003135547472901377
pearson,registry_read,apis,-0.005189073658905759
pearson,registry_write,EntryPoint,
pearson,registry_write,bytes_on_last_page,
pearson,registry_write,pages_in_file,
pearson,registry_write,relocations,
pearson,registry_write,size_of_header,
pearson,registry_write,min_extra_paragraphs,
pearson,registry_write,max_extra_paragraphs,
pearson,registry_write,init_ss_value,
pearson,registry_write,init_sp_value,
pearson,registry_write,init_ip_value,
pearson,registry_write,init_cs_value,
pearson,registry_write,over_lay_number,
pearson,registry_write,oem_identifier,
pearson,registry_write,address_of_ne_header,
pearson,registry_write,SizeOfCode,
pearson,registry_write,SizeOfInitializedData,
pearson,registry_write,SizeOfUninitializedData,
pearson,registry_write,AddressOfEntryPoint,
pearson,registry_write,BaseOfCode,
pearson,registry_write,BaseOfData,
pearson,registry_write,ImageBase,
pearson,registry_write,SectionAlignment,
pearson,registry_write,FileAlignment,
pearson,registry_write,OperatingSystemVersion,
pearson,registry_write,ImageVersion,
pearson,registry_write,SizeOfImage,
pearson,registry_write,SizeOfHeaders,
pearson,registry_write,Checksum,
pearson,registry_write,SizeofStackReserve,
pearson,registry_write,SizeofStackCommit,
pearson,registry_write,SizeofHeapCommit,
pearson,registry_write,SizeofHeapReserve,
pearson,registry_write,LoaderFlags,
pearson,registry_write,text_VirtualSize,
pearson,registry_write,text_VirtualAddress,
pearson,registry_write,text_SizeOfRawData,
pearson,registry_write,text_PointerToRawData,
pearson,registry_write,text_PointerToRelocations,
pearson,registry_write,text_PointerToLineNumbers,
pearson,registry_write,rdata_VirtualSize,
pearson,registry_write,rdata_VirtualAddress,
pearson,registry_write,rdata_SizeOfRawData,
pearson,registry_write,rdata_PointerToRawData,
pearson,registry_write,rdata_PointerToRelocations,
pearson,registry_write,rdata_PointerToLineNumbers,
pearson,registry_write,registry_read,
pearson,registry_write,registry_write,
pearson,registry_write,registry_delete,0.026549522202078096
pearson,registry_write,registry_total,0.21873233150411034
pearson,registry_write,network_threats,
pearson,registry_write,network_dns,0.03674032508531132
pearson,registry_write,network_http,0.040030297797146105
pearson,registry_write,network_connections,0.02045715895087906
pearson,registry_write,processes_malicious,0.21744986637120178
pearson,registry_write,processes_suspicious,0.06460519778931074
pearson,registry_write,processes_monitored,0.1605807560157392
pearson,registry_write,total_procsses,0.14787372885993977
pearson,registry_write,files_malicious,0.032088816154368566
pearson,registry_write,files_suspicious,0.010408720531320966
pearson,registry_write,files_text,0.029489686480783005
pearson,registry_write,files_unknown,0.018583107046717704
pearson,registry_write,dlls_calls,0.0012118351059257873
pearson,registry_write,apis,0.004327486326013496
pearson,registry_delete,EntryPoint,
pearson,registry_delete,bytes_on_last_page,
pearson,registry_delete,pages_in_file,
pearson,registry_delete,relocations,
pearson,registry_delete,size_of_header,
pearson,registry_delete,min_extra_paragraphs,
pearson,registry_delete,max_extra_paragraphs,
pearson,registry_delete,init_ss_value,
pearson,registry_delete,init_sp_value,
pearson,registry_delete,init_ip_value,
pearson,registry_delete,init_cs_value,
pearson,registry_delete,over_lay_number,
pearson,registry_delete,oem_identifier,
pearson,registry_delete,address_of_ne_header,
pearson,registry_delete,SizeOfCode,
pearson,registry_delete,SizeOfInitializedData,
pearson,registry_delete,SizeOfUninitializedData,
pearson,registry_delete,AddressOfEntryPoint,
pearson,registry_delete,BaseOfCode,
pearson,registry_delete,BaseOfData,
pearson,registry_delete,ImageBase,
pearson,registry_delete,SectionAlignment,
pearson,registry_delete,FileAlignment,
pearson,registry_delete,OperatingSystemVersion,
pearson,registry_delete,ImageVersion,
pearson,registry_delete,SizeOfImage,
pearson,registry_delete,SizeOfHeaders,
pearson,registry_delete,Checksum,
pearson,registry_delete,SizeofStackReserve,
pearson,registry_delete,SizeofStackCommit,
pearson,registry_delete,SizeofHeapCommit,
pearson,registry_delete,SizeofHeapReserve,
pearson,registry_delete,LoaderFlags,
pearson,registry_delete,text_VirtualSize,
pearson,registry_delete,text_VirtualAddress,
pearson,registry_delete,text_SizeOfRawData,
pearson,registry_delete,text_PointerToRawData,
pearson,registry_delete,text_PointerToRelocations,
pearson,registry_delete,text_PointerToLineNumbers,
pearson,registry_delete,rdata_VirtualSize,
pearson,registry_delete,rdata_VirtualAddress,
pearson,registry_delete,rdata_SizeOfRawData,
pearson,registry_delete,rdata_PointerToRawData,
pearson,registry_delete,rdata_PointerToRelocations,
pearson,registry_delete,rdata_PointerToLineNumbers,
pearson,registry_delete,registry_read,
pearson,registry_delete,registry_write,
pearson,registry_delete,registry_delete,
pearson,registry_delete,registry_total,0.03208892510078137
pearson,registry_delete,network_threats,
pearson,registry_delete,network_dns,0.02078723505592766
pearson,registry_delete,network_http,0.04403648857505591
pearson,registry_delete,network_connections,0.011629566534510935
pearson,registry_delete,processes_malicious,0.004832642936898089
pearson,registry_delete,processes_suspicious,0.002545982711275319
pearson,registry_delete,processes_monitored,0.008645230417103371
pearson,registry_delete,total_procsses,0.010970770599851427
pearson,registry_delete,files_malicious,0.0342280341045228
pearson,registry_delete,files_suspicious,0.006600184352683523
pearson,registry_delete,files_text,0.02708756949653477
pearson,registry_delete,files_unknown,-1.2414928037298557e-05
pearson,registry_delete,dlls_calls,-0.005764054434681102
pearson,registry_delete,apis,-0.0063174307365872215
pearson,registry_total,EntryPoint,
pearson,registry_total,bytes_on_last_page,
pearson,registry_total,pages_in_file,
pearson,registry_total,relocations,
pearson,registry_total,size_of_header,
pearson,registry_total,min_extra_paragraphs,
pearson,registry_total,max_extra_paragraphs,
pearson,registry_total,init_ss_value,
pearson,registry_total,init_sp_value,
pearson,registry_total,init_ip_value,
pearson,registry_total,init_cs_value,
pearson,registry_total,over_lay_number,
pearson,registry_total,oem_identifier,
pearson,registry_total,address_of_ne_header,
pearson,registry_total,SizeOfCode,
pearson,registry_total,SizeOfInitializedData,
pearson,registry_total,SizeOfUninitializedData,
pearson,registry_total,AddressOfEntryPoint,
pearson,registry_total,BaseOfCode,
pearson,registry_total,BaseOfData,
pearson,registry_total,ImageBase,
pearson,registry_total,SectionAlignment,
pearson,registry_total,FileAlignment,
pearson,registry_total,OperatingSystemVersion,
pearson,registry_total,ImageVersion,
pearson,registry_total,SizeOfImage,
pearson,registry_total,SizeOfHeaders,
pearson,registry_total,Checksum,
pearson,registry_total,SizeofStackReserve,
pearson,registry_total,SizeofStackCommit,
pearson,registry_total,SizeofHeapCommit,
pearson,registry_total,SizeofHeapReserve,
pearson,registry_total,LoaderFlags,
pearson,registry_total,text_VirtualSize,
pearson,registry_total,text_VirtualAddress,
pearson,registry_total,text_SizeOfRawData,
pearson,registry_total,text_PointerToRawData,
pearson,registry_total,text_PointerToRelocations,
pearson,registry_total,text_PointerToLineNumbers,
pearson,registry_total,rdata_VirtualSize,
pearson,registry_total,rdata_VirtualAddress,
pearson,registry_total,rdata_SizeOfRawData,
pearson,registry_total,rdata_PointerToRawData,
pearson,registry_total,rdata_PointerToRelocations,
pearson,registry_total,rdata_PointerToLineNumbers,
pearson,registry_total,registry_read,
pearson,registry_total,registry_write,
pearson,registry_total,registry_delete,
pearson,registry_total,registry_total,
pearson,registry_total,network_threats,
pearson,registry_total,network_dns,0.13008372184559294
pearson,registry_total,network_http,0.08107829913923759
pearson,registry_total,network_connections,0.02274657968811686
pearson,registry_total,processes_malicious,0.29097617610354826
pearson,registry_total,processes_suspicious,0.21971249173164548
pearson,registry_total,processes_monitored,0.28651949886892003
pearson,registry_total,total_procsses,0.2796500406263257
pearson,registry_total,files_malicious,0.04948258150557801
pearson,registry_total,files_suspicious,0.015748837123654005
pearson,registry_total,files_text,0.04259229552747411
pearson,registry_total,files_unknown,0.019609411256879674
pearson,registry_total,dlls_calls,-0.002805316108786033
pearson,registry_total,apis,-0.00425392821586162
pearson,network_threats,EntryPoint,
pearson,network_threats,bytes_on_last_page,
pearson,network_threats,pages_in_file,
pearson,network_threats,relocations,
pearson,network_threats,size_of_header,
pearson,network_threats,min_extra_paragraphs,
pearson,network_threats,max_extra_paragraphs,
pearson,network_threats,init_ss_value,
pearson,network_threats,init_sp_value,
pearson,network_threats,init_ip_value,
pearson,network_threats,init_cs_value,
pearson,network_threats,over_lay_number,
pearson,network_threats,oem_identifier,
pearson,network_threats,address_of_ne_header,
pearson,network_threats,SizeOfCode,
pearson,network_threats,SizeOfInitializedData,
pearson,network_threats,SizeOfUninitializedData,
pearson,network_threats,AddressOfEntryPoint,
pearson,network_threats,BaseOfCode,
pearson,network_threats,BaseOfData,
pearson,network_threats,ImageBase,
pearson,network_threats,SectionAlignment,
pearson,network_threats,FileAlignment,
pearson,network_threats,OperatingSystemVersion,
pearson,network_threats,ImageVersion,
pearson,network_threats,SizeOfImage,
pearson,network_threats,SizeOfHeaders,
pearson,network_threats,Checksum,
pearson,network_threats,SizeofStackReserve,
pearson,network_threats,SizeofStackCommit,
pearson,network_threats,SizeofHeapCommit,
pearson,network_threats,SizeofHeapReserve,
pearson,network_threats,LoaderFlags,
pearson,network_threats,text_VirtualSize,
pearson,network_threats,text_VirtualAddress,
pearson,network_threats,text_SizeOfRawData,
pearson,network_threats,text_PointerToRawData,
pearson,network_threats,text_PointerToRelocations,
pearson,network_threats,text_PointerToLineNumbers,
pearson,network_threats,rdata_VirtualSize,
pearson,network_threats,rdata_VirtualAddress,
pearson,network_threats,rdata_SizeOfRawData,
pearson,network_threats,rdata_PointerToRawData,
pearson,network_threats,rdata_PointerToRelocations,
pearson,network_threats,rdata_PointerToLineNumbers,
pearson,network_threats,registry_read,
pearson,network_threats,registry_write,
pearson,network_threats,registry_delete,
pearson,network_threats,registry_total,
pearson,network_threats,network_threats,
pearson,network_threats,network_dns,
pearson,network_threats,network_http,
pearson,network_threats,network_connections,
pearson,network_threats,processes_malicious,
pearson,network_threats,processes_suspicious,
pearson,network_threats,processes_monitored,
pearson,network_threats,total_procsses,
pearson,network_threats,files_malicious,
pearson,network_threats,files_suspicious,
pearson,network_threats,files_text,
pearson,network_threats,files_unknown,
pearson,network_threats,dlls_calls,
pearson,network_threats,apis,
pearson,network_dns,EntryPoint,
pearson,network_dns,bytes_on_last_page,
pearson,network_dns,pages_in_file,
pearson,network_dns,relocations,
pearson,network_dns,size_of_header,
pearson,network_dns,min_extra_paragraphs,
pearson,network_dns,max_extra_paragraphs,
pearson,network_dns,init_ss_value,
pearson,network_dns,init_sp_value,
pearson,network_dns,init_ip_value,
pearson,network_dns,init_cs_value,
pearson,network_dns,over_lay_number,
pearson,network_dns,oem_identifier,
pearson,network_dns,address_of_ne_header,
pearson,network_dns,SizeOfCode,
pearson,network_dns,SizeOfInitializedData,
pearson,network_dns,SizeOfUninitializedData,
pearson,network_dns,AddressOfEntryPoint,
pearson,network_dns,BaseOfCode,
pearson,network_dns,BaseOfData,
pearson,network_dns,ImageBase,
pearson,network_dns,SectionAlignment,
pearson,network_dns,FileAlignment,
pearson,network_dns,OperatingSystemVersion,
pearson,network_dns,ImageVersion,
pearson,network_dns,SizeOfImage,
pearson,network_dns,SizeOfHeaders,
pearson,network_dns,Checksum,
pearson,network_dns,SizeofStackReserve,
pearson,network_dns,SizeofStackCommit,
pearson,network_dns,SizeofHeapCommit,
pearson,network_dns,SizeofHeapReserve,
pearson,network_dns,LoaderFlags,
pearson,network_dns,text_VirtualSize,
pearson,network_dns,text_VirtualAddress,
pearson,network_dns,text_SizeOfRawData,
pearson,network_dns,text_PointerToRawData,
pearson,network_dns,text_PointerToRelocations,
pearson,network_dns,text_PointerToLineNumbers,
pearson,network_dns,rdata_VirtualSize,
pearson,network_dns,rdata_VirtualAddress,
pearson,network_dns,rdata_SizeOfRawData,
pearson,network_dns,rdata_PointerToRawData,
pearson,network_dns,rdata_PointerToRelocations,
pearson,network_dns,rdata_PointerToLineNumbers,
pearson,network_dns,registry_read,
pearson,network_dns,registry_write,
pearson,network_dns,registry_delete,
pearson,network_dns,registry_total,
pearson,network_dns,network_threats,
pearson,network_dns,network_dns,
pearson,network_dns,network_http,0.13587228365087226
pearson,network_dns,network_connections,0.04528007645436065
pearson,network_dns,processes_malicious,0.027521168017065986
pearson,network_dns,processes_suspicious,0.017214420180193996
pearson,network_dns,processes_monitored,0.145992403144296
pearson,network_dns,total_procsses,0.23263435371520993
pearson,network_dns,files_malicious,0.0059335899945641025
pearson,network_dns,files_suspicious,0.003914431428497814
pearson,network_dns,files_text,0.037013345609327244
pearson,network_dns,files_unknown,0.0032089319885437607
pearson,network_dns,dlls_calls,0.02912044172491053
pearson,network_dns,apis,0.010903999808683142
pearson,network_http,EntryPoint,
pearson,network_http,bytes_on_last_page,
pearson,network_http,pages_in_file,
pearson,network_http,relocations,
pearson,network_http,size_of_header,
pearson,network_http,min_extra_paragraphs,
pearson,network_http,max_extra_paragraphs,
pearson,network_http,init_ss_value,
pearson,network_http,init_sp_value,
pearson,network_http,init_ip_value,
pearson,network_http,init_cs_value,
pearson,network_http,over_lay_number,
pearson,network_http,oem_identifier,
pearson,network_http,address_of_ne_header,
pearson,network_http,SizeOfCode,
pearson,network_http,SizeOfInitializedData,
pearson,network_http,SizeOfUninitializedData,
pearson,network_http,AddressOfEntryPoint,
pearson,network_http,BaseOfCode,
pearson,network_http,BaseOfData,
pearson,network_http,ImageBase,
pearson,network_http,SectionAlignment,
pearson,network_http,FileAlignment,
pearson,network_http,OperatingSystemVersion,
pearson,network_http,ImageVersion,
pearson,network_http,SizeOfImage,
pearson,network_http,SizeOfHeaders,
pearson,network_http,Checksum,
pearson,network_http,SizeofStackReserve,
pearson,network_http,SizeofStackCommit,
pearson,network_http,SizeofHeapCommit,
pearson,network_http,SizeofHeapReserve,
pearson,network_http,LoaderFlags,
pearson,network_http,text_VirtualSize,
pearson,network_http,text_VirtualAddress,
pearson,network_http,text_SizeOfRawData,
pearson,network_http,text_PointerToRawData,
pearson,network_http,text_PointerToRelocations,
pearson,network_http,text_PointerToLineNumbers,
pearson,network_http,rdata_VirtualSize,
pearson,network_http,rdata_VirtualAddress,
pearson,network_http,rdata_SizeOfRawData,
pearson,network_http,rdata_PointerToRawData,
pearson,network_http,rdata_PointerToRelocations,
pearson,network_http,rdata_PointerToLineNumbers,
pearson,network_http,registry_read,
pearson,network_http,registry_write,
pearson,network_http,registry_delete,
pearson,network_http,registry_total,
pearson,network_http,network_threats,
pearson,network_http,network_dns,
pearson,network_http,network_http,
pearson,network_http,network_connections,0.13730258409077248
pearson,network_http,processes_malicious,0.045664080112339425
pearson,network_http,processes_suspicious,0.08288860222424951
pearson,network_http,processes_monitored,0.057002893276325614
pearson,network_http,total_procsses,0.08061572818570736
pearson,network_http,files_malicious,0.037465321188100566
pearson,network_http,files_suspicious,0.004470973502066575
pearson,network_http,files_text,0.050329047307153
pearson,network_http,files_unknown,0.011312312238105504
pearson,network_http,dlls_calls,0.004205831389783588
pearson,network_http,apis,0.01926177030880774
pearson,network_connections,EntryPoint,
pearson,network_connections,bytes_on_last_page,
pearson,network_connections,pages_in_file,
pearson,network_connections,relocations,
pearson,network_connections,size_of_header,
pearson,network_connections,min_extra_paragraphs,
pearson,network_connections,max_extra_paragraphs,
pearson,network_connections,init_ss_value,
pearson,network_connections,init_sp_value,
pearson,network_connections,init_ip_value,
pearson,network_connections,init_cs_value,
pearson,network_connections,over_lay_number,
pearson,network_connections,oem_identifier,
pearson,network_connections,address_of_ne_header,
pearson,network_connections,SizeOfCode,
pearson,network_connections,SizeOfInitializedData,
pearson,network_connections,SizeOfUninitializedData,
pearson,network_connections,AddressOfEntryPoint,
pearson,network_connections,BaseOfCode,
pearson,network_connections,BaseOfData,
pearson,network_connections,ImageBase,
pearson,network_connections,SectionAlignment,
pearson,network_connections,FileAlignment,
pearson,network_connections,OperatingSystemVersion,
pearson,network_connections,ImageVersion,
pearson,network_connections,SizeOfImage,
pearson,network_connections,SizeOfHeaders,
pearson,network_connections,Checksum,
pearson,network_connections,SizeofStackReserve,
pearson,network_connections,SizeofStackCommit,
pearson,network_connections,SizeofHeapCommit,
pearson,network_connections,SizeofHeapReserve,
pearson,network_connections,LoaderFlags,
pearson,network_connections,text_VirtualSize,
pearson,network_connections,text_VirtualAddress,
pearson,network_connections,text_SizeOfRawData,
pearson,network_connections,text_PointerToRawData,
pearson,network_connections,text_PointerToRelocations,
pearson,network_connections,text_PointerToLineNumbers,
pearson,network_connections,rdata_VirtualSize,
pearson,network_connections,rdata_VirtualAddress,
pearson,network_connections,rdata_SizeOfRawData,
pearson,network_connections,rdata_PointerToRawData,
pearson,network_connections,rdata_PointerToRelocations,
pearson,network_connections,rdata_PointerToLineNumbers,
pearson,network_connections,registry_read,
pearson,network_connections,registry_write,
pearson,network_connections,registry_delete,
pearson,network_connections,registry_total,
pearson,network_connections,network_threats,
pearson,network_connections,network_dns,
pearson,network_connections,network_http,
pearson,network_connections,network_connections,
pearson,network_connections,processes_malicious,0.016625301257773565
pearson,network_connections,processes_suspicious,0.033323887884423586
pearson,network_connections,processes_monitored,0.022922563719974587
pearson,network_connections,total_procsses,0.03074188055633248
pearson,network_connections,files_malicious,0.005640360358446675
pearson,network_connections,files_suspicious,-0.0012182192046057002
pearson,network_connections,files_text,0.020098064971565605
pearson,network_connections,files_unknown,0.0008048338864866762
pearson,network_connections,dlls_calls,-0.0013696998831228496
pearson,network_connections,apis,0.0062914205915640545
pearson,processes_malicious,EntryPoint,
pearson,processes_malicious,bytes_on_last_page,
pearson,processes_malicious,pages_in_file,
pearson,processes_malicious,relocations,
pearson,processes_malicious,size_of_header,
pearson,processes_malicious,min_extra_paragraphs,
pearson,processes_malicious,max_extra_paragraphs,
pearson,processes_malicious,init_ss_value,
pearson,processes_malicious,init_sp_value,
pearson,processes_malicious,init_ip_value,
pearson,processes_malicious,init_cs_value,
pearson,processes_malicious,over_lay_number,
pearson,processes_malicious,oem_identifier,
pearson,processes_malicious,address_of_ne_header,
pearson,processes_malicious,SizeOfCode,
pearson,processes_malicious,SizeOfInitializedData,
pearson,processes_malicious,SizeOfUninitializedData,
pearson,processes_malicious,AddressOfEntryPoint,
pearson,processes_malicious,BaseOfCode,
pearson,processes_malicious,BaseOfData,
pearson,processes_malicious,ImageBase,
pearson,processes_malicious,SectionAlignment,
pearson,processes_malicious,FileAlignment,
pearson,processes_malicious,OperatingSystemVersion,
pearson,processes_malicious,ImageVersion,
pearson,processes_malicious,SizeOfImage,
pearson,processes_malicious,SizeOfHeaders,
pearson,processes_malicious,Checksum,
pearson,processes_malicious,SizeofStackReserve,
pearson,processes_malicious,SizeofStackCommit,
pearson,processes_malicious,SizeofHeapCommit,
pearson,processes_malicious,SizeofHeapReserve,
pearson,processes_malicious,LoaderFlags,
pearson,processes_malicious,text_VirtualSize,
pearson,processes_malicious,text_VirtualAddress,
pearson,processes_malicious,text_SizeOfRawData,
pearson,processes_malicious,text_PointerToRawData,
pearson,processes_malicious,text_PointerToRelocations,
pearson,processes_malicious,text_PointerToLineNumbers,
pearson,processes_malicious,rdata_VirtualSize,
pearson,processes_malicious,rdata_VirtualAddress,
pearson,processes_malicious,rdata_SizeOfRawData,
pearson,processes_malicious,rdata_PointerToRawData,
pearson,processes_malicious,rdata_PointerToRelocations,
pearson,processes_malicious,rdata_PointerToLineNumbers,
pearson,processes_malicious,registry_read,
pearson,processes_malicious,registry_write,
pearson,processes_malicious,registry_delete,
pearson,processes_malicious,registry_total,
pearson,processes_malicious,network_threats,
pearson,processes_malicious,network_dns,
pearson,processes_malicious,network_http,
pearson,processes_malicious,network_connections,
pearson,processes_malicious,processes_malicious,
pearson,processes_malicious,processes_suspicious,0.2896205085304762
pearson,processes_malicious,processes_monitored,0.5733792784873296
pearson,processes_malicious,total_procsses,0.49776669960417885
pearson,processes_malicious,files_malicious,0.05482091363139572
pearson,processes_malicious,files_suspicious,0.015807877526280625
pearson,processes_malicious,files_text,0.019673960217427976
pearson,processes_malicious,files_unknown,0.011086253583422325
pearson,processes_malicious,dlls_calls,-0.001381978936800721
pearson,processes_malicious,apis,0.0029356796974640267
pearson,processes_suspicious,EntryPoint,
pearson,processes_suspicious,bytes_on_last_page,
pearson,processes_suspicious,pages_in_file,
pearson,processes_suspicious,relocations,
pearson,processes_suspicious,size_of_header,
pearson,processes_suspicious,min_extra_paragraphs,
pearson,processes_suspicious,max_extra_paragraphs,
pearson,processes_suspicious,init_ss_value,
pearson,processes_suspicious,init_sp_value,
pearson,processes_suspicious,init_ip_value,
pearson,processes_suspicious,init_cs_value,
pearson,processes_suspicious,over_lay_number,
pearson,processes_suspicious,oem_identifier,
pearson,processes_suspicious,address_of_ne_header,
pearson,processes_suspicious,SizeOfCode,
pearson,processes_suspicious,SizeOfInitializedData,
pearson,processes_suspicious,SizeOfUninitializedData,
pearson,processes_suspicious,AddressOfEntryPoint,
pearson,processes_suspicious,BaseOfCode,
pearson,processes_suspicious,BaseOfData,
pearson,processes_suspicious,ImageBase,
pearson,processes_suspicious,SectionAlignment,
pearson,processes_suspicious,FileAlignment,
pearson,processes_suspicious,OperatingSystemVersion,
pearson,processes_suspicious,ImageVersion,
pearson,processes_suspicious,SizeOfImage,
pearson,processes_suspicious,SizeOfHeaders,
pearson,processes_suspicious,Checksum,
pearson,processes_suspicious,SizeofStackReserve,
pearson,processes_suspicious,SizeofStackCommit,
pearson,processes_suspicious,SizeofHeapCommit,
pearson,processes_suspicious,SizeofHeapReserve,
pearson,processes_suspicious,LoaderFlags,
pearson,processes_suspicious,text_VirtualSize,
pearson,processes_suspicious,text_VirtualAddress,
pearson,processes_suspicious,text_SizeOfRawData,
pearson,processes_suspicious,text_PointerToRawData,
pearson,processes_suspicious,text_PointerToRelocations,
pearson,processes_suspicious,text_PointerToLineNumbers,
pearson,processes_suspicious,rdata_VirtualSize,
pearson,processes_suspicious,rdata_VirtualAddress,
pearson,processes_suspicious,rdata_SizeOfRawData,
pearson,processes_suspicious,rdata_PointerToRawData,
pearson,processes_suspicious,rdata_PointerToRelocations,
pearson,processes_suspicious,rdata_PointerToLineNumbers,
pearson,processes_suspicious,registry_read,
pearson,processes_suspicious,registry_write,
pearson,processes_suspicious,registry_delete,
pearson,processes_suspicious,registry_total,
pearson,processes_suspicious,network_threats,
pearson,processes_suspicious,network_dns,
pearson,processes_suspicious,network_http,
pearson,processes_suspicious,network_connections,
pearson,processes_suspicious,processes_malicious,
pearson,processes_suspicious,processes_suspicious,
pearson,processes_suspicious,processes_monitored,0.5410211392230734
pearson,processes_suspicious,total_procsses,0.4781163018760429
pearson,processes_suspicious,files_malicious,0.058359134609855715
pearson,processes_suspicious,files_suspicious,0.028985892649363024
pearson,processes_suspicious,files_text,0.02570513765428781
pearson,processes_suspicious,files_unknown,0.022088580695078925
pearson,processes_suspicious,dlls_calls,-0.000939696705058989
pearson,processes_suspicious,apis,0.005972272113522487
pearson,processes_monitored,EntryPoint,
pearson,processes_monitored,bytes_on_last_page,
pearson,processes_monitored,pages_in_file,
pearson,processes_monitored,relocations,
pearson,processes_monitored,size_of_header,
pearson,processes_monitored,min_extra_paragraphs,
pearson,processes_monitored,max_extra_paragraphs,
pearson,processes_monitored,init_ss_value,
pearson,processes_monitored,init_sp_value,
pearson,processes_monitored,init_ip_value,
pearson,processes_monitored,init_cs_value,
pearson,processes_monitored,over_lay_number,
pearson,processes_monitored,oem_identifier,
pearson,processes_monitored,address_of_ne_header,
pearson,processes_monitored,SizeOfCode,
pearson,processes_monitored,SizeOfInitializedData,
pearson,processes_monitored,SizeOfUninitializedData,
pearson,processes_monitored,AddressOfEntryPoint,
pearson,processes_monitored,BaseOfCode,
pearson,processes_monitored,BaseOfData,
pearson,processes_monitored,ImageBase,
pearson,processes_monitored,SectionAlignment,
pearson,processes_monitored,FileAlignment,
pearson,processes_monitored,OperatingSystemVersion,
pearson,processes_monitored,ImageVersion,
pearson,processes_monitored,SizeOfImage,
pearson,processes_monitored,SizeOfHeaders,
pearson,processes_monitored,Checksum,
pearson,processes_monitored,SizeofStackReserve,
pearson,processes_monitored,SizeofStackCommit,
pearson,processes_monitored,SizeofHeapCommit,
pearson,processes_monitored,SizeofHeapReserve,
pearson,processes_monitored,LoaderFlags,
pearson,processes_monitored,text_VirtualSize,
pearson,processes_monitored,text_VirtualAddress,
pearson,processes_monitored,text_SizeOfRawData,
pearson,processes_monitored,text_PointerToRawData,
pearson,processes_monitored,text_PointerToRelocations,
pearson,processes_monitored,text_PointerToLineNumbers,
pearson,processes_monitored,rdata_VirtualSize,
pearson,processes_monitored,rdata_VirtualAddress,
pearson,processes_monitored,rdata_SizeOfRawData,
pearson,processes_monitored,rdata_PointerToRawData,
pearson,processes_monitored,rdata_PointerToRelocations,
pearson,processes_monitored,rdata_PointerToLineNumbers,
pearson,processes_monitored,registry_read,
pearson,processes_monitored,registry_write,
pearson,processes_monitored,registry_delete,
pearson,processes_monitored,registry_total,
pearson,processes_monitored,network_threats,
pearson,processes_monitored,network_dns,
pearson,processes_monitored,network_http,
pearson,processes_monitored,network_connections,
pearson,processes_monitored,processes_malicious,
pearson,processes_monitored,processes_suspicious,
pearson,processes_monitored,processes_monitored,
pearson,processes_monitored,total_procsses,0.9541962203748277
pearson,processes_monitored,files_malicious,0.10828273001983955
pearson,processes_monitored,files_suspicious,0.05221522417322309
pearson,processes_monitored,files_text,0.08232573164915553
pearson,processes_monitored,files_unknown,0.031118767544329292
pearson,processes_monitored,dlls_calls,0.023005840897353993
pearson,processes_monitored,apis,0.015980912319721256
pearson,total_procsses,EntryPoint,
pearson,total_procsses,bytes_on_last_page,
pearson,total_procsses,pages_in_file,
pearson,total_procsses,relocations,
pearson,total_procsses,size_of_header,
pearson,total_procsses,min_extra_paragraphs,
pearson,total_procsses,max_extra_paragraphs,
pearson,total_procsses,init_ss_value,
pearson,total_procsses,init_sp_value,
pearson,total_procsses,init_ip_value,
pearson,total_procsses,init_cs_value,
pearson,total_procsses,over_lay_number,
pearson,total_procsses,oem_identifier,
pearson,total_procsses,address_of_ne_header,
pearson,total_procsses,SizeOfCode,
pearson,total_procsses,SizeOfInitializedData,
pearson,total_procsses,SizeOfUninitializedData,
pearson,total_procsses,AddressOfEntryPoint,
pearson,total_procsses,BaseOfCode,
pearson,total_procsses,BaseOfData,
pearson,total_procsses,ImageBase,
pearson,total_procsses,SectionAlignment,
pearson,total_procsses,FileAlignment,
pearson,total_procsses,OperatingSystemVersion,
pearson,total_procsses,ImageVersion,
pearson,total_procsses,SizeOfImage,
pearson,total_procsses,SizeOfHeaders,
pearson,total_procsses,Checksum,
pearson,total_procsses,SizeofStackReserve,
pearson,total_procsses,SizeofStackCommit,
pearson,total_procsses,SizeofHeapCommit,
pearson,total_procsses,SizeofHeapReserve,
pearson,total_procsses,LoaderFlags,
pearson,total_procsses,text_VirtualSize,
pearson,total_procsses,text_VirtualAddress,
pearson,total_procsses,text_SizeOfRawData,
pearson,total_procsses,text_PointerToRawData,
pearson,total_procsses,text_PointerToRelocations,
pearson,total_procsses,text_PointerToLineNumbers,
pearson,total_procsses,rdata_VirtualSize,
pearson,total_procsses,rdata_VirtualAddress,
pearson,total_procsses,rdata_SizeOfRawData,
pearson,total_procsses,rdata_PointerToRawData,
pearson,total_procsses,rdata_PointerToRelocations,
pearson,total_procsses,rdata_PointerToLineNumbers,
pearson,total_procsses,registry_read,
pearson,total_procsses,registry_write,
pearson,total_procsses,registry_delete,
pearson,total_procsses,registry_total,
pearson,total_procsses,network_threats,
pearson,total_procsses,network_dns,
pearson,total_procsses,network_http,
pearson,total_procsses,network_connections,
pearson,total_procsses,processes_malicious,
pearson,total_procsses,processes_suspicious,
pearson,total_procsses,processes_monitored,
pearson,total_procsses,total_procsses,
pearson,total_procsses,files_malicious,0.12050032610595622
pearson,total_procsses,files_suspicious,0.07514793467560447
pearson,total_procsses,files_text,0.1116497999184683
pearson,total_procsses,files_unknown,0.042624599881260945
pearson,total_procsses,dlls_calls,0.012016401440703603
pearson,total_procsses,apis,0.015044871375157432
pearson,files_malicious,EntryPoint,
pearson,files_malicious,bytes_on_last_page,
pearson,files_malicious,pages_in_file,
pearson,files_malicious,relocations,
pearson,files_malicious,size_of_header,
pearson,files_malicious,min_extra_paragraphs,
pearson,files_malicious,max_extra_paragraphs,
pearson,files_malicious,init_ss_value,
pearson,files_malicious,init_sp_value,
pearson,files_malicious,init_ip_value,
pearson,files_malicious,init_cs_value,
pearson,files_malicious,over_lay_number,
pearson,files_malicious,oem_identifier,
pearson,files_malicious,address_of_ne_header,
pearson,files_malicious,SizeOfCode,
pearson,files_malicious,SizeOfInitializedData,
pearson,files_malicious,SizeOfUninitializedData,
pearson,files_malicious,AddressOfEntryPoint,
pearson,files_malicious,BaseOfCode,
pearson,files_malicious,BaseOfData,
pearson,files_malicious,ImageBase,
pearson,files_malicious,SectionAlignment,
pearson,files_malicious,FileAlignment,
pearson,files_malicious,OperatingSystemVersion,
pearson,files_malicious,ImageVersion,
pearson,files_malicious,SizeOfImage,
pearson,files_malicious,SizeOfHeaders,
pearson,files_malicious,Checksum,
pearson,files_malicious,SizeofStackReserve,
pearson,files_malicious,SizeofStackCommit,
pearson,files_malicious,SizeofHeapCommit,
pearson,files_malicious,SizeofHeapReserve,
pearson,files_malicious,LoaderFlags,
pearson,files_malicious,text_VirtualSize,
pearson,files_malicious,text_VirtualAddress,
pearson,files_malicious,text_SizeOfRawData,
pearson,files_malicious,text_PointerToRawData,
pearson,files_malicious,text_PointerToRelocations,
pearson,files_malicious,text_PointerToLineNumbers,
pearson,files_malicious,rdata_VirtualSize,
pearson,files_malicious,rdata_VirtualAddress,
pearson,files_malicious,rdata_SizeOfRawData,
pearson,files_malicious,rdata_PointerToRawData,
pearson,files_malicious,rdata_PointerToRelocations,
pearson,files_malicious,rdata_PointerToLineNumbers,
pearson,files_malicious,registry_read,
pearson,files_malicious,registry_write,
pearson,files_malicious,registry_delete,
pearson,files_malicious,registry_total,
pearson,files_malicious,network_threats,
pearson,files_malicious,network_dns,
pearson,files_malicious,network_http,
pearson,files_malicious,network_connections,
pearson,files_malicious,processes_malicious,
pearson,files_malicious,processes_suspicious,
pearson,files_malicious,processes_monitored,
pearson,files_malicious,total_procsses,
pearson,files_malicious,files_malicious,
pearson,files_malicious,files_suspicious,0.6005641089474305
pearson,files_malicious,files_text,0.14705666076993246
pearson,files_malicious,files_unknown,0.4818163462803699
pearson,files_malicious,dlls_calls,0.002340282411702928
pearson,files_malicious,apis,-0.010644627738448367
pearson,files_suspicious,EntryPoint,
pearson,files_suspicious,bytes_on_last_page,
pearson,files_suspicious,pages_in_file,
pearson,files_suspicious,relocations,
pearson,files_suspicious,size_of_header,
pearson,files_suspicious,min_extra_paragraphs,
pearson,files_suspicious,max_extra_paragraphs,
pearson,files_suspicious,init_ss_value,
pearson,files_suspicious,init_sp_value,
pearson,files_suspicious,init_ip_value,
pearson,files_suspicious,init_cs_value,
pearson,files_suspicious,over_lay_number,
pearson,files_suspicious,oem_identifier,
pearson,files_suspicious,address_of_ne_header,
pearson,files_suspicious,SizeOfCode,
pearson,files_suspicious,SizeOfInitializedData,
pearson,files_suspicious,SizeOfUninitializedData,
pearson,files_suspicious,AddressOfEntryPoint,
pearson,files_suspicious,BaseOfCode,
pearson,files_suspicious,BaseOfData,
pearson,files_suspicious,ImageBase,
pearson,files_suspicious,SectionAlignment,
pearson,files_suspicious,FileAlignment,
pearson,files_suspicious,OperatingSystemVersion,
pearson,files_suspicious,ImageVersion,
pearson,files_suspicious,SizeOfImage,
pearson,files_suspicious,SizeOfHeaders,
pearson,files_suspicious,Checksum,
pearson,files_suspicious,SizeofStackReserve,
pearson,files_suspicious,SizeofStackCommit,
pearson,files_suspicious,SizeofHeapCommit,
pearson,files_suspicious,SizeofHeapReserve,
pearson,files_suspicious,LoaderFlags,
pearson,files_suspicious,text_VirtualSize,
pearson,files_suspicious,text_VirtualAddress,
pearson,files_suspicious,text_SizeOfRawData,
pearson,files_suspicious,text_PointerToRawData,
pearson,files_suspicious,text_PointerToRelocations,
pearson,files_suspicious,text_PointerToLineNumbers,
pearson,files_suspicious,rdata_VirtualSize,
pearson,files_suspicious,rdata_VirtualAddress,
pearson,files_suspicious,rdata_SizeOfRawData,
pearson,files_suspicious,rdata_PointerToRawData,
pearson,files_suspicious,rdata_PointerToRelocations,
pearson,files_suspicious,rdata_PointerToLineNumbers,
pearson,files_suspicious,registry_read,
pearson,files_suspicious,registry_write,
pearson,files_suspicious,registry_delete,
pearson,files_suspicious,registry_total,
pearson,files_suspicious,network_threats,
pearson,files_suspicious,network_dns,
pearson,files_suspicious,network_http,
pearson,files_suspicious,network_connections,
pearson,files_suspicious,processes_malicious,
pearson,files_suspicious,processes_suspicious,
pearson,files_suspicious,processes_monitored,
pearson,files_suspicious,total_procsses,
pearson,files_suspicious,files_malicious,
pearson,files_suspicious,files_suspicious,
pearson,files_suspicious,files_text,0.43099879518123235
pearson,files_suspicious,files_unknown,0.4044343746217997
pearson,files_suspicious,dlls_calls,0.033230924871571914
pearson,files_suspicious,apis,0.0006754640173589147
pearson,files_text,EntryPoint,
pearson,files_text,bytes_on_last_page,
pearson,files_text,pages_in_file,
pearson,files_text,relocations,
pearson,files_text,size_of_header,
pearson,files_text,min_extra_paragraphs,
pearson,files_text,max_extra_paragraphs,
pearson,files_text,init_ss_value,
pearson,files_text,init_sp_value,
pearson,files_text,init_ip_value,
pearson,files_text,init_cs_value,
pearson,files_text,over_lay_number,
pearson,files_text,oem_identifier,
pearson,files_text,address_of_ne_header,
pearson,files_text,SizeOfCode,
pearson,files_text,SizeOfInitializedData,
pearson,files_text,SizeOfUninitializedData,
pearson,files_text,AddressOfEntryPoint,
pearson,files_text,BaseOfCode,
pearson,files_text,BaseOfData,
pearson,files_text,ImageBase,
pearson,files_text,SectionAlignment,
pearson,files_text,FileAlignment,
pearson,files_text,OperatingSystemVersion,
pearson,files_text,ImageVersion,
pearson,files_text,SizeOfImage,
pearson,files_text,SizeOfHeaders,
pearson,files_text,Checksum,
pearson,files_text,SizeofStackReserve,
pearson,files_text,SizeofStackCommit,
pearson,files_text,SizeofHeapCommit,
pearson,files_text,SizeofHeapReserve,
pearson,files_text,LoaderFlags,
pearson,files_text,text_VirtualSize,
pearson,files_text,text_VirtualAddress,
pearson,files_text,text_SizeOfRawData,
pearson,files_text,text_PointerToRawData,
pearson,files_text,text_PointerToRelocations,
pearson,files_text,text_PointerToLineNumbers,
pearson,files_text,rdata_VirtualSize,
pearson,files_text,rdata_VirtualAddress,
pearson,files_text,rdata_SizeOfRawData,
pearson,files_text,rdata_PointerToRawData,
pearson,files_text,rdata_PointerToRelocations,
pearson,files_text,rdata_PointerToLineNumbers,
pearson,files_text,registry_read,
pearson,files_text,registry_write,
pearson,files_text,registry_delete,
pearson,files_text,registry_total,
pearson,files_text,network_threats,
pearson,files_text,network_dns,
pearson,files_text,network_http,
pearson,files_text,network_connections,
pearson,files_text,processes_malicious,
pearson,files_text,processes_suspicious,
pearson,files_text,processes_monitored,
pearson,files_text,total_procsses,
pearson,files_text,files_malicious,
pearson,files_text,files_suspicious,
pearson,files_text,files_text,
pearson,files_text,files_unknown,0.14351182913403257
pearson,files_text,dlls_calls,0.06554743355238492
pearson,files_text,apis,0.026703581362418956
pearson,files_unknown,EntryPoint,
pearson,files_unknown,bytes_on_last_page,
pearson,files_unknown,pages_in_file,
pearson,files_unknown,relocations,
pearson,files_unknown,size_of_header,
pearson,files_unknown,min_extra_paragraphs,
pearson,files_unknown,max_extra_paragraphs,
pearson,files_unknown,init_ss_value,
pearson,files_unknown,init_sp_value,
pearson,files_unknown,init_ip_value,
pearson,files_unknown,init_cs_value,
pearson,files_unknown,over_lay_number,
pearson,files_unknown,oem_identifier,
pearson,files_unknown,address_of_ne_header,
pearson,files_unknown,SizeOfCode,
pearson,files_unknown,SizeOfInitializedData,
pearson,files_unknown,SizeOfUninitializedData,
pearson,files_unknown,AddressOfEntryPoint,
pearson,files_unknown,BaseOfCode,
pearson,files_unknown,BaseOfData,
pearson,files_unknown,ImageBase,
pearson,files_unknown,SectionAlignment,
pearson,files_unknown,FileAlignment,
pearson,files_unknown,OperatingSystemVersion,
pearson,files_unknown,ImageVersion,
pearson,files_unknown,SizeOfImage,
pearson,files_unknown,SizeOfHeaders,
pearson,files_unknown,Checksum,
pearson,files_unknown,SizeofStackReserve,
pearson,files_unknown,SizeofStackCommit,
pearson,files_unknown,SizeofHeapCommit,
pearson,files_unknown,SizeofHeapReserve,
pearson,files_unknown,LoaderFlags,
pearson,files_unknown,text_VirtualSize,
pearson,files_unknown,text_VirtualAddress,
pearson,files_unknown,text_SizeOfRawData,
pearson,files_unknown,text_PointerToRawData,
pearson,files_unknown,text_PointerToRelocations,
pearson,files_unknown,text_PointerToLineNumbers,
pearson,files_unknown,rdata_VirtualSize,
pearson,files_unknown,rdata_VirtualAddress,
pearson,files_unknown,rdata_SizeOfRawData,
pearson,files_unknown,rdata_PointerToRawData,
pearson,files_unknown,rdata_PointerToRelocations,
pearson,files_unknown,rdata_PointerToLineNumbers,
pearson,files_unknown,registry_read,
pearson,files_unknown,registry_write,
pearson,files_unknown,registry_delete,
pearson,files_unknown,registry_total,
pearson,files_unknown,network_threats,
pearson,files_unknown,network_dns,
pearson,files_unknown,network_http,
pearson,files_unknown,network_connections,
pearson,files_unknown,processes_malicious,
pearson,files_unknown,processes_suspicious,
pearson,files_unknown,processes_monitored,
pearson,files_unknown,total_procsses,
pearson,files_unknown,files_malicious,
pearson,files_unknown,files_suspicious,
pearson,files_unknown,files_text,
pearson,files_unknown,files_unknown,
pearson,files_unknown,dlls_calls,0.03663588152832938
pearson,files_unknown,apis,0.0032905084037069174
pearson,dlls_calls,EntryPoint,
pearson,dlls_calls,bytes_on_last_page,
pearson,dlls_calls,pages_in_file,
pearson,dlls_calls,relocations,
pearson,dlls_calls,size_of_header,
pearson,dlls_calls,min_extra_paragraphs,
pearson,dlls_calls,max_extra_paragraphs,
pearson,dlls_calls,init_ss_value,
pearson,dlls_calls,init_sp_value,
pearson,dlls_calls,init_ip_value,
pearson,dlls_calls,init_cs_value,
pearson,dlls_calls,over_lay_number,
pearson,dlls_calls,oem_identifier,
pearson,dlls_calls,address_of_ne_header,
pearson,dlls_calls,SizeOfCode,
pearson,dlls_calls,SizeOfInitializedData,
pearson,dlls_calls,SizeOfUninitializedData,
pearson,dlls_calls,AddressOfEntryPoint,
pearson,dlls_calls,BaseOfCode,
pearson,dlls_calls,BaseOfData,
pearson,dlls_calls,ImageBase,
pearson,dlls_calls,SectionAlignment,
pearson,dlls_calls,FileAlignment,
pearson,dlls_calls,OperatingSystemVersion,
pearson,dlls_calls,ImageVersion,
pearson,dlls_calls,SizeOfImage,
pearson,dlls_calls,SizeOfHeaders,
pearson,dlls_calls,Checksum,
pearson,dlls_calls,SizeofStackReserve,
pearson,dlls_calls,SizeofStackCommit,
pearson,dlls_calls,SizeofHeapCommit,
pearson,dlls_calls,SizeofHeapReserve,
pearson,dlls_calls,LoaderFlags,
pearson,dlls_calls,text_VirtualSize,
pearson,dlls_calls,text_VirtualAddress,
pearson,dlls_calls,text_SizeOfRawData,
pearson,dlls_calls,text_PointerToRawData,
pearson,dlls_calls,text_PointerToRelocations,
pearson,dlls_calls,text_PointerToLineNumbers,
pearson,dlls_calls,rdata_VirtualSize,
pearson,dlls_calls,rdata_VirtualAddress,
pearson,dlls_calls,rdata_SizeOfRawData,
pearson,dlls_calls,rdata_PointerToRawData,
pearson,dlls_calls,rdata_PointerToRelocations,
pearson,dlls_calls,rdata_PointerToLineNumbers,
pearson,dlls_calls,registry_read,
pearson,dlls_calls,registry_write,
pearson,dlls_calls,registry_delete,
pearson,dlls_calls,registry_total,
pearson,dlls_calls,network_threats,
pearson,dlls_calls,network_dns,
pearson,dlls_calls,network_http,
pearson,dlls_calls,network_connections,
pearson,dlls_calls,processes_malicious,
pearson,dlls_calls,processes_suspicious,
pearson,dlls_calls,processes_monitored,
pearson,dlls_calls,total_procsses,
pearson,dlls_calls,files_malicious,
pearson,dlls_calls,files_suspicious,
pearson,dlls_calls,files_text,
pearson,dlls_calls,files_unknown,
pearson,dlls_calls,dlls_calls,
pearson,dlls_calls,apis,0.6147326181187791
pearson,apis,EntryPoint,
pearson,apis,bytes_on_last_page,
pearson,apis,pages_in_file,
pearson,apis,relocations,
pearson,apis,size_of_header,
pearson,apis,min_extra_paragraphs,
pearson,apis,max_extra_paragraphs,
pearson,apis,init_ss_value,
pearson,apis,init_sp_value,
pearson,apis,init_ip_value,
pearson,apis,init_cs_value,
pearson,apis,over_lay_number,
pearson,apis,oem_identifier,
pearson,apis,address_of_ne_header,
pearson,apis,SizeOfCode,
pearson,apis,SizeOfInitializedData,
pearson,apis,SizeOfUninitializedData,
pearson,apis,AddressOfEntryPoint,
pearson,apis,BaseOfCode,
pearson,apis,BaseOfData,
pearson,apis,ImageBase,
pearson,apis,SectionAlignment,
pearson,apis,FileAlignment,
pearson,apis,OperatingSystemVersion,
pearson,apis,ImageVersion,
pearson,apis,SizeOfImage,
pearson,apis,SizeOfHeaders,
pearson,apis,Checksum,
pearson,apis,SizeofStackReserve,
pearson,apis,SizeofStackCommit,
pearson,apis,SizeofHeapCommit,
pearson,apis,SizeofHeapReserve,
pearson,apis,LoaderFlags,
pearson,apis,text_VirtualSize,
pearson,apis,text_VirtualAddress,
pearson,apis,text_SizeOfRawData,
pearson,apis,text_PointerToRawData,
pearson,apis,text_PointerToRelocations,
pearson,apis,text_PointerToLineNumbers,
pearson,apis,rdata_VirtualSize,
pearson,apis,rdata_VirtualAddress,
pearson,apis,rdata_SizeOfRawData,
pearson,apis,rdata_PointerToRawData,
pearson,apis,rdata_PointerToRelocations,
pearson,apis,rdata_PointerToLineNumbers,
pearson,apis,registry_read,
pearson,apis,registry_write,
pearson,apis,registry_delete,
pearson,apis,registry_total,
pearson,apis,network_threats,
pearson,apis,network_dns,
pearson,apis,network_http,
pearson,apis,network_connections,
pearson,apis,processes_malicious,
pearson,apis,processes_suspicious,
pearson,apis,processes_monitored,
pearson,apis,total_procsses,
pearson,apis,files_malicious,
pearson,apis,files_suspicious,
pearson,apis,files_text,
pearson,apis,files_unknown,
pearson,apis,dlls_calls,
pearson,apis,apis,
spearman,EntryPoint,EntryPoint,
spearman,EntryPoint,bytes_on_last_page,-0.12845147282036365
spearman,EntryPoint,pages_in_file,-0.12662518525748465
spearman,EntryPoint,relocations,0.08346534519189358
spearman,EntryPoint,size_of_header,-0.12085911963089066
spearman,EntryPoint,min_extra_paragraphs,0.07813244615068249
spearman,EntryPoint,max_extra_paragraphs,-0.12967092777593256
spearman,EntryPoint,init_ss_value,0.018516188460268687
spearman,EntryPoint,init_sp_value,-0.13044604039242663
spearman,EntryPoint,init_ip_value,-0.001729330370529666
spearman,EntryPoint,init_cs_value,0.011659559612798456
spearman,EntryPoint,over_lay_number,0.08648684192093353
spearman,EntryPoint,oem_identifier,0.028026772688544716
spearman,EntryPoint,address_of_ne_header,-0.06138126097669996
spearman,EntryPoint,SizeOfCode,0.484881996023543
spearman,EntryPoint,SizeOfInitializedData,-0.008334328853673757
spearman,EntryPoint,SizeOfUninitializedData,-0.08008692925670755
spearman,EntryPoint,AddressOfEntryPoint,0.7915024305854292
spearman,EntryPoint,BaseOfCode,0.2670877196853649
spearman,EntryPoint,BaseOfData,0.37672045321231806
spearman,EntryPoint,ImageBase,-0.03880506694214046
spearman,EntryPoint,SectionAlignment,0.19773452301686753
spearman,EntryPoint,FileAlignment,-0.14582624049251613
spearman,EntryPoint,OperatingSystemVersion,0.0011246960991662543
spearman,EntryPoint,ImageVersion,-0.23514335436269013
spearman,EntryPoint,SizeOfImage,0.3509082210145878
spearman,EntryPoint,SizeOfHeaders,-0.17010131773435586
spearman,EntryPoint,Checksum,-0.09960342495452146
spearman,EntryPoint,SizeofStackReserve,-0.0838068802070794
spearman,EntryPoint,SizeofStackCommit,-0.02248846851915025
spearman,EntryPoint,SizeofHeapCommit,-0.11621018511771383
spearman,EntryPoint,SizeofHeapReserve,-0.02305498490537445
spearman,EntryPoint,LoaderFlags,-0.02449895931348218
spearman,EntryPoint,text_VirtualSize,0.4545946957179362
spearman,EntryPoint,text_VirtualAddress,0.18833184382972462
spearman,EntryPoint,text_SizeOfRawData,0.3804077030327438
spearman,EntryPoint,text_PointerToRawData,-0.30728290810080205
spearman,EntryPoint,text_PointerToRelocations,-0.026790962058151072
spearman,EntryPoint,text_PointerToLineNumbers,-0.020043480070887
spearman,EntryPoint,rdata_VirtualSize,0.1161554731292598
spearman,EntryPoint,rdata_VirtualAddress,0.23600219518539106
spearman,EntryPoint,rdata_SizeOfRawData,0.04357094449327844
spearman,EntryPoint,rdata_PointerToRawData,0.16006308887493248
spearman,EntryPoint,rdata_PointerToRelocations,-0.0073584280787296905
spearman,EntryPoint,rdata_PointerToLineNumbers,-0.0073584280787296905
spearman,EntryPoint,registry_read,-0.005269490978172374
spearman,EntryPoint,registry_write,0.010065943116868007
spearman,EntryPoint,registry_delete,0.004227979716294007
spearman,EntryPoint,registry_total,-0.012084944905122623
spearman,EntryPoint,network_threats,
spearman,EntryPoint,network_dns,0.06034622120421999
spearman,EntryPoint,network_http,0.0021066012966766572
spearman,EntryPoint,network_connections,0.0898488937807214
spearman,EntryPoint,processes_malicious,-0.025882446254411044
spearman,EntryPoint,processes_suspicious,-0.030433304728738373
spearman,EntryPoint,processes_monitored,-0.03134512241544525
spearman,EntryPoint,total_procsses,-0.07264891312498267
spearman,EntryPoint,files_malicious,-0.10069619781702317
spearman,EntryPoint,files_suspicious,-0.12236909394529641
spearman,EntryPoint,files_text,-0.06679798121107784
spearman,EntryPoint,files_unknown,-0.08335363300453616
spearman,EntryPoint,dlls_calls,-0.02696984250950502
spearman,EntryPoint,apis,-0.16489245916330514
spearman,bytes_on_last_page,EntryPoint,
spearman,bytes_on_last_page,bytes_on_last_page,
spearman,bytes_on_last_page,pages_in_file,0.9700934384522273
spearman,bytes_on_last_page,relocations,0.1697860226942556
spearman,bytes_on_last_page,size_of_header,0.4936364514303375
spearman,bytes_on_last_page,min_extra_paragraphs,-0.6175545399802256
spearman,bytes_on_last_page,max_extra_paragraphs,0.3978281189854359
spearman,bytes_on_last_page,init_ss_value,0.1372704074718722
spearman,bytes_on_last_page,init_sp_value,0.42566937044573316
spearman,bytes_on_last_page,init_ip_value,0.07491588788107849
spearman,bytes_on_last_page,init_cs_value,0.1605813718414407
spearman,bytes_on_last_page,over_lay_number,-0.6166530435879657
spearman,bytes_on_last_page,oem_identifier,-0.10507932944717073
spearman,bytes_on_last_page,address_of_ne_header,0.011437533777887835
spearman,bytes_on_last_page,SizeOfCode,0.04059525066580309
spearman,bytes_on_last_page,SizeOfInitializedData,0.060548681015145024
spearman,bytes_on_last_page,SizeOfUninitializedData,0.007115144562847974
spearman,bytes_on_last_page,AddressOfEntryPoint,0.017322562795534416
spearman,bytes_on_last_page,BaseOfCode,0.17545100914311818
spearman,bytes_on_last_page,BaseOfData,0.039906619070789545
spearman,bytes_on_last_page,ImageBase,0.20824705076856342
spearman,bytes_on_last_page,SectionAlignment,0.23095485220181394
spearman,bytes_on_last_page,FileAlignment,0.2544680752681105
spearman,bytes_on_last_page,OperatingSystemVersion,0.19609491823721373
spearman,bytes_on_last_page,ImageVersion,0.038488474912538505
spearman,bytes_on_last_page,SizeOfImage,0.06153440857260462
spearman,bytes_on_last_page,SizeOfHeaders,0.08636371012432681
spearman,bytes_on_last_page,Checksum,0.05557052142431327
spearman,bytes_on_last_page,SizeofStackReserve,0.2258834947546511
spearman,bytes_on_last_page,SizeofStackCommit,-0.2914735645726246
spearman,bytes_on_last_page,SizeofHeapCommit,0.36128958893200636
spearman,bytes_on_last_page,SizeofHeapReserve,0.3651098955082111
spearman,bytes_on_last_page,LoaderFlags,0.004773619714017228
spearman,bytes_on_last_page,text_VirtualSize,0.05202680596805812
spearman,bytes_on_last_page,text_VirtualAddress,0.1480744131834513
spearman,bytes_on_last_page,text_SizeOfRawData,0.06004270364635427
spearman,bytes_on_last_page,text_PointerToRawData,0.10033075591238724
spearman,bytes_on_last_page,text_PointerToRelocations,-0.0011870423477140953
spearman,bytes_on_last_page,text_PointerToLineNumbers,-0.010717293496206896
spearman,bytes_on_last_page,rdata_VirtualSize,0.2736391463207663
spearman,bytes_on_last_page,rdata_VirtualAddress,-0.004426956717017358
spearman,bytes_on_last_page,rdata_SizeOfRawData,0.26311262388853435
spearman,bytes_on_last_page,rdata_PointerToRawData,0.019832964349304684
spearman,bytes_on_last_page,rdata_PointerToRelocations,-0.012876620957650353
spearman,bytes_on_last_page,rdata_PointerToLineNumbers,-0.012876620957650353
spearman,bytes_on_last_page,registry_read,-0.04587279164499896
spearman,bytes_on_last_page,registry_write,-0.02307158581443548
spearman,bytes_on_last_page,registry_delete,-0.04574808535684486
spearman,bytes_on_last_page,registry_total,-0.04294210682584892
spearman,bytes_on_last_page,network_threats,
spearman,bytes_on_last_page,network_dns,-0.042326411604115176
spearman,bytes_on_last_page,network_http,0.03304228812638453
spearman,bytes_on_last_page,network_connections,-0.08693852017945095
spearman,bytes_on_last_page,processes_malicious,0.02033689635916437
spearman,bytes_on_last_page,processes_suspicious,0.019343101684196843
spearman,bytes_on_last_page,processes_monitored,-0.00623075038364495
spearman,bytes_on_last_page,total_procsses,0.02859561344464636
spearman,bytes_on_last_page,files_malicious,0.016489677876805206
spearman,bytes_on_last_page,files_suspicious,0.03937213115694506
spearman,bytes_on_last_page,files_text,0.025596967992010937
spearman,bytes_on_last_page,files_unknown,0.05279926465054353
spearman,bytes_on_last_page,dlls_calls,-0.0037797887741828524
spearman,bytes_on_last_page,apis,0.0634897650022662
spearman,pages_in_file,EntryPoint,
spearman,pages_in_file,bytes_on_last_page,
spearman,pages_in_file,pages_in_file,
spearman,pages_in_file,relocations,0.18593693721206164
spearman,pages_in_file,size_of_header,0.5043345151989269
spearman,pages_in_file,min_extra_paragraphs,-0.5947620801714936
spearman,pages_in_file,max_extra_paragraphs,0.3843808937154909
spearman,pages_in_file,init_ss_value,0.1941350075677348
spearman,pages_in_file,init_sp_value,0.4619263863184398
spearman,pages_in_file,init_ip_value,0.11316152386500852
spearman,pages_in_file,init_cs_value,0.18396409192244315
spearman,pages_in_file,over_lay_number,-0.5932931004070222
spearman,pages_in_file,oem_identifier,-0.0811983877018685
spearman,pages_in_file,address_of_ne_header,0.019694876069127107
spearman,pages_in_file,SizeOfCode,0.04485521750967737
spearman,pages_in_file,SizeOfInitializedData,0.06142975077879654
spearman,pages_in_file,SizeOfUninitializedData,0.006182606448626355
spearman,pages_in_file,AddressOfEntryPoint,0.020570423731750515
spearman,pages_in_file,BaseOfCode,0.17560336218359848
spearman,pages_in_file,BaseOfData,0.04636240604831
spearman,pages_in_file,ImageBase,0.2044960178498991
spearman,pages_in_file,SectionAlignment,0.2289384362446102
spearman,pages_in_file,FileAlignment,0.24640787024312943
spearman,pages_in_file,OperatingSystemVersion,0.1936263519189152
spearman,pages_in_file,ImageVersion,0.04030909497983851
spearman,pages_in_file,SizeOfImage,0.06354349173852714
spearman,pages_in_file,SizeOfHeaders,0.08778572800251132
spearman,pages_in_file,Checksum,0.05798358461131813
spearman,pages_in_file,SizeofStackReserve,0.2220042973434681
spearman,pages_in_file,SizeofStackCommit,-0.27860800471278147
spearman,pages_in_file,SizeofHeapCommit,0.36223696260759236
spearman,pages_in_file,SizeofHeapReserve,0.3646049637055626
spearman,pages_in_file,LoaderFlags,0.016468835603892933
spearman,pages_in_file,text_VirtualSize,0.050525939062205295
spearman,pages_in_file,text_VirtualAddress,0.14988248105113783
spearman,pages_in_file,text_SizeOfRawData,0.061936494237637967
spearman,pages_in_file,text_PointerToRawData,0.0987228773525582
spearman,pages_in_file,text_PointerToRelocations,-0.012538300281375692
spearman,pages_in_file,text_PointerToLineNumbers,0.0005115520785532719
spearman,pages_in_file,rdata_VirtualSize,0.2646937008300602
spearman,pages_in_file,rdata_VirtualAddress,-0.002623419576002468
spearman,pages_in_file,rdata_SizeOfRawData,0.25536639208003653
spearman,pages_in_file,rdata_PointerToRawData,0.020438815733969988
spearman,pages_in_file,rdata_PointerToRelocations,-0.012470518354059918
spearman,pages_in_file,rdata_PointerToLineNumbers,-0.012470518354059918
spearman,pages_in_file,registry_read,-0.045358742386785264
spearman,pages_in_file,registry_write,-0.022986453480403516
spearman,pages_in_file,registry_delete,-0.04508477100756094
spearman,pages_in_file,registry_total,-0.04134232519969054
spearman,pages_in_file,network_threats,
spearman,pages_in_file,network_dns,-0.03978814690733559
spearman,pages_in_file,network_http,0.033744183501429
spearman,pages_in_file,network_connections,-0.08795103779344783
spearman,pages_in_file,processes_malicious,0.021519353507161828
spearman,pages_in_file,processes_suspicious,0.020761518359968343
spearman,pages_in_file,processes_monitored,-0.0020468317381446177
spearman,pages_in_file,total_procsses,0.03322268155886629
spearman,pages_in_file,files_malicious,0.018020192719378596
spearman,pages_in_file,files_suspicious,0.04251937252996631
spearman,pages_in_file,files_text,0.02779509804630039
spearman,pages_in_file,files_unknown,0.052280080747927
spearman,pages_in_file,dlls_calls,-0.0012196188172022757
spearman,pages_in_file,apis,0.06622754808550303
spearman,relocations,EntryPoint,
spearman,relocations,bytes_on_last_page,
spearman,relocations,pages_in_file,
spearman,relocations,relocations,
spearman,relocations,size_of_header,-0.21172957148166707
spearman,relocations,min_extra_paragraphs,0.12197327555624143
spearman,relocations,max_extra_paragraphs,-0.16770893637754766
spearman,relocations,init_ss_value,0.38191320745911084
spearman,relocations,init_sp_value,-0.19427001015787732
spearman,relocations,init_ip_value,0.3626341883119847
spearman,relocations,init_cs_value,0.4083055386539414
spearman,relocations,over_lay_number,0.10566285170258315
spearman,relocations,oem_identifier,0.2925834519707794
spearman,relocations,address_of_ne_header,-0.051150163576068504
spearman,relocations,SizeOfCode,0.11192134205371625
spearman,relocations,SizeOfInitializedData,0.036162226804928504
spearman,relocations,SizeOfUninitializedData,0.02654715729410819
spearman,relocations,AddressOfEntryPoint,0.09529919981742775
spearman,relocations,BaseOfCode,-0.016645539416558486
spearman,relocations,BaseOfData,0.05969381139105379
spearman,relocations,ImageBase,-0.023264954530720586
spearman,relocations,SectionAlignment,-0.06977843292409983
spearman,relocations,FileAlignment,-0.014742289684284038
spearman,relocations,OperatingSystemVersion,0.1136673896251457
spearman,relocations,ImageVersion,0.17007976970887925
spearman,relocations,SizeOfImage,0.12351440808327387
spearman,relocations,SizeOfHeaders,0.1126884640632234
spearman,relocations,Checksum,-0.0414240163545768
spearman,relocations,SizeofStackReserve,0.12359771144756847
spearman,relocations,SizeofStackCommit,-0.018538027078894546
spearman,relocations,SizeofHeapCommit,0.004183068518312931
spearman,relocations,SizeofHeapReserve,0.004801600833227109
spearman,relocations,LoaderFlags,-0.0025949286118909028
spearman,relocations,text_VirtualSize,0.10938734088070022
spearman,relocations,text_VirtualAddress,-0.052449867880367276
spearman,relocations,text_SizeOfRawData,0.10347631612095176
spearman,relocations,text_PointerToRawData,0.06902000931513654
spearman,relocations,text_PointerToRelocations,-0.005193224961942346
spearman,relocations,text_PointerToLineNumbers,-0.0055088407737775135
spearman,relocations,rdata_VirtualSize,0.11252237665189724
spearman,relocations,rdata_VirtualAddress,0.1100801014330665
spearman,relocations,rdata_SizeOfRawData,0.09981415660675798
spearman,relocations,rdata_PointerToRawData,0.10017621328628597
spearman,relocations,rdata_PointerToRelocations,-0.0018346933900041532
spearman,relocations,rdata_PointerToLineNumbers,-0.0018346933900041532
spearman,relocations,registry_read,-0.0794537735375613
spearman,relocations,registry_write,-0.054696538232285506
spearman,relocations,registry_delete,-0.0205213802649893
spearman,relocations,registry_total,-0.07859215040002346
spearman,relocations,network_threats,
spearman,relocations,network_dns,-0.03607262392245785
spearman,relocations,network_http,-0.04848305421953213
spearman,relocations,network_connections,-0.057580437113894545
spearman,relocations,processes_malicious,-0.06627233762105222
spearman,relocations,processes_suspicious,-0.021120871321882125
spearman,relocations,processes_monitored,-0.09064131020632285
spearman,relocations,total_procsses,-0.0702955211727901
spearman,relocations,files_malicious,-0.056669004454016764
spearman,relocations,files_suspicious,-0.052948402323755486
spearman,relocations,files_text,-0.0560093431693583
spearman,relocations,files_unknown,-0.04217715960985464
spearman,relocations,dlls_calls,-0.04029643920992686
spearman,relocations,apis,-0.018878919132037444
spearman,size_of_header,EntryPoint,
spearman,size_of_header,bytes_on_last_page,
spearman,size_of_header,pages_in_file,
spearman,size_of_header,relocations,
spearman,size_of_header,size_of_header,
spearman,size_of_header,min_extra_paragraphs,0.1361180518486071
spearman,size_of_header,max_extra_paragraphs,0.40700641978021884
spearman,size_of_header,init_ss_value,0.28296368522441057
spearman,size_of_header,init_sp_value,0.7965150212912463
spearman,size_of_header,init_ip_value,0.18293728795172096
spearman,size_of_header,init_cs_value,0.28721286436236926
spearman,size_of_header,over_lay_number,0.12600264192760643
spearman,size_of_header,oem_identifier,-0.1361416999385932
spearman,size_of_header,address_of_ne_header,0.2797009827788223
spearman,size_of_header,SizeOfCode,0.10828719806625989
spearman,size_of_header,SizeOfInitializedData,0.14171967706005628
spearman,size_of_header,SizeOfUninitializedData,0.026620648300870554
spearman,size_of_header,AddressOfEntryPoint,0.10779038055929263
spearman,size_of_header,BaseOfCode,0.19848153677769653
spearman,size_of_header,BaseOfData,0.1371067546077723
spearman,size_of_header,ImageBase,0.2896971584353314
spearman,size_of_header,SectionAlignment,0.2137009698306155
spearman,size_of_header,FileAlignment,0.3030979702030532
spearman,size_of_header,OperatingSystemVersion,0.10317035876889069
spearman,size_of_header,ImageVersion,-0.08390123250545263
spearman,size_of_header,SizeOfImage,0.10701392003044291
spearman,size_of_header,SizeOfHeaders,0.1697964704457932
spearman,size_of_header,Checksum,0.11044009659037483
spearman,size_of_header,SizeofStackReserve,0.2040240580555206
spearman,size_of_header,SizeofStackCommit,0.23284512081186973
spearman,size_of_header,SizeofHeapCommit,0.4861436962362377
spearman,size_of_header,SizeofHeapReserve,0.4789234072758472
spearman,size_of_header,LoaderFlags,0.0031547695518243605
spearman,size_of_header,text_VirtualSize,0.10929309328799676
spearman,size_of_header,text_VirtualAddress,0.1988303679303223
spearman,size_of_header,text_SizeOfRawData,0.11081656353794916
spearman,size_of_header,text_PointerToRawData,0.14292162294966973
spearman,size_of_header,text_PointerToRelocations,0.006313633411969461
spearman,size_of_header,text_PointerToLineNumbers,0.006697341521968819
spearman,size_of_header,rdata_VirtualSize,0.09225152110896015
spearman,size_of_header,rdata_VirtualAddress,0.10376568466015312
spearman,size_of_header,rdata_SizeOfRawData,0.09293690370150388
spearman,size_of_header,rdata_PointerToRawData,0.10548436781868387
spearman,size_of_header,rdata_PointerToRelocations,0.0022305179484305073
spearman,size_of_header,rdata_PointerToLineNumbers,0.0022305179484305073
spearman,size_of_header,registry_read,-0.03242186346832185
spearman,size_of_header,registry_write,-0.055551823581844684
spearman,size_of_header,registry_delete,-0.025317182221410526
spearman,size_of_header,registry_total,-0.030076995859332607
spearman,size_of_header,network_threats,
spearman,size_of_header,network_dns,-0.07721371257714542
spearman,size_of_header,network_http,0.03747112314744447
spearman,size_of_header,network_connections,-0.0828135669705323
spearman,size_of_header,processes_malicious,-0.050614078229569315
spearman,size_of_header,processes_suspicious,0.032603136015142344
spearman,size_of_header,processes_monitored,0.012632860069852137
spearman,size_of_header,total_procsses,0.09394843642267126
spearman,size_of_header,files_malicious,0.009461188094090934
spearman,size_of_header,files_suspicious,0.052259175784361296
spearman,size_of_header,files_text,0.04201336675201746
spearman,size_of_header,files_unknown,0.07061203509797671
spearman,size_of_header,dlls_calls,0.15541595747608747
spearman,size_of_header,apis,0.14653878955700084
spearman,min_extra_paragraphs,EntryPoint,
spearman,min_extra_paragraphs,bytes_on_last_page,
spearman,min_extra_paragraphs,pages_in_file,
spearman,min_extra_paragraphs,relocations,
spearman,min_extra_paragraphs,size_of_header,
spearman,min_extra_paragraphs,min_extra_paragraphs,
spearman,min_extra_paragraphs,max_extra_paragraphs,-0.08878330160138484
spearman,min_extra_paragraphs,init_ss_value,0.2921908845185237
spearman,min_extra_paragraphs,init_sp_value,0.14667234296600723
spearman,min_extra_paragraphs,init_ip_value,0.2672210151311123
spearman,min_extra_paragraphs,init_cs_value,0.2740196696288702
spearman,min_extra_paragraphs,over_lay_number,0.9609844873627514
spearman,min_extra_paragraphs,oem_identifier,0.15658740093911755
spearman,min_extra_paragraphs,address_of_ne_header,0.2473239156161984
spearman,min_extra_paragraphs,SizeOfCode,0.08656009542920537
spearman,min_extra_paragraphs,SizeOfInitializedData,0.052040922283963745
spearman,min_extra_paragraphs,SizeOfUninitializedData,0.03035569299342419
spearman,min_extra_paragraphs,AddressOfEntryPoint,0.10389064874923425
spearman,min_extra_paragraphs,BaseOfCode,-0.04237426070560918
spearman,min_extra_paragraphs,BaseOfData,0.11756879803175233
spearman,min_extra_paragraphs,ImageBase,-0.03799183503250808
spearman,min_extra_paragraphs,SectionAlignment,-0.12120330317587205
spearman,min_extra_paragraphs,FileAlignment,-0.04238340393507092
spearman,min_extra_paragraphs,OperatingSystemVersion,-0.1053746000421704
spearman,min_extra_paragraphs,ImageVersion,-0.012617491425518804
spearman,min_extra_paragraphs,SizeOfImage,0.07413996261845643
spearman,min_extra_paragraphs,SizeOfHeaders,0.09873178364229979
spearman,min_extra_paragraphs,Checksum,-0.01869814387803735
spearman,min_extra_paragraphs,SizeofStackReserve,-0.03150577820719435
spearman,min_extra_paragraphs,SizeofStackCommit,0.5768155962827625
spearman,min_extra_paragraphs,SizeofHeapCommit,-0.014202236750503902
spearman,min_extra_paragraphs,SizeofHeapReserve,-0.02202464113828543
spearman,min_extra_paragraphs,LoaderFlags,0.010788883416464919
spearman,min_extra_paragraphs,text_VirtualSize,0.08401171903399281
spearman,min_extra_paragraphs,text_VirtualAddress,-0.025218779312233545
spearman,min_extra_paragraphs,text_SizeOfRawData,0.0731829686926154
spearman,min_extra_paragraphs,text_PointerToRawData,0.045305402124959565
spearman,min_extra_paragraphs,text_PointerToRelocations,0.012519357451904654
spearman,min_extra_paragraphs,text_PointerToLineNumbers,0.010661897221261962
spearman,min_extra_paragraphs,rdata_VirtualSize,-0.2197737520236542
spearman,min_extra_paragraphs,rdata_VirtualAddress,0.13940074561517232
spearman,min_extra_paragraphs,rdata_SizeOfRawData,-0.2116755657241435
spearman,min_extra_paragraphs,rdata_PointerToRawData,0.10460722415989723
spearman,min_extra_paragraphs,rdata_PointerToRelocations,0.017736291730613047
spearman,min_extra_paragraphs,rdata_PointerToLineNumbers,0.017736291730613047
spearman,min_extra_paragraphs,registry_read,-0.006984130757868743
spearman,min_extra_paragraphs,registry_write,-0.03967514305714277
spearman,min_extra_paragraphs,registry_delete,0.02581315882849124
spearman,min_extra_paragraphs,registry_total,-0.00897291367960188
spearman,min_extra_paragraphs,network_threats,
spearman,min_extra_paragraphs,network_dns,-0.033745060742011675
spearman,min_extra_paragraphs,network_http,-0.026647958020688665
spearman,min_extra_paragraphs,network_connections,0.004387850934607612
spearman,min_extra_paragraphs,processes_malicious,-0.09281220067874561
spearman,min_extra_paragraphs,processes_suspicious,-0.002345264064015749
spearman,min_extra_paragraphs,processes_monitored,-0.017949805162415264
spearman,min_extra_paragraphs,total_procsses,0.02197423773207579
spearman,min_extra_paragraphs,files_malicious,-0.03248469199626558
spearman,min_extra_paragraphs,files_suspicious,-0.02368702674775712
spearman,min_extra_paragraphs,files_text,-0.017433105408078416
spearman,min_extra_paragraphs,files_unknown,-0.014310756258913416
spearman,min_extra_paragraphs,dlls_calls,0.10471387844333985
spearman,min_extra_paragraphs,apis,0.022158112722604307
spearman,max_extra_paragraphs,EntryPoint,
spearman,max_extra_paragraphs,bytes_on_last_page,
spearman,max_extra_paragraphs,pages_in_file,
spearman,max_extra_paragraphs,relocations,
spearman,max_extra_paragraphs,size_of_header,
spearman,max_extra_paragraphs,min_extra_paragraphs,
spearman,max_extra_paragraphs,max_extra_paragraphs,
spearman,max_extra_paragraphs,init_ss_value,-0.34154282629286975
spearman,max_extra_paragraphs,init_sp_value,0.5140822163796129
spearman,max_extra_paragraphs,init_ip_value,-0.3304588902984187
spearman,max_extra_paragraphs,init_cs_value,-0.36407048250753593
spearman,max_extra_paragraphs,over_lay_number,-0.07580074304496305
spearman,max_extra_paragraphs,oem_identifier,-0.234301799680463
spearman,max_extra_paragraphs,address_of_ne_header,0.23464531375977407
spearman,max_extra_paragraphs,SizeOfCode,0.14689402039374314
spearman,max_extra_paragraphs,SizeOfInitializedData,0.15058136001879488
spearman,max_extra_paragraphs,SizeOfUninitializedData,0.051275251958956235
spearman,max_extra_paragraphs,AddressOfEntryPoint,0.1380900030772343
spearman,max_extra_paragraphs,BaseOfCode,0.24332516839382792
spearman,max_extra_paragraphs,BaseOfData,0.19486798708988337
spearman,max_extra_paragraphs,ImageBase,0.3080638414306325
spearman,max_extra_paragraphs,SectionAlignment,0.26325453887709327
spearman,max_extra_paragraphs,FileAlignment,0.34031979029953735
spearman,max_extra_paragraphs,OperatingSystemVersion,0.16251375216575825
spearman,max_extra_paragraphs,ImageVersion,0.05332033210645639
spearman,max_extra_paragraphs,SizeOfImage,0.14608611154724252
spearman,max_extra_paragraphs,SizeOfHeaders,0.19201635060403907
spearman,max_extra_paragraphs,Checksum,0.06018074239358498
spearman,max_extra_paragraphs,SizeofStackReserve,0.32890013899522036
spearman,max_extra_paragraphs,SizeofStackCommit,0.3475566232338267
spearman,max_extra_paragraphs,SizeofHeapCommit,0.5756766390669326
spearman,max_extra_paragraphs,SizeofHeapReserve,0.5626573828276361
spearman,max_extra_paragraphs,LoaderFlags,0.0035988559258120674
spearman,max_extra_paragraphs,text_VirtualSize,0.14874626840816582
spearman,max_extra_paragraphs,text_VirtualAddress,0.23685781877922452
spearman,max_extra_paragraphs,text_SizeOfRawData,0.14788935649423582
spearman,max_extra_paragraphs,text_PointerToRawData,0.1695246012006429
spearman,max_extra_paragraphs,text_PointerToRelocations,0.007202382502053632
spearman,max_extra_paragraphs,text_PointerToLineNumbers,-0.001830409623195904
spearman,max_extra_paragraphs,rdata_VirtualSize,0.1438644522618818
spearman,max_extra_paragraphs,rdata_VirtualAddress,0.13953027371668894
spearman,max_extra_paragraphs,rdata_SizeOfRawData,0.14197111426879339
spearman,max_extra_paragraphs,rdata_PointerToRawData,0.13671599988478797
spearman,max_extra_paragraphs,rdata_PointerToRelocations,0.0025445005108842957
spearman,max_extra_paragraphs,rdata_PointerToLineNumbers,0.0025445005108842957
spearman,max_extra_paragraphs,registry_read,-0.05980651112262153
spearman,max_extra_paragraphs,registry_write,-0.0846586770817481
spearman,max_extra_paragraphs,registry_delete,-0.04116286105880583
spearman,max_extra_paragraphs,registry_total,-0.05705347955994767
spearman,max_extra_paragraphs,network_threats,
spearman,max_extra_paragraphs,network_dns,-0.09947753691576776
spearman,max_extra_paragraphs,network_http,0.02949970718121636
spearman,max_extra_paragraphs,network_connections,-0.11799389184566161
spearman,max_extra_paragraphs,processes_malicious,-0.0649454950015294
spearman,max_extra_paragraphs,processes_suspicious,0.04392824354800495
spearman,max_extra_paragraphs,processes_monitored,-0.00967701348972279
spearman,max_extra_paragraphs,total_procsses,0.08575469635902967
spearman,max_extra_paragraphs,files_malicious,0.018906308562019827
spearman,max_extra_paragraphs,files_suspicious,0.046193352488300574
spearman,max_extra_paragraphs,files_text,0.03644262134612309
spearman,max_extra_paragraphs,files_unknown,0.06800685099374576
spearman,max_extra_paragraphs,dlls_calls,0.15342188135238438
spearman,max_extra_paragraphs,apis,0.15271521047808734
spearman,init_ss_value,EntryPoint,
spearman,init_ss_value,bytes_on_last_page,
spearman,init_ss_value,pages_in_file,
spearman,init_ss_value,relocations,
spearman,init_ss_value,size_of_header,
spearman,init_ss_value,min_extra_paragraphs,
spearman,init_ss_value,max_extra_paragraphs,
spearman,init_ss_value,init_ss_value,
spearman,init_ss_value,init_sp_value,0.27954958935085633
spearman,init_ss_value,init_ip_value,0.7381000405161268
spearman,init_ss_value,init_cs_value,0.7366378406588516
spearman,init_ss_value,over_lay_number,0.2475988929186545
spearman,init_ss_value,oem_identifier,0.48037373979066345
spearman,init_ss_value,address_of_ne_header,0.025826544549787722
spearman,init_ss_value,SizeOfCode,0.012679889678968213
spearman,init_ss_value,SizeOfInitializedData,0.013925570313183361
spearman,init_ss_value,SizeOfUninitializedData,-0.013512983329277618
spearman,init_ss_value,AddressOfEntryPoint,0.024991778865760678
spearman,init_ss_value,BaseOfCode,-0.02961754747208221
spearman,init_ss_value,BaseOfData,0.015055690597382104
spearman,init_ss_value,ImageBase,-0.008407766009936583
spearman,init_ss_value,SectionAlignment,-0.03921992889600726
spearman,init_ss_value,FileAlignment,-0.006918803549417583
spearman,init_ss_value,OperatingSystemVersion,0.006607829223666222
spearman,init_ss_value,ImageVersion,-0.005680831485995626
spearman,init_ss_value,SizeOfImage,0.02480231307960709
spearman,init_ss_value,SizeOfHeaders,0.0046600132383633405
spearman,init_ss_value,Checksum,0.025872610587350194
spearman,init_ss_value,SizeofStackReserve,-0.005624728952286117
spearman,init_ss_value,SizeofStackCommit,0.0006716292201683631
spearman,init_ss_value,SizeofHeapCommit,0.0023511512509002946
spearman,init_ss_value,SizeofHeapReserve,0.002698805854109912
spearman,init_ss_value,LoaderFlags,-0.0014585153518606186
spearman,init_ss_value,text_VirtualSize,0.019084929177684156
spearman,init_ss_value,text_VirtualAddress,-0.027244087790388703
spearman,init_ss_value,text_SizeOfRawData,0.019262529176507302
spearman,init_ss_value,text_PointerToRawData,0.028112401109112
spearman,init_ss_value,text_PointerToRelocations,-0.0029189235873195323
spearman,init_ss_value,text_PointerToLineNumbers,-0.0030963197995860833
spearman,init_ss_value,rdata_VirtualSize,0.0038493555453575213
spearman,init_ss_value,rdata_VirtualAddress,0.02437187783278386
spearman,init_ss_value,rdata_SizeOfRawData,-0.003544414334412526
spearman,init_ss_value,rdata_PointerToRawData,0.020558045943212082
spearman,init_ss_value,rdata_PointerToRelocations,-0.0010312146788995218
spearman,init_ss_value,rdata_PointerToLineNumbers,-0.0010312146788995218
spearman,init_ss_value,registry_read,-0.01456042453184277
spearman,init_ss_value,registry_write,-0.00575038719280759
spearman,init_ss_value,registry_delete,0.00079545366063493
spearman,init_ss_value,registry_total,-0.015527217094094256
spearman,init_ss_value,network_threats,
spearman,init_ss_value,network_dns,-0.020091557569207098
spearman,init_ss_value,network_http,-0.016961862957271562
spearman,init_ss_value,network_connections,-0.021480732855569815
spearman,init_ss_value,processes_malicious,-0.02632731445347372
spearman,init_ss_value,processes_suspicious,-0.018385028557249647
spearman,init_ss_value,processes_monitored,-0.01858089234118238
spearman,init_ss_value,total_procsses,-0.0012114872458867945
spearman,init_ss_value,files_malicious,-0.027905436471054933
spearman,init_ss_value,files_suspicious,-0.011180591138062851
spearman,init_ss_value,files_text,-0.008937819784701527
spearman,init_ss_value,files_unknown,-0.011179356704452028
spearman,init_ss_value,dlls_calls,-0.010903373672670143
spearman,init_ss_value,apis,-0.017556176529737805
spearman,init_sp_value,EntryPoint,
spearman,init_sp_value,bytes_on_last_page,
spearman,init_sp_value,pages_in_file,
spearman,init_sp_value,relocations,
spearman,init_sp_value,size_of_header,
spearman,init_sp_value,min_extra_paragraphs,
spearman,init_sp_value,max_extra_paragraphs,
spearman,init_sp_value,init_ss_value,
spearman,init_sp_value,init_sp_value,
spearman,init_sp_value,init_ip_value,0.2256874660208818
spearman,init_sp_value,init_cs_value,0.341432708725706
spearman,init_sp_value,over_lay_number,0.12538832547053752
spearman,init_sp_value,oem_identifier,0.15644591051655632
spearman,init_sp_value,address_of_ne_header,0.24236459631534346
spearman,init_sp_value,SizeOfCode,0.07072886174362844
spearman,init_sp_value,SizeOfInitializedData,0.11375568956818523
spearman,init_sp_value,SizeOfUninitializedData,0.026415395713320224
spearman,init_sp_value,AddressOfEntryPoint,0.08918865086525464
spearman,init_sp_value,BaseOfCode,0.18801298144622383
spearman,init_sp_value,BaseOfData,0.13829748242861595
spearman,init_sp_value,ImageBase,0.24657520730510357
spearman,init_sp_value,SectionAlignment,0.21371949762829073
spearman,init_sp_value,FileAlignment,0.28213663380829024
spearman,init_sp_value,OperatingSystemVersion,0.05698560259019558
spearman,init_sp_value,ImageVersion,-0.07202507192346821
spearman,init_sp_value,SizeOfImage,0.07832393454480005
spearman,init_sp_value,SizeOfHeaders,0.11560658989164072
spearman,init_sp_value,Checksum,0.08796224596491445
spearman,init_sp_value,SizeofStackReserve,0.17586494337953604
spearman,init_sp_value,SizeofStackCommit,0.2755813954232164
spearman,init_sp_value,SizeofHeapCommit,0.43788204565014843
spearman,init_sp_value,SizeofHeapReserve,0.430393905727546
spearman,init_sp_value,LoaderFlags,0.019157462728512275
spearman,init_sp_value,text_VirtualSize,0.08350126365365321
spearman,init_sp_value,text_VirtualAddress,0.2029747137148138
spearman,init_sp_value,text_SizeOfRawData,0.0881547194059854
spearman,init_sp_value,text_PointerToRawData,0.12241865310376916
spearman,init_sp_value,text_PointerToRelocations,0.005617953118018021
spearman,init_sp_value,text_PointerToLineNumbers,0.005959381584373539
spearman,init_sp_value,rdata_VirtualSize,0.06703662794525915
spearman,init_sp_value,rdata_VirtualAddress,0.07690517449818822
spearman,init_sp_value,rdata_SizeOfRawData,0.06728122930859771
spearman,init_sp_value,rdata_PointerToRawData,0.07796358340507561
spearman,init_sp_value,rdata_PointerToRelocations,0.001984743878132679
spearman,init_sp_value,rdata_PointerToLineNumbers,0.001984743878132679
spearman,init_sp_value,registry_read,-0.024702220022523994
spearman,init_sp_value,registry_write,-0.04978368630140681
spearman,init_sp_value,registry_delete,-0.026845169034417683
spearman,init_sp_value,registry_total,-0.023567974851765417
spearman,init_sp_value,network_threats,
spearman,init_sp_value,network_dns,-0.07629218384431626
spearman,init_sp_value,network_http,0.034607863614948685
spearman,init_sp_value,network_connections,-0.08467476101224526
spearman,init_sp_value,processes_malicious,-0.047543919096518596
spearman,init_sp_value,processes_suspicious,0.02953227328338618
spearman,init_sp_value,processes_monitored,0.02111273255832321
spearman,init_sp_value,total_procsses,0.10546756834410323
spearman,init_sp_value,files_malicious,0.013260084542253126
spearman,init_sp_value,files_suspicious,0.05108485917551159
spearman,init_sp_value,files_text,0.04183883135797409
spearman,init_sp_value,files_unknown,0.06780222010393408
spearman,init_sp_value,dlls_calls,0.14481990691120095
spearman,init_sp_value,apis,0.11160393130110248
spearman,init_ip_value,EntryPoint,
spearman,init_ip_value,bytes_on_last_page,
spearman,init_ip_value,pages_in_file,
spearman,init_ip_value,relocations,
spearman,init_ip_value,size_of_header,
spearman,init_ip_value,min_extra_paragraphs,
spearman,init_ip_value,max_extra_paragraphs,
spearman,init_ip_value,init_ss_value,
spearman,init_ip_value,init_sp_value,
spearman,init_ip_value,init_ip_value,
spearman,init_ip_value,init_cs_value,0.8654052904115945
spearman,init_ip_value,over_lay_number,0.24729224027212413
spearman,init_ip_value,oem_identifier,0.6352553886317621
spearman,init_ip_value,address_of_ne_header,-0.01957970551056979
spearman,init_ip_value,SizeOfCode,-0.008123934912758137
spearman,init_ip_value,SizeOfInitializedData,0.007561033791383592
spearman,init_ip_value,SizeOfUninitializedData,0.009966740236746888
spearman,init_ip_value,AddressOfEntryPoint,0.006595313113993277
spearman,init_ip_value,BaseOfCode,-0.03965863784540441
spearman,init_ip_value,BaseOfData,-0.009144801935315347
spearman,init_ip_value,ImageBase,-0.025403184263454944
spearman,init_ip_value,SectionAlignment,-0.049266919320513754
spearman,init_ip_value,FileAlignment,-0.007968765963623404
spearman,init_ip_value,OperatingSystemVersion,-0.013553856553363422
spearman,init_ip_value,ImageVersion,0.004423255957417376
spearman,init_ip_value,SizeOfImage,0.021671448623036386
spearman,init_ip_value,SizeOfHeaders,0.004016881011474299
spearman,init_ip_value,Checksum,0.027021736282678625
spearman,init_ip_value,SizeofStackReserve,0.003175486813540698
spearman,init_ip_value,SizeofStackCommit,0.03506961037620891
spearman,init_ip_value,SizeofHeapCommit,0.0029534469400892293
spearman,init_ip_value,SizeofHeapReserve,0.012135389075915248
spearman,init_ip_value,LoaderFlags,-0.0018321440193932398
spearman,init_ip_value,text_VirtualSize,0.004211730298582444
spearman,init_ip_value,text_VirtualAddress,-0.0303682411694718
spearman,init_ip_value,text_SizeOfRawData,0.0055974507467758785
spearman,init_ip_value,text_PointerToRawData,0.021797828888024534
spearman,init_ip_value,text_PointerToRelocations,-0.003666665823401225
spearman,init_ip_value,text_PointerToLineNumbers,-0.0038895057194314963
spearman,init_ip_value,rdata_VirtualSize,0.0027723607027354004
spearman,init_ip_value,rdata_VirtualAddress,0.012247423581642826
spearman,init_ip_value,rdata_SizeOfRawData,-0.002298436256200902
spearman,init_ip_value,rdata_PointerToRawData,0.01066575274519261
spearman,init_ip_value,rdata_PointerToRelocations,-0.0012953815016386822
spearman,init_ip_value,rdata_PointerToLineNumbers,-0.0012953815016386822
spearman,init_ip_value,registry_read,-0.015088050416408021
spearman,init_ip_value,registry_write,-0.010080130462665829
spearman,init_ip_value,registry_delete,0.0016473941639438114
spearman,init_ip_value,registry_total,-0.01582032866383208
spearman,init_ip_value,network_threats,
spearman,init_ip_value,network_dns,-0.02996082382275144
spearman,init_ip_value,network_http,-0.02425396135763025
spearman,init_ip_value,network_connections,-0.026520507061562188
spearman,init_ip_value,processes_malicious,-0.0336112469984184
spearman,init_ip_value,processes_suspicious,-0.023219584844626846
spearman,init_ip_value,processes_monitored,-0.026435036366787054
spearman,init_ip_value,total_procsses,-0.0036792782935732887
spearman,init_ip_value,files_malicious,-0.02856488628210067
spearman,init_ip_value,files_suspicious,-0.012625334786189319
spearman,init_ip_value,files_text,-0.010816203636002617
spearman,init_ip_value,files_unknown,-0.019449125911586443
spearman,init_ip_value,dlls_calls,-0.0228036934447708
spearman,init_ip_value,apis,-0.030599119914115912
spearman,init_cs_value,EntryPoint,
spearman,init_cs_value,bytes_on_last_page,
spearman,init_cs_value,pages_in_file,
spearman,init_cs_value,relocations,
spearman,init_cs_value,size_of_header,
spearman,init_cs_value,min_extra_paragraphs,
spearman,init_cs_value,max_extra_paragraphs,
spearman,init_cs_value,init_ss_value,
spearman,init_cs_value,init_sp_value,
spearman,init_cs_value,init_ip_value,
spearman,init_cs_value,init_cs_value,
spearman,init_cs_value,over_lay_number,0.28296591091504
spearman,init_cs_value,oem_identifier,0.5356403262496683
spearman,init_cs_value,address_of_ne_header,0.010787880951511309
spearman,init_cs_value,SizeOfCode,0.007154527583973254
spearman,init_cs_value,SizeOfInitializedData,0.009764664807145124
spearman,init_cs_value,SizeOfUninitializedData,0.0007995158032521946
spearman,init_cs_value,AddressOfEntryPoint,0.020778400723371483
spearman,init_cs_value,BaseOfCode,-0.027657248966425577
spearman,init_cs_value,BaseOfData,0.008118572983267344
spearman,init_cs_value,ImageBase,-0.024062233623984547
spearman,init_cs_value,SectionAlignment,-0.04107448777490552
spearman,init_cs_value,FileAlignment,-0.003496740400572643
spearman,init_cs_value,OperatingSystemVersion,-0.002648813532003241
spearman,init_cs_value,ImageVersion,-0.004612894051135912
spearman,init_cs_value,SizeOfImage,0.02168288833806604
spearman,init_cs_value,SizeOfHeaders,0.011627992759975577
spearman,init_cs_value,Checksum,0.01646194211651647
spearman,init_cs_value,SizeofStackReserve,0.0024602250929249073
spearman,init_cs_value,SizeofStackCommit,0.0070264135377192845
spearman,init_cs_value,SizeofHeapCommit,0.002583166273191146
spearman,init_cs_value,SizeofHeapReserve,0.012926808310562345
spearman,init_cs_value,LoaderFlags,-0.001602443766395376
spearman,init_cs_value,text_VirtualSize,0.01951292444942681
spearman,init_cs_value,text_VirtualAddress,-0.02514733888969108
spearman,init_cs_value,text_SizeOfRawData,0.01977681457979342
spearman,init_cs_value,text_PointerToRawData,0.028992977410717238
spearman,init_cs_value,text_PointerToRelocations,-0.003206967208893393
spearman,init_cs_value,text_PointerToLineNumbers,-0.00340186913719058
spearman,init_cs_value,rdata_VirtualSize,0.013553651340965815
spearman,init_cs_value,rdata_VirtualAddress,0.023893722164258228
spearman,init_cs_value,rdata_SizeOfRawData,0.008778620801082066
spearman,init_cs_value,rdata_PointerToRawData,0.023667866959760555
spearman,init_cs_value,rdata_PointerToRelocations,-0.0011329764420442408
spearman,init_cs_value,rdata_PointerToLineNumbers,-0.0011329764420442408
spearman,init_cs_value,registry_read,-0.01307827112513973
spearman,init_cs_value,registry_write,-0.008400752591891505
spearman,init_cs_value,registry_delete,-0.002750060853966059
spearman,init_cs_value,registry_total,-0.014204552296088857
spearman,init_cs_value,network_threats,
spearman,init_cs_value,network_dns,-0.019777722584421616
spearman,init_cs_value,network_http,-0.01581814979880816
spearman,init_cs_value,network_connections,-0.017042040728734074
spearman,init_cs_value,processes_malicious,-0.030375793896865684
spearman,init_cs_value,processes_suspicious,-0.021375988438363372
spearman,init_cs_value,processes_monitored,-0.020846162209710754
spearman,init_cs_value,total_procsses,-0.0017162074240762392
spearman,init_cs_value,files_malicious,-0.032464885296899886
spearman,init_cs_value,files_suspicious,-0.013430533888172039
spearman,init_cs_value,files_text,-0.014914477262017233
spearman,init_cs_value,files_unknown,-0.013496651867445652
spearman,init_cs_value,dlls_calls,-0.020996801138250632
spearman,init_cs_value,apis,-0.029486921253070706
spearman,over_lay_number,EntryPoint,
spearman,over_lay_number,bytes_on_last_page,
spearman,over_lay_number,pages_in_file,
spearman,over_lay_number,relocations,
spearman,over_lay_number,size_of_header,
spearman,over_lay_number,min_extra_paragraphs,
spearman,over_lay_number,max_extra_paragraphs,
spearman,over_lay_number,init_ss_value,
spearman,over_lay_number,init_sp_value,
spearman,over_lay_number,init_ip_value,
spearman,over_lay_number,init_cs_value,
spearman,over_lay_number,over_lay_number,
spearman,over_lay_number,oem_identifier,0.1549642094086015
spearman,over_lay_number,address_of_ne_header,0.2605199821542597
spearman,over_lay_number,SizeOfCode,0.09235475103650352
spearman,over_lay_number,SizeOfInitializedData,0.05710586818736076
spearman,over_lay_number,SizeOfUninitializedData,0.03639810536765714
spearman,over_lay_number,AddressOfEntryPoint,0.1132686416734901
spearman,over_lay_number,BaseOfCode,-0.03857128104994092
spearman,over_lay_number,BaseOfData,0.12554301182859465
spearman,over_lay_number,ImageBase,-0.029909793730572332
spearman,over_lay_number,SectionAlignment,-0.11749193718951557
spearman,over_lay_number,FileAlignment,-0.04211444262507572
spearman,over_lay_number,OperatingSystemVersion,-0.0927611486462285
spearman,over_lay_number,ImageVersion,-0.011521924779872558
spearman,over_lay_number,SizeOfImage,0.07337474745455463
spearman,over_lay_number,SizeOfHeaders,0.10030723741798175
spearman,over_lay_number,Checksum,-0.024708068661141776
spearman,over_lay_number,SizeofStackReserve,-0.009057869072958337
spearman,over_lay_number,SizeofStackCommit,0.5893558780750925
spearman,over_lay_number,SizeofHeapCommit,0.02181646443092381
spearman,over_lay_number,SizeofHeapReserve,0.014337227762254448
spearman,over_lay_number,LoaderFlags,-0.004939279957057276
spearman,over_lay_number,text_VirtualSize,0.0858094979533803
spearman,over_lay_number,text_VirtualAddress,-0.02217073539773711
spearman,over_lay_number,text_SizeOfRawData,0.07462713995490694
spearman,over_lay_number,text_PointerToRawData,0.047127882133605935
spearman,over_lay_number,text_PointerToRelocations,0.013118955363114635
spearman,over_lay_number,text_PointerToLineNumbers,0.011250245138290585
spearman,over_lay_number,rdata_VirtualSize,-0.22381670632079212
spearman,over_lay_number,rdata_VirtualAddress,0.14062901585065593
spearman,over_lay_number,rdata_SizeOfRawData,-0.2151211905596619
spearman,over_lay_number,rdata_PointerToRawData,0.10515978045488787
spearman,over_lay_number,rdata_PointerToRelocations,0.018190612276212735
spearman,over_lay_number,rdata_PointerToLineNumbers,0.018190612276212735
spearman,over_lay_number,registry_read,-0.003766698213551145
spearman,over_lay_number,registry_write,-0.036634265445614315
spearman,over_lay_number,registry_delete,0.027364345434156466
spearman,over_lay_number,registry_total,-0.004378285119443207
spearman,over_lay_number,network_threats,
spearman,over_lay_number,network_dns,-0.029321649617389624
spearman,over_lay_number,network_http,-0.023812097207478712
spearman,over_lay_number,network_connections,0.008029715785360155
spearman,over_lay_number,processes_malicious,-0.0881674998534802
spearman,over_lay_number,processes_suspicious,-0.00027059946904625106
spearman,over_lay_number,processes_monitored,-0.014036248121708852
spearman,over_lay_number,total_procsses,0.023936091511615302
spearman,over_lay_number,files_malicious,-0.029960862231442842
spearman,over_lay_number,files_suspicious,-0.018486227319657784
spearman,over_lay_number,files_text,-0.015256885118418115
spearman,over_lay_number,files_unknown,-0.012437734687941722
spearman,over_lay_number,dlls_calls,0.1108553616273338
spearman,over_lay_number,apis,0.026246023007098426
spearman,oem_identifier,EntryPoint,
spearman,oem_identifier,bytes_on_last_page,
spearman,oem_identifier,pages_in_file,
spearman,oem_identifier,relocations,
spearman,oem_identifier,size_of_header,
spearman,oem_identifier,min_extra_paragraphs,
spearman,oem_identifier,max_extra_paragraphs,
spearman,oem_identifier,init_ss_value,
spearman,oem_identifier,init_sp_value,
spearman,oem_identifier,init_ip_value,
spearman,oem_identifier,init_cs_value,
spearman,oem_identifier,over_lay_number,
spearman,oem_identifier,oem_identifier,
spearman,oem_identifier,address_of_ne_header,-0.10582823689819497
spearman,oem_identifier,SizeOfCode,-0.020211116779114566
spearman,oem_identifier,SizeOfInitializedData,0.01842683622443447
spearman,oem_identifier,SizeOfUninitializedData,-0.0054336092572283
spearman,oem_identifier,AddressOfEntryPoint,0.03397917313166424
spearman,oem_identifier,BaseOfCode,-0.04162463370251348
spearman,oem_identifier,BaseOfData,-0.024637397185289914
spearman,oem_identifier,ImageBase,-0.01676965383461354
spearman,oem_identifier,SectionAlignment,-0.03512355934501208
spearman,oem_identifier,FileAlignment,-0.016763749085243543
spearman,oem_identifier,OperatingSystemVersion,-0.02925991769715982
spearman,oem_identifier,ImageVersion,0.004179183465845691
spearman,oem_identifier,SizeOfImage,0.015456054042205647
spearman,oem_identifier,SizeOfHeaders,-0.056549283974480224
spearman,oem_identifier,Checksum,0.010045598156695036
spearman,oem_identifier,SizeofStackReserve,0.011307997585654811
spearman,oem_identifier,SizeofStackCommit,0.11679028879311985
spearman,oem_identifier,SizeofHeapCommit,0.017784631436813244
spearman,oem_identifier,SizeofHeapReserve,0.007767625705970809
spearman,oem_identifier,LoaderFlags,-0.0023556327455560365
spearman,oem_identifier,text_VirtualSize,-0.0034158576019951235
spearman,oem_identifier,text_VirtualAddress,-0.014190161704141818
spearman,oem_identifier,text_SizeOfRawData,-0.0046703323023664905
spearman,oem_identifier,text_PointerToRawData,-0.00012525694859083405
spearman,oem_identifier,text_PointerToRelocations,-0.004714322667426317
spearman,oem_identifier,text_PointerToLineNumbers,-0.005000833416880966
spearman,oem_identifier,rdata_VirtualSize,0.00384102671647029
spearman,oem_identifier,rdata_VirtualAddress,0.01462717815139243
spearman,oem_identifier,rdata_SizeOfRawData,-0.0027808688788338544
spearman,oem_identifier,rdata_PointerToRawData,0.006767309187382302
spearman,oem_identifier,rdata_PointerToRelocations,-0.0016655039401641538
spearman,oem_identifier,rdata_PointerToLineNumbers,-0.0016655039401641538
spearman,oem_identifier,registry_read,-0.024038476316523862
spearman,oem_identifier,registry_write,-0.014438063893750802
spearman,oem_identifier,registry_delete,-0.0009732195054325317
spearman,oem_identifier,registry_total,-0.022370381464884563
spearman,oem_identifier,network_threats,
spearman,oem_identifier,network_dns,-0.0364852082175658
spearman,oem_identifier,network_http,-0.036802343062509756
spearman,oem_identifier,network_connections,-0.03575910511318403
spearman,oem_identifier,processes_malicious,-0.050246733521249164
spearman,oem_identifier,processes_suspicious,-0.025889068163270926
spearman,oem_identifier,processes_monitored,-0.03458355897148839
spearman,oem_identifier,total_procsses,-0.009175491548896396
spearman,oem_identifier,files_malicious,-0.03752270852933674
spearman,oem_identifier,files_suspicious,-0.028248567006991132
spearman,oem_identifier,files_text,-0.0238526998676138
spearman,oem_identifier,files_unknown,-0.0356823335008065
spearman,oem_identifier,dlls_calls,0.007344096095572865
spearman,oem_identifier,apis,-0.039151456188819364
spearman,address_of_ne_header,EntryPoint,
spearman,address_of_ne_header,bytes_on_last_page,
spearman,address_of_ne_header,pages_in_file,
spearman,address_of_ne_header,relocations,
spearman,address_of_ne_header,size_of_header,
spearman,address_of_ne_header,min_extra_paragraphs,
spearman,address_of_ne_header,max_extra_paragraphs,
spearman,address_of_ne_header,init_ss_value,
spearman,address_of_ne_header,init_sp_value,
spearman,address_of_ne_header,init_ip_value,
spearman,address_of_ne_header,init_cs_value,
spearman,address_of_ne_header,over_lay_number,
spearman,address_of_ne_header,oem_identifier,
spearman,address_of_ne_header,address_of_ne_header,
spearman,address_of_ne_header,SizeOfCode,0.0907928210314761
spearman,address_of_ne_header,SizeOfInitializedData,0.40648885078498886
spearman,address_of_ne_header,SizeOfUninitializedData,-0.015063226357466077
spearman,address_of_ne_header,AddressOfEntryPoint,0.028816266599537635
spearman,address_of_ne_header,BaseOfCode,-0.3803237218127714
spearman,address_of_ne_header,BaseOfData,0.12285838268962167
spearman,address_of_ne_header,ImageBase,0.22576092117796925
spearman,address_of_ne_header,SectionAlignment,-0.4874127286301597
spearman,address_of_ne_header,FileAlignment,0.18997398404220375
spearman,address_of_ne_header,OperatingSystemVersion,0.5296215556025151
spearman,address_of_ne_header,ImageVersion,-0.07262341183572812
spearman,address_of_ne_header,SizeOfImage,0.1693736937009997
spearman,address_of_ne_header,SizeOfHeaders,0.5297168964549772
spearman,address_of_ne_header,Checksum,0.19405667486363132
spearman,address_of_ne_header,SizeofStackReserve,0.0037077854773506845
spearman,address_of_ne_header,SizeofStackCommit,0.24555887806105584
spearman,address_of_ne_header,SizeofHeapCommit,0.13417811413898142
spearman,address_of_ne_header,SizeofHeapReserve,0.20850243066881602
spearman,address_of_ne_header,LoaderFlags,-0.005503128996143779
spearman,address_of_ne_header,text_VirtualSize,0.07903681293476633
spearman,address_of_ne_header,text_VirtualAddress,-0.412619839140199
spearman,address_of_ne_header,text_SizeOfRawData,0.0983056263218393
spearman,address_of_ne_header,text_PointerToRawData,0.44974681572152053
spearman,address_of_ne_header,text_PointerToRelocations,0.013373032144742645
spearman,address_of_ne_header,text_PointerToLineNumbers,0.002532326152550039
spearman,address_of_ne_header,rdata_VirtualSize,0.18829745557665734
spearman,address_of_ne_header,rdata_VirtualAddress,0.21686934608132685
spearman,address_of_ne_header,rdata_SizeOfRawData,0.22230109392409222
spearman,address_of_ne_header,rdata_PointerToRawData,0.24413222264063036
spearman,address_of_ne_header,rdata_PointerToRelocations,0.018330510214545372
spearman,address_of_ne_header,rdata_PointerToLineNumbers,0.018330510214545372
spearman,address_of_ne_header,registry_read,-0.11735818642280467
spearman,address_of_ne_header,registry_write,-0.10915827256190236
spearman,address_of_ne_header,registry_delete,-0.006322015837230569
spearman,address_of_ne_header,registry_total,-0.10951708895588871
spearman,address_of_ne_header,network_threats,
spearman,address_of_ne_header,network_dns,-0.08318553318420606
spearman,address_of_ne_header,network_http,0.020782164394803296
spearman,address_of_ne_header,network_connections,-0.06411399426724824
spearman,address_of_ne_header,processes_malicious,-0.07069922747847797
spearman,address_of_ne_header,processes_suspicious,0.01304333336580376
spearman,address_of_ne_header,processes_monitored,-0.04043109614800422
spearman,address_of_ne_header,total_procsses,0.04353626532018898
spearman,address_of_ne_header,files_malicious,-0.028832047450512818
spearman,address_of_ne_header,files_suspicious,0.023897216217812645
spearman,address_of_ne_header,files_text,0.03681060013053259
spearman,address_of_ne_header,files_unknown,0.07156956398858011
spearman,address_of_ne_header,dlls_calls,0.4380019144278075
spearman,address_of_ne_header,apis,0.4688757718656038
spearman,SizeOfCode,EntryPoint,
spearman,SizeOfCode,bytes_on_last_page,
spearman,SizeOfCode,pages_in_file,
spearman,SizeOfCode,relocations,
spearman,SizeOfCode,size_of_header,
spearman,SizeOfCode,min_extra_paragraphs,
spearman,SizeOfCode,max_extra_paragraphs,
spearman,SizeOfCode,init_ss_value,
spearman,SizeOfCode,init_sp_value,
spearman,SizeOfCode,init_ip_value,
spearman,SizeOfCode,init_cs_value,
spearman,SizeOfCode,over_lay_number,
spearman,SizeOfCode,oem_identifier,
spearman,SizeOfCode,address_of_ne_header,
spearman,SizeOfCode,SizeOfCode,
spearman,SizeOfCode,SizeOfInitializedData,0.22540899022225275
spearman,SizeOfCode,SizeOfUninitializedData,-0.11774966220315511
spearman,SizeOfCode,AddressOfEntryPoint,0.6526528655790443
spearman,SizeOfCode,BaseOfCode,0.23018316056725927
spearman,SizeOfCode,BaseOfData,0.7801075399338391
spearman,SizeOfCode,ImageBase,0.13415333206340177
spearman,SizeOfCode,SectionAlignment,0.2058920492519611
spearman,SizeOfCode,FileAlignment,0.05323951104221351
spearman,SizeOfCode,OperatingSystemVersion,0.13441467267896623
spearman,SizeOfCode,ImageVersion,-0.17186078902508378
spearman,SizeOfCode,SizeOfImage,0.6695372247134667
spearman,SizeOfCode,SizeOfHeaders,-0.016718772151975377
spearman,SizeOfCode,Checksum,0.07204160923993959
spearman,SizeOfCode,SizeofStackReserve,0.20007965768652472
spearman,SizeOfCode,SizeofStackCommit,0.1290467080152383
spearman,SizeOfCode,SizeofHeapCommit,0.1769728823135188
spearman,SizeOfCode,SizeofHeapReserve,0.19041178957906243
spearman,SizeOfCode,LoaderFlags,0.015902536353374987
spearman,SizeOfCode,text_VirtualSize,0.8839336379320243
spearman,SizeOfCode,text_VirtualAddress,0.20084297995275732
spearman,SizeOfCode,text_SizeOfRawData,0.8241123555388669
spearman,SizeOfCode,text_PointerToRawData,-0.0732111818434788
spearman,SizeOfCode,text_PointerToRelocations,-0.012907610985918581
spearman,SizeOfCode,text_PointerToLineNumbers,-0.0027014716855959546
spearman,SizeOfCode,rdata_VirtualSize,0.2939728216173986
spearman,SizeOfCode,rdata_VirtualAddress,0.5087391520152567
spearman,SizeOfCode,rdata_SizeOfRawData,0.2509807965927805
spearman,SizeOfCode,rdata_PointerToRawData,0.4609977163969481
spearman,SizeOfCode,rdata_PointerToRelocations,0.0017302773843234029
spearman,SizeOfCode,rdata_PointerToLineNumbers,0.0017302773843234029
spearman,SizeOfCode,registry_read,-0.05063709854954304
spearman,SizeOfCode,registry_write,-0.051290187661816956
spearman,SizeOfCode,registry_delete,-0.0028534781871824705
spearman,SizeOfCode,registry_total,-0.049732506059334776
spearman,SizeOfCode,network_threats,
spearman,SizeOfCode,network_dns,0.03868007398546027
spearman,SizeOfCode,network_http,0.10000052366066879
spearman,SizeOfCode,network_connections,0.05154688944004321
spearman,SizeOfCode,processes_malicious,-0.04657395205132433
spearman,SizeOfCode,processes_suspicious,-0.01179724607593297
spearman,SizeOfCode,processes_monitored,-0.02652157225051195
spearman,SizeOfCode,total_procsses,-0.03453893274547692
spearman,SizeOfCode,files_malicious,-0.0839472370774368
spearman,SizeOfCode,files_suspicious,-0.07490377631493911
spearman,SizeOfCode,files_text,-0.033821039499159364
spearman,SizeOfCode,files_unknown,-0.03967926504840748
spearman,SizeOfCode,dlls_calls,0.04531012638045487
spearman,SizeOfCode,apis,0.05250335813163634
spearman,SizeOfInitializedData,EntryPoint,
spearman,SizeOfInitializedData,bytes_on_last_page,
spearman,SizeOfInitializedData,pages_in_file,
spearman,SizeOfInitializedData,relocations,
spearman,SizeOfInitializedData,size_of_header,
spearman,SizeOfInitializedData,min_extra_paragraphs,
spearman,SizeOfInitializedData,max_extra_paragraphs,
spearman,SizeOfInitializedData,init_ss_value,
spearman,SizeOfInitializedData,init_sp_value,
spearman,SizeOfInitializedData,init_ip_value,
spearman,SizeOfInitializedData,init_cs_value,
spearman,SizeOfInitializedData,over_lay_number,
spearman,SizeOfInitializedData,oem_identifier,
spearman,SizeOfInitializedData,address_of_ne_header,
spearman,SizeOfInitializedData,SizeOfCode,
spearman,SizeOfInitializedData,SizeOfInitializedData,
spearman,SizeOfInitializedData,SizeOfUninitializedData,0.011343255831372127
spearman,SizeOfInitializedData,AddressOfEntryPoint,0.08236361176013395
spearman,SizeOfInitializedData,BaseOfCode,-0.40314183384411123
spearman,SizeOfInitializedData,BaseOfData,0.1619009583118973
spearman,SizeOfInitializedData,ImageBase,0.1798041674850415
spearman,SizeOfInitializedData,SectionAlignment,-0.3784462629876439
spearman,SizeOfInitializedData,FileAlignment,0.10881634419566538
spearman,SizeOfInitializedData,OperatingSystemVersion,0.368787146002158
spearman,SizeOfInitializedData,ImageVersion,0.06048469511335721
spearman,SizeOfInitializedData,SizeOfImage,0.624825076337308
spearman,SizeOfInitializedData,SizeOfHeaders,0.3655685680611495
spearman,SizeOfInitializedData,Checksum,0.4075288762791132
spearman,SizeOfInitializedData,SizeofStackReserve,0.11093528908892569
spearman,SizeOfInitializedData,SizeofStackCommit,0.17245932373211684
spearman,SizeOfInitializedData,SizeofHeapCommit,0.155179313268256
spearman,SizeOfInitializedData,SizeofHeapReserve,0.20799863370086882
spearman,SizeOfInitializedData,LoaderFlags,-0.014827937945954212
spearman,SizeOfInitializedData,text_VirtualSize,0.20668842671576207
spearman,SizeOfInitializedData,text_VirtualAddress,-0.3227031071467328
spearman,SizeOfInitializedData,text_SizeOfRawData,0.16950228945139148
spearman,SizeOfInitializedData,text_PointerToRawData,0.3574315766900862
spearman,SizeOfInitializedData,text_PointerToRelocations,0.02055584997009793
spearman,SizeOfInitializedData,text_PointerToLineNumbers,0.017205076125239305
spearman,SizeOfInitializedData,rdata_VirtualSize,0.30896460441489443
spearman,SizeOfInitializedData,rdata_VirtualAddress,0.2862795285202792
spearman,SizeOfInitializedData,rdata_SizeOfRawData,0.27643877450777005
spearman,SizeOfInitializedData,rdata_PointerToRawData,0.2554709791138185
spearman,SizeOfInitializedData,rdata_PointerToRelocations,0.010988032727807134
spearman,SizeOfInitializedData,rdata_PointerToLineNumbers,0.010988032727807134
spearman,SizeOfInitializedData,registry_read,-0.046974366042432075
spearman,SizeOfInitializedData,registry_write,-0.06120288084718416
spearman,SizeOfInitializedData,registry_delete,0.023376549249445815
spearman,SizeOfInitializedData,registry_total,-0.0364758224738256
spearman,SizeOfInitializedData,network_threats,
spearman,SizeOfInitializedData,network_dns,-0.02540872642274287
spearman,SizeOfInitializedData,network_http,0.09909550388493185
spearman,SizeOfInitializedData,network_connections,0.012732034772733412
spearman,SizeOfInitializedData,processes_malicious,0.012106053774469338
spearman,SizeOfInitializedData,processes_suspicious,0.029947640183072097
spearman,SizeOfInitializedData,processes_monitored,-0.021213297718170463
spearman,SizeOfInitializedData,total_procsses,0.030693073174723765
spearman,SizeOfInitializedData,files_malicious,0.08760253286314335
spearman,SizeOfInitializedData,files_suspicious,0.049288066869853084
spearman,SizeOfInitializedData,files_text,0.07188566549031616
spearman,SizeOfInitializedData,files_unknown,0.0629621003706383
spearman,SizeOfInitializedData,dlls_calls,0.34387992103697484
spearman,SizeOfInitializedData,apis,0.4435892719060983
spearman,SizeOfUninitializedData,EntryPoint,
spearman,SizeOfUninitializedData,bytes_on_last_page,
spearman,SizeOfUninitializedData,pages_in_file,
spearman,SizeOfUninitializedData,relocations,
spearman,SizeOfUninitializedData,size_of_header,
spearman,SizeOfUninitializedData,min_extra_paragraphs,
spearman,SizeOfUninitializedData,max_extra_paragraphs,
spearman,SizeOfUninitializedData,init_ss_value,
spearman,SizeOfUninitializedData,init_sp_value,
spearman,SizeOfUninitializedData,init_ip_value,
spearman,SizeOfUninitializedData,init_cs_value,
spearman,SizeOfUninitializedData,over_lay_number,
spearman,SizeOfUninitializedData,oem_identifier,
spearman,SizeOfUninitializedData,address_of_ne_header,
spearman,SizeOfUninitializedData,SizeOfCode,
spearman,SizeOfUninitializedData,SizeOfInitializedData,
spearman,SizeOfUninitializedData,SizeOfUninitializedData,
spearman,SizeOfUninitializedData,AddressOfEntryPoint,-0.07058051670135337
spearman,SizeOfUninitializedData,BaseOfCode,0.1408203116816544
spearman,SizeOfUninitializedData,BaseOfData,-0.02728451727007262
spearman,SizeOfUninitializedData,ImageBase,-0.00794200185064706
spearman,SizeOfUninitializedData,SectionAlignment,-0.20863095375246915
spearman,SizeOfUninitializedData,FileAlignment,-0.0809064417320646
spearman,SizeOfUninitializedData,OperatingSystemVersion,-0.1387623974277911
spearman,SizeOfUninitializedData,ImageVersion,0.5258012029122306
spearman,SizeOfUninitializedData,SizeOfImage,0.044458590929418396
spearman,SizeOfUninitializedData,SizeOfHeaders,0.28678133855589505
spearman,SizeOfUninitializedData,Checksum,0.030129241867425147
spearman,SizeOfUninitializedData,SizeofStackReserve,0.2565151094520217
spearman,SizeOfUninitializedData,SizeofStackCommit,0.01778573360623604
spearman,SizeOfUninitializedData,SizeofHeapCommit,0.021028247976366914
spearman,SizeOfUninitializedData,SizeofHeapReserve,0.04943021903739201
spearman,SizeOfUninitializedData,LoaderFlags,-0.007782539785593947
spearman,SizeOfUninitializedData,text_VirtualSize,-0.14366276445582785
spearman,SizeOfUninitializedData,text_VirtualAddress,-0.13067397773070058
spearman,SizeOfUninitializedData,text_SizeOfRawData,-0.13982821182870692
spearman,SizeOfUninitializedData,text_PointerToRawData,0.09824765402820203
spearman,SizeOfUninitializedData,text_PointerToRelocations,-0.010174184359289606
spearman,SizeOfUninitializedData,text_PointerToLineNumbers,-0.011429831138523198
spearman,SizeOfUninitializedData,rdata_VirtualSize,-0.10334276911946455
spearman,SizeOfUninitializedData,rdata_VirtualAddress,-0.11556685004152471
spearman,SizeOfUninitializedData,rdata_SizeOfRawData,-0.0951516427992822
spearman,SizeOfUninitializedData,rdata_PointerToRawData,-0.1168228993161931
spearman,SizeOfUninitializedData,rdata_PointerToRelocations,-0.005502492144348002
spearman,SizeOfUninitializedData,rdata_PointerToLineNumbers,-0.005502492144348002
spearman,SizeOfUninitializedData,registry_read,0.023655396022124936
spearman,SizeOfUninitializedData,registry_write,0.014042862343910495
spearman,SizeOfUninitializedData,registry_delete,-0.03426131897535369
spearman,SizeOfUninitializedData,registry_total,0.02496466492545143
spearman,SizeOfUninitializedData,network_threats,
spearman,SizeOfUninitializedData,network_dns,-0.08167773240836894
spearman,SizeOfUninitializedData,network_http,-0.03841568982202343
spearman,SizeOfUninitializedData,network_connections,-0.04495631294797154
spearman,SizeOfUninitializedData,processes_malicious,-0.052112364956772295
spearman,SizeOfUninitializedData,processes_suspicious,-0.04376171940508361
spearman,SizeOfUninitializedData,processes_monitored,-0.078915399576255
spearman,SizeOfUninitializedData,total_procsses,-0.08113381023488787
spearman,SizeOfUninitializedData,files_malicious,0.03063208234621096
spearman,SizeOfUninitializedData,files_suspicious,0.06520975980410283
spearman,SizeOfUninitializedData,files_text,0.03316262987593142
spearman,SizeOfUninitializedData,files_unknown,-0.04848989542683151
spearman,SizeOfUninitializedData,dlls_calls,0.1629635223553547
spearman,SizeOfUninitializedData,apis,0.08677261201412577
spearman,AddressOfEntryPoint,EntryPoint,
spearman,AddressOfEntryPoint,bytes_on_last_page,
spearman,AddressOfEntryPoint,pages_in_file,
spearman,AddressOfEntryPoint,relocations,
spearman,AddressOfEntryPoint,size_of_header,
spearman,AddressOfEntryPoint,min_extra_paragraphs,
spearman,AddressOfEntryPoint,max_extra_paragraphs,
spearman,AddressOfEntryPoint,init_ss_value,
spearman,AddressOfEntryPoint,init_sp_value,
spearman,AddressOfEntryPoint,init_ip_value,
spearman,AddressOfEntryPoint,init_cs_value,
spearman,AddressOfEntryPoint,over_lay_number,
spearman,AddressOfEntryPoint,oem_identifier,
spearman,AddressOfEntryPoint,address_of_ne_header,
spearman,AddressOfEntryPoint,SizeOfCode,
spearman,AddressOfEntryPoint,SizeOfInitializedData,
spearman,AddressOfEntryPoint,SizeOfUninitializedData,
spearman,AddressOfEntryPoint,AddressOfEntryPoint,
spearman,AddressOfEntryPoint,BaseOfCode,0.4074219169270327
spearman,AddressOfEntryPoint,BaseOfData,0.5270973048017841
spearman,AddressOfEntryPoint,ImageBase,0.10679130167944402
spearman,AddressOfEntryPoint,SectionAlignment,0.3341859832985593
spearman,AddressOfEntryPoint,FileAlignment,-0.00467512153369807
spearman,AddressOfEntryPoint,OperatingSystemVersion,0.09323124882228728
spearman,AddressOfEntryPoint,ImageVersion,-0.24412623643435952
spearman,AddressOfEntryPoint,SizeOfImage,0.51017827657964
spearman,AddressOfEntryPoint,SizeOfHeaders,-0.09403306931846998
spearman,AddressOfEntryPoint,Checksum,-0.06466162523020981
spearman,AddressOfEntryPoint,SizeofStackReserve,0.06320650208244893
spearman,AddressOfEntryPoint,SizeofStackCommit,0.14457506798929995
spearman,AddressOfEntryPoint,SizeofHeapCommit,0.14590093774359209
spearman,AddressOfEntryPoint,SizeofHeapReserve,0.24006928595372076
spearman,AddressOfEntryPoint,LoaderFlags,-0.014993584640521132
spearman,AddressOfEntryPoint,text_VirtualSize,0.6108325540188486
spearman,AddressOfEntryPoint,text_VirtualAddress,0.3196631231430235
spearman,AddressOfEntryPoint,text_SizeOfRawData,0.5225938378612281
spearman,AddressOfEntryPoint,text_PointerToRawData,-0.25433885111699317
spearman,AddressOfEntryPoint,text_PointerToRelocations,-0.030054390726493525
spearman,AddressOfEntryPoint,text_PointerToLineNumbers,-0.022256051439418743
spearman,AddressOfEntryPoint,rdata_VirtualSize,0.20272188363859342
spearman,AddressOfEntryPoint,rdata_VirtualAddress,0.34030525606899675
spearman,AddressOfEntryPoint,rdata_SizeOfRawData,0.11650264184929018
spearman,AddressOfEntryPoint,rdata_PointerToRawData,0.24981228741074063
spearman,AddressOfEntryPoint,rdata_PointerToRelocations,-0.006878053040961004
spearman,AddressOfEntryPoint,rdata_PointerToLineNumbers,-0.006878053040961004
spearman,AddressOfEntryPoint,registry_read,-0.0241921567808767
spearman,AddressOfEntryPoint,registry_write,-0.025745934283072352
spearman,AddressOfEntryPoint,registry_delete,-0.0013356763156333077
spearman,AddressOfEntryPoint,registry_total,-0.03025249551687766
spearman,AddressOfEntryPoint,network_threats,
spearman,AddressOfEntryPoint,network_dns,0.003235315362167083
spearman,AddressOfEntryPoint,network_http,0.017748072109584106
spearman,AddressOfEntryPoint,network_connections,0.03953485400211444
spearman,AddressOfEntryPoint,processes_malicious,-0.0633486113604882
spearman,AddressOfEntryPoint,processes_suspicious,-0.014647797490963316
spearman,AddressOfEntryPoint,processes_monitored,-0.04070581223031927
spearman,AddressOfEntryPoint,total_procsses,-0.036186806575718725
spearman,AddressOfEntryPoint,files_malicious,-0.09521668773285147
spearman,AddressOfEntryPoint,files_suspicious,-0.09702727652552944
spearman,AddressOfEntryPoint,files_text,-0.05109630419459557
spearman,AddressOfEntryPoint,files_unknown,-0.06517218789261205
spearman,AddressOfEntryPoint,dlls_calls,0.03385071332547882
spearman,AddressOfEntryPoint,apis,-0.10891276520464452
spearman,BaseOfCode,EntryPoint,
spearman,BaseOfCode,bytes_on_last_page,
spearman,BaseOfCode,pages_in_file,
spearman,BaseOfCode,relocations,
spearman,BaseOfCode,size_of_header,
spearman,BaseOfCode,min_extra_paragraphs,
spearman,BaseOfCode,max_extra_paragraphs,
spearman,BaseOfCode,init_ss_value,
spearman,BaseOfCode,init_sp_value,
spearman,BaseOfCode,init_ip_value,
spearman,BaseOfCode,init_cs_value,
spearman,BaseOfCode,over_lay_number,
spearman,BaseOfCode,oem_identifier,
spearman,BaseOfCode,address_of_ne_header,
spearman,BaseOfCode,SizeOfCode,
spearman,BaseOfCode,SizeOfInitializedData,
spearman,BaseOfCode,SizeOfUninitializedData,
spearman,BaseOfCode,AddressOfEntryPoint,
spearman,BaseOfCode,BaseOfCode,
spearman,BaseOfCode,BaseOfData,0.23572982792611472
spearman,BaseOfCode,ImageBase,0.028735035359169846
spearman,BaseOfCode,SectionAlignment,0.835907855654924
spearman,BaseOfCode,FileAlignment,-0.03052145504698366
spearman,BaseOfCode,OperatingSystemVersion,-0.3493845990270713
spearman,BaseOfCode,ImageVersion,-0.19823948021516657
spearman,BaseOfCode,SizeOfImage,-0.0060713566733253035
spearman,BaseOfCode,SizeOfHeaders,-0.3738588274611755
spearman,BaseOfCode,Checksum,-0.33223648986807447
spearman,BaseOfCode,SizeofStackReserve,0.13482886565231342
spearman,BaseOfCode,SizeofStackCommit,0.07184958876703315
spearman,BaseOfCode,SizeofHeapCommit,0.2622791182128975
spearman,BaseOfCode,SizeofHeapReserve,0.1889026162442593
spearman,BaseOfCode,LoaderFlags,-0.012827732373668303
spearman,BaseOfCode,text_VirtualSize,0.2012339111813046
spearman,BaseOfCode,text_VirtualAddress,0.7597488162687879
spearman,BaseOfCode,text_SizeOfRawData,0.20473870750780018
spearman,BaseOfCode,text_PointerToRawData,-0.45379989584567554
spearman,BaseOfCode,text_PointerToRelocations,-0.02567211277519758
spearman,BaseOfCode,text_PointerToLineNumbers,-0.014673368104147719
spearman,BaseOfCode,rdata_VirtualSize,0.00807210061340503
spearman,BaseOfCode,rdata_VirtualAddress,0.016248651471569724
spearman,BaseOfCode,rdata_SizeOfRawData,-0.0004693395702132714
spearman,BaseOfCode,rdata_PointerToRawData,0.010701130191889365
spearman,BaseOfCode,rdata_PointerToRelocations,-0.009069596630468304
spearman,BaseOfCode,rdata_PointerToLineNumbers,-0.009069596630468304
spearman,BaseOfCode,registry_read,0.06850699428005501
spearman,BaseOfCode,registry_write,0.020396134543476507
spearman,BaseOfCode,registry_delete,0.0005920549578589926
spearman,BaseOfCode,registry_total,0.05990082720371362
spearman,BaseOfCode,network_threats,
spearman,BaseOfCode,network_dns,0.041828956458518605
spearman,BaseOfCode,network_http,-0.03138428299531382
spearman,BaseOfCode,network_connections,0.03689151621357951
spearman,BaseOfCode,processes_malicious,-0.060293346873680764
spearman,BaseOfCode,processes_suspicious,-0.04141792342593423
spearman,BaseOfCode,processes_monitored,-0.025719650207833858
spearman,BaseOfCode,total_procsses,-0.024295890256493063
spearman,BaseOfCode,files_malicious,-0.08261483331772923
spearman,BaseOfCode,files_suspicious,-0.11478798211688894
spearman,BaseOfCode,files_text,-0.09213642721178988
spearman,BaseOfCode,files_unknown,-0.10444129544212812
spearman,BaseOfCode,dlls_calls,-0.3449887901914359
spearman,BaseOfCode,apis,-0.4906838052308978
spearman,BaseOfData,EntryPoint,
spearman,BaseOfData,bytes_on_last_page,
spearman,BaseOfData,pages_in_file,
spearman,BaseOfData,relocations,
spearman,BaseOfData,size_of_header,
spearman,BaseOfData,min_extra_paragraphs,
spearman,BaseOfData,max_extra_paragraphs,
spearman,BaseOfData,init_ss_value,
spearman,BaseOfData,init_sp_value,
spearman,BaseOfData,init_ip_value,
spearman,BaseOfData,init_cs_value,
spearman,BaseOfData,over_lay_number,
spearman,BaseOfData,oem_identifier,
spearman,BaseOfData,address_of_ne_header,
spearman,BaseOfData,SizeOfCode,
spearman,BaseOfData,SizeOfInitializedData,
spearman,BaseOfData,SizeOfUninitializedData,
spearman,BaseOfData,AddressOfEntryPoint,
spearman,BaseOfData,BaseOfCode,
spearman,BaseOfData,BaseOfData,
spearman,BaseOfData,ImageBase,0.0655679241162895
spearman,BaseOfData,SectionAlignment,0.15201786757197658
spearman,BaseOfData,FileAlignment,0.05953619277033001
spearman,BaseOfData,OperatingSystemVersion,0.07949953165781502
spearman,BaseOfData,ImageVersion,-0.15448727287047412
spearman,BaseOfData,SizeOfImage,0.525432680777464
spearman,BaseOfData,SizeOfHeaders,0.02365600923607214
spearman,BaseOfData,Checksum,0.07792416675846935
spearman,BaseOfData,SizeofStackReserve,0.15481131983073174
spearman,BaseOfData,SizeofStackCommit,0.15497154225917625
spearman,BaseOfData,SizeofHeapCommit,0.16513979369538162
spearman,BaseOfData,SizeofHeapReserve,0.19787133174997723
spearman,BaseOfData,LoaderFlags,0.009319079905345194
spearman,BaseOfData,text_VirtualSize,0.7062437677549204
spearman,BaseOfData,text_VirtualAddress,0.13265180418751427
spearman,BaseOfData,text_SizeOfRawData,0.6704107131191722
spearman,BaseOfData,text_PointerToRawData,-0.066917613047312
spearman,BaseOfData,text_PointerToRelocations,-0.008311319795457111
spearman,BaseOfData,text_PointerToLineNumbers,-0.00618069146195609
spearman,BaseOfData,rdata_VirtualSize,0.20649984136053745
spearman,BaseOfData,rdata_VirtualAddress,0.40009344515493994
spearman,BaseOfData,rdata_SizeOfRawData,0.18584916339276744
spearman,BaseOfData,rdata_PointerToRawData,0.37872151427115724
spearman,BaseOfData,rdata_PointerToRelocations,0.0029175393106518417
spearman,BaseOfData,rdata_PointerToLineNumbers,0.0029175393106518417
spearman,BaseOfData,registry_read,0.006401821663530653
spearman,BaseOfData,registry_write,-0.014194496014474105
spearman,BaseOfData,registry_delete,0.01107195075765837
spearman,BaseOfData,registry_total,0.008647621470422605
spearman,BaseOfData,network_threats,
spearman,BaseOfData,network_dns,0.06797212544856207
spearman,BaseOfData,network_http,0.12736978171265628
spearman,BaseOfData,network_connections,0.08587533354168636
spearman,BaseOfData,processes_malicious,0.0026280623407644215
spearman,BaseOfData,processes_suspicious,0.003104692507523257
spearman,BaseOfData,processes_monitored,0.04116490304292434
spearman,BaseOfData,total_procsses,0.01593547813671742
spearman,BaseOfData,files_malicious,-0.0379554505407142
spearman,BaseOfData,files_suspicious,-0.03139881133040705
spearman,BaseOfData,files_text,0.0008281174399638053
spearman,BaseOfData,files_unknown,-0.008404254687526957
spearman,BaseOfData,dlls_calls,0.06611053361599203
spearman,BaseOfData,apis,0.048932691524732015
spearman,ImageBase,EntryPoint,
spearman,ImageBase,bytes_on_last_page,
spearman,ImageBase,pages_in_file,
spearman,ImageBase,relocations,
spearman,ImageBase,size_of_header,
spearman,ImageBase,min_extra_paragraphs,
spearman,ImageBase,max_extra_paragraphs,
spearman,ImageBase,init_ss_value,
spearman,ImageBase,init_sp_value,
spearman,ImageBase,init_ip_value,
spearman,ImageBase,init_cs_value,
spearman,ImageBase,over_lay_number,
spearman,ImageBase,oem_identifier,
spearman,ImageBase,address_of_ne_header,
spearman,ImageBase,SizeOfCode,
spearman,ImageBase,SizeOfInitializedData,
spearman,ImageBase,SizeOfUninitializedData,
spearman,ImageBase,AddressOfEntryPoint,
spearman,ImageBase,BaseOfCode,
spearman,ImageBase,BaseOfData,
spearman,ImageBase,ImageBase,
spearman,ImageBase,SectionAlignment,0.021256909268913843
spearman,ImageBase,FileAlignment,0.12615138460862885
spearman,ImageBase,OperatingSystemVersion,0.3472753343423781
spearman,ImageBase,ImageVersion,-0.04950627476594509
spearman,ImageBase,SizeOfImage,0.15116464476043526
spearman,ImageBase,SizeOfHeaders,0.1615061711249763
spearman,ImageBase,Checksum,0.10315313461985415
spearman,ImageBase,SizeofStackReserve,0.2569475108122449
spearman,ImageBase,SizeofStackCommit,0.250495624594207
spearman,ImageBase,SizeofHeapCommit,0.4115524640261376
spearman,ImageBase,SizeofHeapReserve,0.3247734173481002
spearman,ImageBase,LoaderFlags,-0.004305750234098722
spearman,ImageBase,text_VirtualSize,0.12605945597581497
spearman,ImageBase,text_VirtualAddress,0.030102391527038176
spearman,ImageBase,text_SizeOfRawData,0.08913551064948724
spearman,ImageBase,text_PointerToRawData,0.12937354248822167
spearman,ImageBase,text_PointerToRelocations,-0.00357632784224934
spearman,ImageBase,text_PointerToLineNumbers,0.0003937090538686839
spearman,ImageBase,rdata_VirtualSize,0.23189936601590594
spearman,ImageBase,rdata_VirtualAddress,0.15842458717956978
spearman,ImageBase,rdata_SizeOfRawData,0.19016757146074473
spearman,ImageBase,rdata_PointerToRawData,0.12263028982563223
spearman,ImageBase,rdata_PointerToRelocations,-0.0030442962697741784
spearman,ImageBase,rdata_PointerToLineNumbers,-0.0030442962697741784
spearman,ImageBase,registry_read,-0.3048347328393336
spearman,ImageBase,registry_write,-0.16879178251520308
spearman,ImageBase,registry_delete,-0.08373145481186349
spearman,ImageBase,registry_total,-0.30326960116312585
spearman,ImageBase,network_threats,
spearman,ImageBase,network_dns,-0.16080210546595242
spearman,ImageBase,network_http,-0.0873612505318893
spearman,ImageBase,network_connections,-0.23674087306274236
spearman,ImageBase,processes_malicious,-0.22887579519092593
spearman,ImageBase,processes_suspicious,-0.055545539502112
spearman,ImageBase,processes_monitored,-0.2733583332285741
spearman,ImageBase,total_procsses,-0.20238319036627184
spearman,ImageBase,files_malicious,-0.13298590658933424
spearman,ImageBase,files_suspicious,-0.08133585695942873
spearman,ImageBase,files_text,-0.08625777711827108
spearman,ImageBase,files_unknown,-0.03333246798102958
spearman,ImageBase,dlls_calls,0.18230162057654853
spearman,ImageBase,apis,0.1460299496401136
spearman,SectionAlignment,EntryPoint,
spearman,SectionAlignment,bytes_on_last_page,
spearman,SectionAlignment,pages_in_file,
spearman,SectionAlignment,relocations,
spearman,SectionAlignment,size_of_header,
spearman,SectionAlignment,min_extra_paragraphs,
spearman,SectionAlignment,max_extra_paragraphs,
spearman,SectionAlignment,init_ss_value,
spearman,SectionAlignment,init_sp_value,
spearman,SectionAlignment,init_ip_value,
spearman,SectionAlignment,init_cs_value,
spearman,SectionAlignment,over_lay_number,
spearman,SectionAlignment,oem_identifier,
spearman,SectionAlignment,address_of_ne_header,
spearman,SectionAlignment,SizeOfCode,
spearman,SectionAlignment,SizeOfInitializedData,
spearman,SectionAlignment,SizeOfUninitializedData,
spearman,SectionAlignment,AddressOfEntryPoint,
spearman,SectionAlignment,BaseOfCode,
spearman,SectionAlignment,BaseOfData,
spearman,SectionAlignment,ImageBase,
spearman,SectionAlignment,SectionAlignment,
spearman,SectionAlignment,FileAlignment,0.0003616592676094684
spearman,SectionAlignment,OperatingSystemVersion,-0.39983914456510583
spearman,SectionAlignment,ImageVersion,-0.21546944114938166
spearman,SectionAlignment,SizeOfImage,-0.052227191674668313
spearman,SectionAlignment,SizeOfHeaders,-0.6105405602027163
spearman,SectionAlignment,Checksum,-0.3162620833948318
spearman,SectionAlignment,SizeofStackReserve,0.11064179775492482
spearman,SectionAlignment,SizeofStackCommit,0.028838628171220963
spearman,SectionAlignment,SizeofHeapCommit,0.2885861073335692
spearman,SectionAlignment,SizeofHeapReserve,0.18470667304281904
spearman,SectionAlignment,LoaderFlags,-0.011624052398252425
spearman,SectionAlignment,text_VirtualSize,0.2085277311525048
spearman,SectionAlignment,text_VirtualAddress,0.8354133179425814
spearman,SectionAlignment,text_SizeOfRawData,0.21989667847493138
spearman,SectionAlignment,text_PointerToRawData,-0.5236615130132994
spearman,SectionAlignment,text_PointerToRelocations,-0.019532172380928692
spearman,SectionAlignment,text_PointerToLineNumbers,-0.010629251834117325
spearman,SectionAlignment,rdata_VirtualSize,9.390429152503449e-05
spearman,SectionAlignment,rdata_VirtualAddress,-0.007555209223375994
spearman,SectionAlignment,rdata_SizeOfRawData,0.0020467903439817217
spearman,SectionAlignment,rdata_PointerToRawData,-0.0011841798521204391
spearman,SectionAlignment,rdata_PointerToRelocations,-0.00821855830731126
spearman,SectionAlignment,rdata_PointerToLineNumbers,-0.00821855830731126
spearman,SectionAlignment,registry_read,0.1043194890423909
spearman,SectionAlignment,registry_write,0.047196115384513834
spearman,SectionAlignment,registry_delete,0.006789827503002764
spearman,SectionAlignment,registry_total,0.09499799484618672
spearman,SectionAlignment,network_threats,
spearman,SectionAlignment,network_dns,0.08101595227829533
spearman,SectionAlignment,network_http,-0.005284696275591458
spearman,SectionAlignment,network_connections,0.06321125302215426
spearman,SectionAlignment,processes_malicious,-0.0061888383831195486
spearman,SectionAlignment,processes_suspicious,-0.024093194895403094
spearman,SectionAlignment,processes_monitored,-0.004065508107251724
spearman,SectionAlignment,total_procsses,-0.02776988033547388
spearman,SectionAlignment,files_malicious,-0.042907541886669384
spearman,SectionAlignment,files_suspicious,-0.10535129432403717
spearman,SectionAlignment,files_text,-0.09785710900788813
spearman,SectionAlignment,files_unknown,-0.10091864012396215
spearman,SectionAlignment,dlls_calls,-0.44174788781273583
spearman,SectionAlignment,apis,-0.5034988152837004
spearman,FileAlignment,EntryPoint,
spearman,FileAlignment,bytes_on_last_page,
spearman,FileAlignment,pages_in_file,
spearman,FileAlignment,relocations,
spearman,FileAlignment,size_of_header,
spearman,FileAlignment,min_extra_paragraphs,
spearman,FileAlignment,max_extra_paragraphs,
spearman,FileAlignment,init_ss_value,
spearman,FileAlignment,init_sp_value,
spearman,FileAlignment,init_ip_value,
spearman,FileAlignment,init_cs_value,
spearman,FileAlignment,over_lay_number,
spearman,FileAlignment,oem_identifier,
spearman,FileAlignment,address_of_ne_header,
spearman,FileAlignment,SizeOfCode,
spearman,FileAlignment,SizeOfInitializedData,
spearman,FileAlignment,SizeOfUninitializedData,
spearman,FileAlignment,AddressOfEntryPoint,
spearman,FileAlignment,BaseOfCode,
spearman,FileAlignment,BaseOfData,
spearman,FileAlignment,ImageBase,
spearman,FileAlignment,SectionAlignment,
spearman,FileAlignment,FileAlignment,
spearman,FileAlignment,OperatingSystemVersion,-0.09645309865231189
spearman,FileAlignment,ImageVersion,0.09334212972479251
spearman,FileAlignment,SizeOfImage,0.013851238788194246
spearman,FileAlignment,SizeOfHeaders,0.5659478524270005
spearman,FileAlignment,Checksum,0.054627556963553404
spearman,FileAlignment,SizeofStackReserve,0.13933481495851652
spearman,FileAlignment,SizeofStackCommit,0.10709694662985353
spearman,FileAlignment,SizeofHeapCommit,0.29100511014277547
spearman,FileAlignment,SizeofHeapReserve,0.28247495509776693
spearman,FileAlignment,LoaderFlags,0.01685045923639411
spearman,FileAlignment,text_VirtualSize,0.056516843697731245
spearman,FileAlignment,text_VirtualAddress,-0.0236955939457934
spearman,FileAlignment,text_SizeOfRawData,0.06942237458942645
spearman,FileAlignment,text_PointerToRawData,0.5278004466425554
spearman,FileAlignment,text_PointerToRelocations,-0.004410788572081361
spearman,FileAlignment,text_PointerToLineNumbers,-0.010458297913363897
spearman,FileAlignment,rdata_VirtualSize,0.09969794612025555
spearman,FileAlignment,rdata_VirtualAddress,0.07341829749362642
spearman,FileAlignment,rdata_SizeOfRawData,0.11236825657340416
spearman,FileAlignment,rdata_PointerToRawData,0.08718828789116348
spearman,FileAlignment,rdata_PointerToRelocations,-0.003483086703772265
spearman,FileAlignment,rdata_PointerToLineNumbers,-0.003483086703772265
spearman,FileAlignment,registry_read,-0.1041436605630827
spearman,FileAlignment,registry_write,-0.07977368489899972
spearman,FileAlignment,registry_delete,-0.04225699528760189
spearman,FileAlignment,registry_total,-0.09867431624707165
spearman,FileAlignment,network_threats,
spearman,FileAlignment,network_dns,-0.08099672230123456
spearman,FileAlignment,network_http,0.062094724785013045
spearman,FileAlignment,network_connections,-0.06351331237373659
spearman,FileAlignment,processes_malicious,-0.04515369123293066
spearman,FileAlignment,processes_suspicious,0.0012882608857200583
spearman,FileAlignment,processes_monitored,-0.03177415614883204
spearman,FileAlignment,total_procsses,0.019444307350927698
spearman,FileAlignment,files_malicious,-0.05068049247027549
spearman,FileAlignment,files_suspicious,-0.041345612431942215
spearman,FileAlignment,files_text,-0.03692824289121806
spearman,FileAlignment,files_unknown,-0.02913815307115598
spearman,FileAlignment,dlls_calls,0.1384503850345673
spearman,FileAlignment,apis,0.22576650711852767
spearman,OperatingSystemVersion,EntryPoint,
spearman,OperatingSystemVersion,bytes_on_last_page,
spearman,OperatingSystemVersion,pages_in_file,
spearman,OperatingSystemVersion,relocations,
spearman,OperatingSystemVersion,size_of_header,
spearman,OperatingSystemVersion,min_extra_paragraphs,
spearman,OperatingSystemVersion,max_extra_paragraphs,
spearman,OperatingSystemVersion,init_ss_value,
spearman,OperatingSystemVersion,init_sp_value,
spearman,OperatingSystemVersion,init_ip_value,
spearman,OperatingSystemVersion,init_cs_value,
spearman,OperatingSystemVersion,over_lay_number,
spearman,OperatingSystemVersion,oem_identifier,
spearman,OperatingSystemVersion,address_of_ne_header,
spearman,OperatingSystemVersion,SizeOfCode,
spearman,OperatingSystemVersion,SizeOfInitializedData,
spearman,OperatingSystemVersion,SizeOfUninitializedData,
spearman,OperatingSystemVersion,AddressOfEntryPoint,
spearman,OperatingSystemVersion,BaseOfCode,
spearman,OperatingSystemVersion,BaseOfData,
spearman,OperatingSystemVersion,ImageBase,
spearman,OperatingSystemVersion,SectionAlignment,
spearman,OperatingSystemVersion,FileAlignment,
spearman,OperatingSystemVersion,OperatingSystemVersion,
spearman,OperatingSystemVersion,ImageVersion,-0.1290450282734534
spearman,OperatingSystemVersion,SizeOfImage,0.22883114862864032
spearman,OperatingSystemVersion,SizeOfHeaders,0.3159995112511888
spearman,OperatingSystemVersion,Checksum,0.2167869580680728
spearman,OperatingSystemVersion,SizeofStackReserve,0.10947867952221492
spearman,OperatingSystemVersion,SizeofStackCommit,0.03298769868502068
spearman,OperatingSystemVersion,SizeofHeapCommit,0.16655382713031575
spearman,OperatingSystemVersion,SizeofHeapReserve,0.24870717500143474
spearman,OperatingSystemVersion,LoaderFlags,-0.011484031327981687
spearman,OperatingSystemVersion,text_VirtualSize,0.10328032809266434
spearman,OperatingSystemVersion,text_VirtualAddress,-0.35851843912187853
spearman,OperatingSystemVersion,text_SizeOfRawData,0.05813031188546483
spearman,OperatingSystemVersion,text_PointerToRawData,0.22700398390067547
spearman,OperatingSystemVersion,text_PointerToRelocations,-0.0092921170356918
spearman,OperatingSystemVersion,text_PointerToLineNumbers,-0.00775393395225562
spearman,OperatingSystemVersion,rdata_VirtualSize,0.32155708345745376
spearman,OperatingSystemVersion,rdata_VirtualAddress,0.21602098493277863
spearman,OperatingSystemVersion,rdata_SizeOfRawData,0.27107127879947657
spearman,OperatingSystemVersion,rdata_PointerToRawData,0.17683521891108608
spearman,OperatingSystemVersion,rdata_PointerToRelocations,0.006697702636290795
spearman,OperatingSystemVersion,rdata_PointerToLineNumbers,0.006697702636290795
spearman,OperatingSystemVersion,registry_read,-0.18041092546218163
spearman,OperatingSystemVersion,registry_write,-0.13196461038307072
spearman,OperatingSystemVersion,registry_delete,-0.02478174477048616
spearman,OperatingSystemVersion,registry_total,-0.17248428238772576
spearman,OperatingSystemVersion,network_threats,
spearman,OperatingSystemVersion,network_dns,-0.1071664887756321
spearman,OperatingSystemVersion,network_http,-0.01694130606844233
spearman,OperatingSystemVersion,network_connections,-0.14657178151047992
spearman,OperatingSystemVersion,processes_malicious,-0.0908648020357942
spearman,OperatingSystemVersion,processes_suspicious,0.031013249933983394
spearman,OperatingSystemVersion,processes_monitored,-0.056998917189704096
spearman,OperatingSystemVersion,total_procsses,0.05280461581646639
spearman,OperatingSystemVersion,files_malicious,-0.06084323177238319
spearman,OperatingSystemVersion,files_suspicious,0.054367320394724736
spearman,OperatingSystemVersion,files_text,0.05653995639580597
spearman,OperatingSystemVersion,files_unknown,0.15501340838291044
spearman,OperatingSystemVersion,dlls_calls,0.299938068323853
spearman,OperatingSystemVersion,apis,0.31051561989240395
spearman,ImageVersion,EntryPoint,
spearman,ImageVersion,bytes_on_last_page,
spearman,ImageVersion,pages_in_file,
spearman,ImageVersion,relocations,
spearman,ImageVersion,size_of_header,
spearman,ImageVersion,min_extra_paragraphs,
spearman,ImageVersion,max_extra_paragraphs,
spearman,ImageVersion,init_ss_value,
spearman,ImageVersion,init_sp_value,
spearman,ImageVersion,init_ip_value,
spearman,ImageVersion,init_cs_value,
spearman,ImageVersion,over_lay_number,
spearman,ImageVersion,oem_identifier,
spearman,ImageVersion,address_of_ne_header,
spearman,ImageVersion,SizeOfCode,
spearman,ImageVersion,SizeOfInitializedData,
spearman,ImageVersion,SizeOfUninitializedData,
spearman,ImageVersion,AddressOfEntryPoint,
spearman,ImageVersion,BaseOfCode,
spearman,ImageVersion,BaseOfData,
spearman,ImageVersion,ImageBase,
spearman,ImageVersion,SectionAlignment,
spearman,ImageVersion,FileAlignment,
spearman,ImageVersion,OperatingSystemVersion,
spearman,ImageVersion,ImageVersion,
spearman,ImageVersion,SizeOfImage,-0.028801436678720496
spearman,ImageVersion,SizeOfHeaders,0.20616422242336035
spearman,ImageVersion,Checksum,0.14676367954162758
spearman,ImageVersion,SizeofStackReserve,0.14591398181901846
spearman,ImageVersion,SizeofStackCommit,0.028956210161193638
spearman,ImageVersion,SizeofHeapCommit,0.02418843505389396
spearman,ImageVersion,SizeofHeapReserve,0.020113522705710093
spearman,ImageVersion,LoaderFlags,0.0026490029104924554
spearman,ImageVersion,text_VirtualSize,-0.1730745163834604
spearman,ImageVersion,text_VirtualAddress,-0.2293005855981929
spearman,ImageVersion,text_SizeOfRawData,-0.1606852259123144
spearman,ImageVersion,text_PointerToRawData,0.19586489421860717
spearman,ImageVersion,text_PointerToRelocations,0.011621358485518507
spearman,ImageVersion,text_PointerToLineNumbers,0.017950684680828437
spearman,ImageVersion,rdata_VirtualSize,-0.1114603578905488
spearman,ImageVersion,rdata_VirtualAddress,-0.13830316135515752
spearman,ImageVersion,rdata_SizeOfRawData,-0.09873420512024658
spearman,ImageVersion,rdata_PointerToRawData,-0.13823723928546525
spearman,ImageVersion,rdata_PointerToRelocations,0.011246123606463277
spearman,ImageVersion,rdata_PointerToLineNumbers,0.011246123606463277
spearman,ImageVersion,registry_read,0.01695746373066865
spearman,ImageVersion,registry_write,0.013134821346214473
spearman,ImageVersion,registry_delete,-0.030464142134978427
spearman,ImageVersion,registry_total,0.01916846251988901
spearman,ImageVersion,network_threats,
spearman,ImageVersion,network_dns,-0.08437824870778671
spearman,ImageVersion,network_http,-0.03208362744468918
spearman,ImageVersion,network_connections,-0.06251452448750695
spearman,ImageVersion,processes_malicious,-0.03085358469491531
spearman,ImageVersion,processes_suspicious,-0.017032270474890466
spearman,ImageVersion,processes_monitored,-0.0882973171961522
spearman,ImageVersion,total_procsses,-0.10943890535415135
spearman,ImageVersion,files_malicious,0.0787280313384665
spearman,ImageVersion,files_suspicious,0.09110932361240902
spearman,ImageVersion,files_text,0.0026672039049838838
spearman,ImageVersion,files_unknown,-0.06628933751424425
spearman,ImageVersion,dlls_calls,0.062018867278485365
spearman,ImageVersion,apis,0.16252139949080044
spearman,SizeOfImage,EntryPoint,
spearman,SizeOfImage,bytes_on_last_page,
spearman,SizeOfImage,pages_in_file,
spearman,SizeOfImage,relocations,
spearman,SizeOfImage,size_of_header,
spearman,SizeOfImage,min_extra_paragraphs,
spearman,SizeOfImage,max_extra_paragraphs,
spearman,SizeOfImage,init_ss_value,
spearman,SizeOfImage,init_sp_value,
spearman,SizeOfImage,init_ip_value,
spearman,SizeOfImage,init_cs_value,
spearman,SizeOfImage,over_lay_number,
spearman,SizeOfImage,oem_identifier,
spearman,SizeOfImage,address_of_ne_header,
spearman,SizeOfImage,SizeOfCode,
spearman,SizeOfImage,SizeOfInitializedData,
spearman,SizeOfImage,SizeOfUninitializedData,
spearman,SizeOfImage,AddressOfEntryPoint,
spearman,SizeOfImage,BaseOfCode,
spearman,SizeOfImage,BaseOfData,
spearman,SizeOfImage,ImageBase,
spearman,SizeOfImage,SectionAlignment,
spearman,SizeOfImage,FileAlignment,
spearman,SizeOfImage,OperatingSystemVersion,
spearman,SizeOfImage,ImageVersion,
spearman,SizeOfImage,SizeOfImage,
spearman,SizeOfImage,SizeOfHeaders,0.1639516931295784
spearman,SizeOfImage,Checksum,0.34041467667414116
spearman,SizeOfImage,SizeofStackReserve,0.15536291580272327
spearman,SizeOfImage,SizeofStackCommit,0.1741446288973356
spearman,SizeOfImage,SizeofHeapCommit,0.19884459438284935
spearman,SizeOfImage,SizeofHeapReserve,0.21319909512899046
spearman,SizeOfImage,LoaderFlags,0.026662498179133826
spearman,SizeOfImage,text_VirtualSize,0.6073381297274535
spearman,SizeOfImage,text_VirtualAddress,-0.023726399193689362
spearman,SizeOfImage,text_SizeOfRawData,0.521552787895863
spearman,SizeOfImage,text_PointerToRawData,0.0404454721434398
spearman,SizeOfImage,text_PointerToRelocations,0.0032414830085750715
spearman,SizeOfImage,text_PointerToLineNumbers,0.0033762081721241924
spearman,SizeOfImage,rdata_VirtualSize,0.2979553470672314
spearman,SizeOfImage,rdata_VirtualAddress,0.3638830227340387
spearman,SizeOfImage,rdata_SizeOfRawData,0.2238472795898265
spearman,SizeOfImage,rdata_PointerToRawData,0.2898051042302088
spearman,SizeOfImage,rdata_PointerToRelocations,0.011727510009265491
spearman,SizeOfImage,rdata_PointerToLineNumbers,0.011727510009265491
spearman,SizeOfImage,registry_read,-0.01409906052920833
spearman,SizeOfImage,registry_write,-0.027260465092329336
spearman,SizeOfImage,registry_delete,-0.010519128622561482
spearman,SizeOfImage,registry_total,-0.00823518291056577
spearman,SizeOfImage,network_threats,
spearman,SizeOfImage,network_dns,0.014511530212664304
spearman,SizeOfImage,network_http,0.11971251095795973
spearman,SizeOfImage,network_connections,0.05538164136504388
spearman,SizeOfImage,processes_malicious,0.007300558678686646
spearman,SizeOfImage,processes_suspicious,0.007344756068611087
spearman,SizeOfImage,processes_monitored,-0.03334206460279684
spearman,SizeOfImage,total_procsses,-0.042360015219121985
spearman,SizeOfImage,files_malicious,0.06189666296780994
spearman,SizeOfImage,files_suspicious,-0.026132100960628964
spearman,SizeOfImage,files_text,0.014748401756315326
spearman,SizeOfImage,files_unknown,-0.02503515812224422
spearman,SizeOfImage,dlls_calls,0.17472092962327454
spearman,SizeOfImage,apis,0.1733051062848587
spearman,SizeOfHeaders,EntryPoint,
spearman,SizeOfHeaders,bytes_on_last_page,
spearman,SizeOfHeaders,pages_in_file,
spearman,SizeOfHeaders,relocations,
spearman,SizeOfHeaders,size_of_header,
spearman,SizeOfHeaders,min_extra_paragraphs,
spearman,SizeOfHeaders,max_extra_paragraphs,
spearman,SizeOfHeaders,init_ss_value,
spearman,SizeOfHeaders,init_sp_value,
spearman,SizeOfHeaders,init_ip_value,
spearman,SizeOfHeaders,init_cs_value,
spearman,SizeOfHeaders,over_lay_number,
spearman,SizeOfHeaders,oem_identifier,
spearman,SizeOfHeaders,address_of_ne_header,
spearman,SizeOfHeaders,SizeOfCode,
spearman,SizeOfHeaders,SizeOfInitializedData,
spearman,SizeOfHeaders,SizeOfUninitializedData,
spearman,SizeOfHeaders,AddressOfEntryPoint,
spearman,SizeOfHeaders,BaseOfCode,
spearman,SizeOfHeaders,BaseOfData,
spearman,SizeOfHeaders,ImageBase,
spearman,SizeOfHeaders,SectionAlignment,
spearman,SizeOfHeaders,FileAlignment,
spearman,SizeOfHeaders,OperatingSystemVersion,
spearman,SizeOfHeaders,ImageVersion,
spearman,SizeOfHeaders,SizeOfImage,
spearman,SizeOfHeaders,SizeOfHeaders,
spearman,SizeOfHeaders,Checksum,0.23390736281813124
spearman,SizeOfHeaders,SizeofStackReserve,0.16530335309660016
spearman,SizeOfHeaders,SizeofStackCommit,0.16080347933049594
spearman,SizeOfHeaders,SizeofHeapCommit,0.16205739925055468
spearman,SizeOfHeaders,SizeofHeapReserve,0.23061395435669546
spearman,SizeOfHeaders,LoaderFlags,0.002558201636961094
spearman,SizeOfHeaders,text_VirtualSize,-0.03505623002726072
spearman,SizeOfHeaders,text_VirtualAddress,-0.4907984941655961
spearman,SizeOfHeaders,text_SizeOfRawData,-0.05352739812165256
spearman,SizeOfHeaders,text_PointerToRawData,0.7738024926301816
spearman,SizeOfHeaders,text_PointerToRelocations,0.0007954249174942774
spearman,SizeOfHeaders,text_PointerToLineNumbers,-0.00336699205599183
spearman,SizeOfHeaders,rdata_VirtualSize,0.12490709503729996
spearman,SizeOfHeaders,rdata_VirtualAddress,0.127842652955728
spearman,SizeOfHeaders,rdata_SizeOfRawData,0.11828540940213055
spearman,SizeOfHeaders,rdata_PointerToRawData,0.11996285016470931
spearman,SizeOfHeaders,rdata_PointerToRelocations,0.0033162856857648295
spearman,SizeOfHeaders,rdata_PointerToLineNumbers,0.0033162856857648295
spearman,SizeOfHeaders,registry_read,-0.17748603567271648
spearman,SizeOfHeaders,registry_write,-0.14259179604571112
spearman,SizeOfHeaders,registry_delete,-0.041543669717962216
spearman,SizeOfHeaders,registry_total,-0.1677694950077296
spearman,SizeOfHeaders,network_threats,
spearman,SizeOfHeaders,network_dns,-0.16764612608520696
spearman,SizeOfHeaders,network_http,0.002680635108279926
spearman,SizeOfHeaders,network_connections,-0.14059944729211457
spearman,SizeOfHeaders,processes_malicious,-0.10620398852487617
spearman,SizeOfHeaders,processes_suspicious,0.011902027770119245
spearman,SizeOfHeaders,processes_monitored,-0.07004876668175251
spearman,SizeOfHeaders,total_procsses,0.026753521680262057
spearman,SizeOfHeaders,files_malicious,-0.05176085445859267
spearman,SizeOfHeaders,files_suspicious,0.020109421559988735
spearman,SizeOfHeaders,files_text,0.029572593599056594
spearman,SizeOfHeaders,files_unknown,0.04881480933163871
spearman,SizeOfHeaders,dlls_calls,0.4378922687801403
spearman,SizeOfHeaders,apis,0.4725644480873188
spearman,Checksum,EntryPoint,
spearman,Checksum,bytes_on_last_page,
spearman,Checksum,pages_in_file,
spearman,Checksum,relocations,
spearman,Checksum,size_of_header,
spearman,Checksum,min_extra_paragraphs,
spearman,Checksum,max_extra_paragraphs,
spearman,Checksum,init_ss_value,
spearman,Checksum,init_sp_value,
spearman,Checksum,init_ip_value,
spearman,Checksum,init_cs_value,
spearman,Checksum,over_lay_number,
spearman,Checksum,oem_identifier,
spearman,Checksum,address_of_ne_header,
spearman,Checksum,SizeOfCode,
spearman,Checksum,SizeOfInitializedData,
spearman,Checksum,SizeOfUninitializedData,
spearman,Checksum,AddressOfEntryPoint,
spearman,Checksum,BaseOfCode,
spearman,Checksum,BaseOfData,
spearman,Checksum,ImageBase,
spearman,Checksum,SectionAlignment,
spearman,Checksum,FileAlignment,
spearman,Checksum,OperatingSystemVersion,
spearman,Checksum,ImageVersion,
spearman,Checksum,SizeOfImage,
spearman,Checksum,SizeOfHeaders,
spearman,Checksum,Checksum,
spearman,Checksum,SizeofStackReserve,0.04484435708565912
spearman,Checksum,SizeofStackCommit,0.08330724713804256
spearman,Checksum,SizeofHeapCommit,0.04965443551033242
spearman,Checksum,SizeofHeapReserve,0.10917349655077269
spearman,Checksum,LoaderFlags,-0.0005882462223496079
spearman,Checksum,text_VirtualSize,0.0647772308109894
spearman,Checksum,text_VirtualAddress,-0.3123500071077228
spearman,Checksum,text_SizeOfRawData,0.05035229198625397
spearman,Checksum,text_PointerToRawData,0.22129601150883416
spearman,Checksum,text_PointerToRelocations,0.024825335617704898
spearman,Checksum,text_PointerToLineNumbers,0.0363531630715189
spearman,Checksum,rdata_VirtualSize,0.16057190023523754
spearman,Checksum,rdata_VirtualAddress,0.1420377071363153
spearman,Checksum,rdata_SizeOfRawData,0.14318477258478543
spearman,Checksum,rdata_PointerToRawData,0.1254539985094789
spearman,Checksum,rdata_PointerToRelocations,-0.005327476017151728
spearman,Checksum,rdata_PointerToLineNumbers,-0.005327476017151728
spearman,Checksum,registry_read,-0.06817453016923211
spearman,Checksum,registry_write,-0.06138611904557181
spearman,Checksum,registry_delete,-0.013874281603322661
spearman,Checksum,registry_total,-0.057410821043174014
spearman,Checksum,network_threats,
spearman,Checksum,network_dns,-0.0747333961678314
spearman,Checksum,network_http,0.03688637618423788
spearman,Checksum,network_connections,-0.04148468307753274
spearman,Checksum,processes_malicious,-0.02825712733483537
spearman,Checksum,processes_suspicious,0.05283256543128563
spearman,Checksum,processes_monitored,-0.030777564284927537
spearman,Checksum,total_procsses,0.024260784632851445
spearman,Checksum,files_malicious,0.08999376189855829
spearman,Checksum,files_suspicious,0.036579219382120685
spearman,Checksum,files_text,0.03918472247222187
spearman,Checksum,files_unknown,0.052334604732400744
spearman,Checksum,dlls_calls,0.20600398650028884
spearman,Checksum,apis,0.2729771052559756
spearman,SizeofStackReserve,EntryPoint,
spearman,SizeofStackReserve,bytes_on_last_page,
spearman,SizeofStackReserve,pages_in_file,
spearman,SizeofStackReserve,relocations,
spearman,SizeofStackReserve,size_of_header,
spearman,SizeofStackReserve,min_extra_paragraphs,
spearman,SizeofStackReserve,max_extra_paragraphs,
spearman,SizeofStackReserve,init_ss_value,
spearman,SizeofStackReserve,init_sp_value,
spearman,SizeofStackReserve,init_ip_value,
spearman,SizeofStackReserve,init_cs_value,
spearman,SizeofStackReserve,over_lay_number,
spearman,SizeofStackReserve,oem_identifier,
spearman,SizeofStackReserve,address_of_ne_header,
spearman,SizeofStackReserve,SizeOfCode,
spearman,SizeofStackReserve,SizeOfInitializedData,
spearman,SizeofStackReserve,SizeOfUninitializedData,
spearman,SizeofStackReserve,AddressOfEntryPoint,
spearman,SizeofStackReserve,BaseOfCode,
spearman,SizeofStackReserve,BaseOfData,
spearman,SizeofStackReserve,ImageBase,
spearman,SizeofStackReserve,SectionAlignment,
spearman,SizeofStackReserve,FileAlignment,
spearman,SizeofStackReserve,OperatingSystemVersion,
spearman,SizeofStackReserve,ImageVersion,
spearman,SizeofStackReserve,SizeOfImage,
spearman,SizeofStackReserve,SizeOfHeaders,
spearman,SizeofStackReserve,Checksum,
spearman,SizeofStackReserve,SizeofStackReserve,
spearman,SizeofStackReserve,SizeofStackCommit,0.13023748528465623
spearman,SizeofStackReserve,SizeofHeapCommit,0.5589118928312017
spearman,SizeofStackReserve,SizeofHeapReserve,0.5328009964622157
spearman,SizeofStackReserve,LoaderFlags,-0.0010419482436725706
spearman,SizeofStackReserve,text_VirtualSize,0.18262247903858347
spearman,SizeofStackReserve,text_VirtualAddress,0.10344587631394984
spearman,SizeofStackReserve,text_SizeOfRawData,0.16585890193600042
spearman,SizeofStackReserve,text_PointerToRawData,0.12476781145636767
spearman,SizeofStackReserve,text_PointerToRelocations,0.0018905563649186273
spearman,SizeofStackReserve,text_PointerToLineNumbers,-0.008264007317094374
spearman,SizeofStackReserve,rdata_VirtualSize,0.1481201239969172
spearman,SizeofStackReserve,rdata_VirtualAddress,0.14872055761390757
spearman,SizeofStackReserve,rdata_SizeOfRawData,0.13519252695691852
spearman,SizeofStackReserve,rdata_PointerToRawData,0.13993714564714516
spearman,SizeofStackReserve,rdata_PointerToRelocations,-0.0011775740338461427
spearman,SizeofStackReserve,rdata_PointerToLineNumbers,-0.0011775740338461427
spearman,SizeofStackReserve,registry_read,-0.19189559779950163
spearman,SizeofStackReserve,registry_write,-0.1261065316911593
spearman,SizeofStackReserve,registry_delete,-0.04550123167918797
spearman,SizeofStackReserve,registry_total,-0.19048408128030334
spearman,SizeofStackReserve,network_threats,
spearman,SizeofStackReserve,network_dns,-0.12685310473815647
spearman,SizeofStackReserve,network_http,-0.052125576960869946
spearman,SizeofStackReserve,network_connections,-0.15888126082889065
spearman,SizeofStackReserve,processes_malicious,-0.2168009596500903
spearman,SizeofStackReserve,processes_suspicious,-0.05295509207911661
spearman,SizeofStackReserve,processes_monitored,-0.17657807225205255
spearman,SizeofStackReserve,total_procsses,-0.0782575508660944
spearman,SizeofStackReserve,files_malicious,-0.1401176170413199
spearman,SizeofStackReserve,files_suspicious,-0.05642831304187265
spearman,SizeofStackReserve,files_text,-0.060452077978127766
spearman,SizeofStackReserve,files_unknown,-0.026078780611233636
spearman,SizeofStackReserve,dlls_calls,0.06746776878010535
spearman,SizeofStackReserve,apis,0.05394102864333312
spearman,SizeofStackCommit,EntryPoint,
spearman,SizeofStackCommit,bytes_on_last_page,
spearman,SizeofStackCommit,pages_in_file,
spearman,SizeofStackCommit,relocations,
spearman,SizeofStackCommit,size_of_header,
spearman,SizeofStackCommit,min_extra_paragraphs,
spearman,SizeofStackCommit,max_extra_paragraphs,
spearman,SizeofStackCommit,init_ss_value,
spearman,SizeofStackCommit,init_sp_value,
spearman,SizeofStackCommit,init_ip_value,
spearman,SizeofStackCommit,init_cs_value,
spearman,SizeofStackCommit,over_lay_number,
spearman,SizeofStackCommit,oem_identifier,
spearman,SizeofStackCommit,address_of_ne_header,
spearman,SizeofStackCommit,SizeOfCode,
spearman,SizeofStackCommit,SizeOfInitializedData,
spearman,SizeofStackCommit,SizeOfUninitializedData,
spearman,SizeofStackCommit,AddressOfEntryPoint,
spearman,SizeofStackCommit,BaseOfCode,
spearman,SizeofStackCommit,BaseOfData,
spearman,SizeofStackCommit,ImageBase,
spearman,SizeofStackCommit,SectionAlignment,
spearman,SizeofStackCommit,FileAlignment,
spearman,SizeofStackCommit,OperatingSystemVersion,
spearman,SizeofStackCommit,ImageVersion,
spearman,SizeofStackCommit,SizeOfImage,
spearman,SizeofStackCommit,SizeOfHeaders,
spearman,SizeofStackCommit,Checksum,
spearman,SizeofStackCommit,SizeofStackReserve,
spearman,SizeofStackCommit,SizeofStackCommit,
spearman,SizeofStackCommit,SizeofHeapCommit,0.533990404578854
spearman,SizeofStackCommit,SizeofHeapReserve,0.3545154154295715
spearman,SizeofStackCommit,LoaderFlags,0.006603852891562032
spearman,SizeofStackCommit,text_VirtualSize,0.12197702399350027
spearman,SizeofStackCommit,text_VirtualAddress,0.0899758174066159
spearman,SizeofStackCommit,text_SizeOfRawData,0.10994634439899462
spearman,SizeofStackCommit,text_PointerToRawData,0.12179161131160307
spearman,SizeofStackCommit,text_PointerToRelocations,0.007093656472685042
spearman,SizeofStackCommit,text_PointerToLineNumbers,0.00561065810882321
spearman,SizeofStackCommit,rdata_VirtualSize,-0.05360553079587372
spearman,SizeofStackCommit,rdata_VirtualAddress,0.20655054570529302
spearman,SizeofStackCommit,rdata_SizeOfRawData,-0.04963413474761544
spearman,SizeofStackCommit,rdata_PointerToRawData,0.1777125047337054
spearman,SizeofStackCommit,rdata_PointerToRelocations,0.0113865853795714
spearman,SizeofStackCommit,rdata_PointerToLineNumbers,0.0113865853795714
spearman,SizeofStackCommit,registry_read,-0.08642301710784167
spearman,SizeofStackCommit,registry_write,-0.09089771234308304
spearman,SizeofStackCommit,registry_delete,-0.008904770014645368
spearman,SizeofStackCommit,registry_total,-0.08707121093969643
spearman,SizeofStackCommit,network_threats,
spearman,SizeofStackCommit,network_dns,-0.11646105347706
spearman,SizeofStackCommit,network_http,-0.015959032283877402
spearman,SizeofStackCommit,network_connections,-0.06571572016534503
spearman,SizeofStackCommit,processes_malicious,-0.12632964492240667
spearman,SizeofStackCommit,processes_suspicious,0.02695314915724702
spearman,SizeofStackCommit,processes_monitored,-0.07358450866965331
spearman,SizeofStackCommit,total_procsses,-0.004402043573399412
spearman,SizeofStackCommit,files_malicious,-0.027099763837176948
spearman,SizeofStackCommit,files_suspicious,-0.051002440247286694
spearman,SizeofStackCommit,files_text,-0.03518732581088402
spearman,SizeofStackCommit,files_unknown,-0.017414528324101224
spearman,SizeofStackCommit,dlls_calls,0.19776362877797318
spearman,SizeofStackCommit,apis,0.10525893509846747
spearman,SizeofHeapCommit,EntryPoint,
spearman,SizeofHeapCommit,bytes_on_last_page,
spearman,SizeofHeapCommit,pages_in_file,
spearman,SizeofHeapCommit,relocations,
spearman,SizeofHeapCommit,size_of_header,
spearman,SizeofHeapCommit,min_extra_paragraphs,
spearman,SizeofHeapCommit,max_extra_paragraphs,
spearman,SizeofHeapCommit,init_ss_value,
spearman,SizeofHeapCommit,init_sp_value,
spearman,SizeofHeapCommit,init_ip_value,
spearman,SizeofHeapCommit,init_cs_value,
spearman,SizeofHeapCommit,over_lay_number,
spearman,SizeofHeapCommit,oem_identifier,
spearman,SizeofHeapCommit,address_of_ne_header,
spearman,SizeofHeapCommit,SizeOfCode,
spearman,SizeofHeapCommit,SizeOfInitializedData,
spearman,SizeofHeapCommit,SizeOfUninitializedData,
spearman,SizeofHeapCommit,AddressOfEntryPoint,
spearman,SizeofHeapCommit,BaseOfCode,
spearman,SizeofHeapCommit,BaseOfData,
spearman,SizeofHeapCommit,ImageBase,
spearman,SizeofHeapCommit,SectionAlignment,
spearman,SizeofHeapCommit,FileAlignment,
spearman,SizeofHeapCommit,OperatingSystemVersion,
spearman,SizeofHeapCommit,ImageVersion,
spearman,SizeofHeapCommit,SizeOfImage,
spearman,SizeofHeapCommit,SizeOfHeaders,
spearman,SizeofHeapCommit,Checksum,
spearman,SizeofHeapCommit,SizeofStackReserve,
spearman,SizeofHeapCommit,SizeofStackCommit,
spearman,SizeofHeapCommit,SizeofHeapCommit,
spearman,SizeofHeapCommit,SizeofHeapReserve,0.705058062192228
spearman,SizeofHeapCommit,LoaderFlags,-0.01824212587902979
spearman,SizeofHeapCommit,text_VirtualSize,0.17520317692858756
spearman,SizeofHeapCommit,text_VirtualAddress,0.2665281559856853
spearman,SizeofHeapCommit,text_SizeOfRawData,0.16264685018902555
spearman,SizeofHeapCommit,text_PointerToRawData,0.1429046485223674
spearman,SizeofHeapCommit,text_PointerToRelocations,0.0013945787609354284
spearman,SizeofHeapCommit,text_PointerToLineNumbers,0.001479333631180082
spearman,SizeofHeapCommit,rdata_VirtualSize,0.17601111114539256
spearman,SizeofHeapCommit,rdata_VirtualAddress,0.16628600046690606
spearman,SizeofHeapCommit,rdata_SizeOfRawData,0.16608638085289487
spearman,SizeofHeapCommit,rdata_PointerToRawData,0.1605418710118382
spearman,SizeofHeapCommit,rdata_PointerToRelocations,0.0004926850758977036
spearman,SizeofHeapCommit,rdata_PointerToLineNumbers,0.0004926850758977036
spearman,SizeofHeapCommit,registry_read,-0.15133746194483033
spearman,SizeofHeapCommit,registry_write,-0.11801771945510801
spearman,SizeofHeapCommit,registry_delete,-0.05390432161427749
spearman,SizeofHeapCommit,registry_total,-0.1487422538660792
spearman,SizeofHeapCommit,network_threats,
spearman,SizeofHeapCommit,network_dns,-0.1403005894525473
spearman,SizeofHeapCommit,network_http,-0.009683856568519405
spearman,SizeofHeapCommit,network_connections,-0.16298951947720178
spearman,SizeofHeapCommit,processes_malicious,-0.14481310986253748
spearman,SizeofHeapCommit,processes_suspicious,0.005747913455177675
spearman,SizeofHeapCommit,processes_monitored,-0.1257693825758973
spearman,SizeofHeapCommit,total_procsses,-0.02814374746401219
spearman,SizeofHeapCommit,files_malicious,-0.05315336117959491
spearman,SizeofHeapCommit,files_suspicious,-0.021906505648734507
spearman,SizeofHeapCommit,files_text,-0.030734086620009947
spearman,SizeofHeapCommit,files_unknown,0.009453409159630296
spearman,SizeofHeapCommit,dlls_calls,0.10544836381503411
spearman,SizeofHeapCommit,apis,0.07976858520091992
spearman,SizeofHeapReserve,EntryPoint,
spearman,SizeofHeapReserve,bytes_on_last_page,
spearman,SizeofHeapReserve,pages_in_file,
spearman,SizeofHeapReserve,relocations,
spearman,SizeofHeapReserve,size_of_header,
spearman,SizeofHeapReserve,min_extra_paragraphs,
spearman,SizeofHeapReserve,max_extra_paragraphs,
spearman,SizeofHeapReserve,init_ss_value,
spearman,SizeofHeapReserve,init_sp_value,
spearman,SizeofHeapReserve,init_ip_value,
spearman,SizeofHeapReserve,init_cs_value,
spearman,SizeofHeapReserve,over_lay_number,
spearman,SizeofHeapReserve,oem_identifier,
spearman,SizeofHeapReserve,address_of_ne_header,
spearman,SizeofHeapReserve,SizeOfCode,
spearman,SizeofHeapReserve,SizeOfInitializedData,
spearman,SizeofHeapReserve,SizeOfUninitializedData,
spearman,SizeofHeapReserve,AddressOfEntryPoint,
spearman,SizeofHeapReserve,BaseOfCode,
spearman,SizeofHeapReserve,BaseOfData,
spearman,SizeofHeapReserve,ImageBase,
spearman,SizeofHeapReserve,SectionAlignment,
spearman,SizeofHeapReserve,FileAlignment,
spearman,SizeofHeapReserve,OperatingSystemVersion,
spearman,SizeofHeapReserve,ImageVersion,
spearman,SizeofHeapReserve,SizeOfImage,
spearman,SizeofHeapReserve,SizeOfHeaders,
spearman,SizeofHeapReserve,Checksum,
spearman,SizeofHeapReserve,SizeofStackReserve,
spearman,SizeofHeapReserve,SizeofStackCommit,
spearman,SizeofHeapReserve,SizeofHeapCommit,
spearman,SizeofHeapReserve,SizeofHeapReserve,
spearman,SizeofHeapReserve,LoaderFlags,-0.017482816972635516
spearman,SizeofHeapReserve,text_VirtualSize,0.1877116642928293
spearman,SizeofHeapReserve,text_VirtualAddress,0.17831524527050735
spearman,SizeofHeapReserve,text_SizeOfRawData,0.17869647501714403
spearman,SizeofHeapReserve,text_PointerToRawData,0.18848615916206
spearman,SizeofHeapReserve,text_PointerToRelocations,0.0016007891123927906
spearman,SizeofHeapReserve,text_PointerToLineNumbers,0.00169807632005032
spearman,SizeofHeapReserve,rdata_VirtualSize,0.1862338789112633
spearman,SizeofHeapReserve,rdata_VirtualAddress,0.19783997702281186
spearman,SizeofHeapReserve,rdata_SizeOfRawData,0.1744852524157359
spearman,SizeofHeapReserve,rdata_PointerToRawData,0.18807870737636836
spearman,SizeofHeapReserve,rdata_PointerToRelocations,0.0005655362948496655
spearman,SizeofHeapReserve,rdata_PointerToLineNumbers,0.0005655362948496655
spearman,SizeofHeapReserve,registry_read,-0.09809494156511689
spearman,SizeofHeapReserve,registry_write,-0.09816921964040821
spearman,SizeofHeapReserve,registry_delete,-0.028911454446621365
spearman,SizeofHeapReserve,registry_total,-0.09516723036844262
spearman,SizeofHeapReserve,network_threats,
spearman,SizeofHeapReserve,network_dns,-0.1281420731749722
spearman,SizeofHeapReserve,network_http,-0.011436248453765419
spearman,SizeofHeapReserve,network_connections,-0.12629676742909066
spearman,SizeofHeapReserve,processes_malicious,-0.11967724882866208
spearman,SizeofHeapReserve,processes_suspicious,0.035827090658788
spearman,SizeofHeapReserve,processes_monitored,-0.06107692953897018
spearman,SizeofHeapReserve,total_procsses,0.05027780767082527
spearman,SizeofHeapReserve,files_malicious,-0.03847610039589673
spearman,SizeofHeapReserve,files_suspicious,0.021064248819568608
spearman,SizeofHeapReserve,files_text,0.020833125645564693
spearman,SizeofHeapReserve,files_unknown,0.04067764430258842
spearman,SizeofHeapReserve,dlls_calls,0.21090339092358049
spearman,SizeofHeapReserve,apis,0.16890740486306147
spearman,LoaderFlags,EntryPoint,
spearman,LoaderFlags,bytes_on_last_page,
spearman,LoaderFlags,pages_in_file,
spearman,LoaderFlags,relocations,
spearman,LoaderFlags,size_of_header,
spearman,LoaderFlags,min_extra_paragraphs,
spearman,LoaderFlags,max_extra_paragraphs,
spearman,LoaderFlags,init_ss_value,
spearman,LoaderFlags,init_sp_value,
spearman,LoaderFlags,init_ip_value,
spearman,LoaderFlags,init_cs_value,
spearman,LoaderFlags,over_lay_number,
spearman,LoaderFlags,oem_identifier,
spearman,LoaderFlags,address_of_ne_header,
spearman,LoaderFlags,SizeOfCode,
spearman,LoaderFlags,SizeOfInitializedData,
spearman,LoaderFlags,SizeOfUninitializedData,
spearman,LoaderFlags,AddressOfEntryPoint,
spearman,LoaderFlags,BaseOfCode,
spearman,LoaderFlags,BaseOfData,
spearman,LoaderFlags,ImageBase,
spearman,LoaderFlags,SectionAlignment,
spearman,LoaderFlags,FileAlignment,
spearman,LoaderFlags,OperatingSystemVersion,
spearman,LoaderFlags,ImageVersion,
spearman,LoaderFlags,SizeOfImage,
spearman,LoaderFlags,SizeOfHeaders,
spearman,LoaderFlags,Checksum,
spearman,LoaderFlags,SizeofStackReserve,
spearman,LoaderFlags,SizeofStackCommit,
spearman,LoaderFlags,SizeofHeapCommit,
spearman,LoaderFlags,SizeofHeapReserve,
spearman,LoaderFlags,LoaderFlags,
spearman,LoaderFlags,text_VirtualSize,-0.013111706750620396
spearman,LoaderFlags,text_VirtualAddress,-0.006498246247802362
spearman,LoaderFlags,text_SizeOfRawData,0.0022924933242543266
spearman,LoaderFlags,text_PointerToRawData,0.010068792137928401
spearman,LoaderFlags,text_PointerToRelocations,-0.0008651142845124167
spearman,LoaderFlags,text_PointerToLineNumbers,-0.0009176911994809655
spearman,LoaderFlags,rdata_VirtualSize,0.002371204828787688
spearman,LoaderFlags,rdata_VirtualAddress,0.007796249101627498
spearman,LoaderFlags,rdata_SizeOfRawData,-0.0013715130516681493
spearman,LoaderFlags,rdata_PointerToRawData,0.006953121868025804
spearman,LoaderFlags,rdata_PointerToRelocations,-0.0003056327178246211
spearman,LoaderFlags,rdata_PointerToLineNumbers,-0.0003056327178246211
spearman,LoaderFlags,registry_read,0.0008765413509392681
spearman,LoaderFlags,registry_write,0.002116998211728697
spearman,LoaderFlags,registry_delete,-0.005746200192955644
spearman,LoaderFlags,registry_total,0.0004320580124454563
spearman,LoaderFlags,network_threats,
spearman,LoaderFlags,network_dns,-0.007522294336655334
spearman,LoaderFlags,network_http,-0.010525081281668682
spearman,LoaderFlags,network_connections,0.010520562861313231
spearman,LoaderFlags,processes_malicious,-0.009523042105562596
spearman,LoaderFlags,processes_suspicious,0.004901596408075434
spearman,LoaderFlags,processes_monitored,0.0004603721793374073
spearman,LoaderFlags,total_procsses,0.0074522918932666835
spearman,LoaderFlags,files_malicious,-0.005121293475223627
spearman,LoaderFlags,files_suspicious,-0.0007519224569661269
spearman,LoaderFlags,files_text,-0.006981793331270892
spearman,LoaderFlags,files_unknown,-0.009545089555868129
spearman,LoaderFlags,dlls_calls,-0.004447783159737721
spearman,LoaderFlags,apis,0.0012045883408934154
spearman,text_VirtualSize,EntryPoint,
spearman,text_VirtualSize,bytes_on_last_page,
spearman,text_VirtualSize,pages_in_file,
spearman,text_VirtualSize,relocations,
spearman,text_VirtualSize,size_of_header,
spearman,text_VirtualSize,min_extra_paragraphs,
spearman,text_VirtualSize,max_extra_paragraphs,
spearman,text_VirtualSize,init_ss_value,
spearman,text_VirtualSize,init_sp_value,
spearman,text_VirtualSize,init_ip_value,
spearman,text_VirtualSize,init_cs_value,
spearman,text_VirtualSize,over_lay_number,
spearman,text_VirtualSize,oem_identifier,
spearman,text_VirtualSize,address_of_ne_header,
spearman,text_VirtualSize,SizeOfCode,
spearman,text_VirtualSize,SizeOfInitializedData,
spearman,text_VirtualSize,SizeOfUninitializedData,
spearman,text_VirtualSize,AddressOfEntryPoint,
spearman,text_VirtualSize,BaseOfCode,
spearman,text_VirtualSize,BaseOfData,
spearman,text_VirtualSize,ImageBase,
spearman,text_VirtualSize,SectionAlignment,
spearman,text_VirtualSize,FileAlignment,
spearman,text_VirtualSize,OperatingSystemVersion,
spearman,text_VirtualSize,ImageVersion,
spearman,text_VirtualSize,SizeOfImage,
spearman,text_VirtualSize,SizeOfHeaders,
spearman,text_VirtualSize,Checksum,
spearman,text_VirtualSize,SizeofStackReserve,
spearman,text_VirtualSize,SizeofStackCommit,
spearman,text_VirtualSize,SizeofHeapCommit,
spearman,text_VirtualSize,SizeofHeapReserve,
spearman,text_VirtualSize,LoaderFlags,
spearman,text_VirtualSize,text_VirtualSize,
spearman,text_VirtualSize,text_VirtualAddress,0.19958123372469116
spearman,text_VirtualSize,text_SizeOfRawData,0.9270671049328958
spearman,text_VirtualSize,text_PointerToRawData,-0.07757196613204598
spearman,text_VirtualSize,text_PointerToRelocations,0.019392114179448916
spearman,text_VirtualSize,text_PointerToLineNumbers,0.022482018133306303
spearman,text_VirtualSize,rdata_VirtualSize,0.32858576470014206
spearman,text_VirtualSize,rdata_VirtualAddress,0.5467707245287092
spearman,text_VirtualSize,rdata_SizeOfRawData,0.28343940601326495
spearman,text_VirtualSize,rdata_PointerToRawData,0.4946804887969222
spearman,text_VirtualSize,rdata_PointerToRelocations,-0.011592595272402275
spearman,text_VirtualSize,rdata_PointerToLineNumbers,-0.011592595272402275
spearman,text_VirtualSize,registry_read,-0.04121571337552145
spearman,text_VirtualSize,registry_write,-0.04279056300379616
spearman,text_VirtualSize,registry_delete,0.0014421248260228516
spearman,text_VirtualSize,registry_total,-0.04007514038926144
spearman,text_VirtualSize,network_threats,
spearman,text_VirtualSize,network_dns,0.04615631188180997
spearman,text_VirtualSize,network_http,0.09700225006034975
spearman,text_VirtualSize,network_connections,0.059829295950774374
spearman,text_VirtualSize,processes_malicious,-0.030389041085757344
spearman,text_VirtualSize,processes_suspicious,-0.0014137906525251735
spearman,text_VirtualSize,processes_monitored,-0.013947694074836143
spearman,text_VirtualSize,total_procsses,-0.027322578190897354
spearman,text_VirtualSize,files_malicious,-0.07371117214653465
spearman,text_VirtualSize,files_suspicious,-0.08130504253175702
spearman,text_VirtualSize,files_text,-0.034884161653889745
spearman,text_VirtualSize,files_unknown,-0.04228504332636765
spearman,text_VirtualSize,dlls_calls,0.0183677039303497
spearman,text_VirtualSize,apis,0.049498113135896374
spearman,text_VirtualAddress,EntryPoint,
spearman,text_VirtualAddress,bytes_on_last_page,
spearman,text_VirtualAddress,pages_in_file,
spearman,text_VirtualAddress,relocations,
spearman,text_VirtualAddress,size_of_header,
spearman,text_VirtualAddress,min_extra_paragraphs,
spearman,text_VirtualAddress,max_extra_paragraphs,
spearman,text_VirtualAddress,init_ss_value,
spearman,text_VirtualAddress,init_sp_value,
spearman,text_VirtualAddress,init_ip_value,
spearman,text_VirtualAddress,init_cs_value,
spearman,text_VirtualAddress,over_lay_number,
spearman,text_VirtualAddress,oem_identifier,
spearman,text_VirtualAddress,address_of_ne_header,
spearman,text_VirtualAddress,SizeOfCode,
spearman,text_VirtualAddress,SizeOfInitializedData,
spearman,text_VirtualAddress,SizeOfUninitializedData,
spearman,text_VirtualAddress,AddressOfEntryPoint,
spearman,text_VirtualAddress,BaseOfCode,
spearman,text_VirtualAddress,BaseOfData,
spearman,text_VirtualAddress,ImageBase,
spearman,text_VirtualAddress,SectionAlignment,
spearman,text_VirtualAddress,FileAlignment,
spearman,text_VirtualAddress,OperatingSystemVersion,
spearman,text_VirtualAddress,ImageVersion,
spearman,text_VirtualAddress,SizeOfImage,
spearman,text_VirtualAddress,SizeOfHeaders,
spearman,text_VirtualAddress,Checksum,
spearman,text_VirtualAddress,SizeofStackReserve,
spearman,text_VirtualAddress,SizeofStackCommit,
spearman,text_VirtualAddress,SizeofHeapCommit,
spearman,text_VirtualAddress,SizeofHeapReserve,
spearman,text_VirtualAddress,LoaderFlags,
spearman,text_VirtualAddress,text_VirtualSize,
spearman,text_VirtualAddress,text_VirtualAddress,
spearman,text_VirtualAddress,text_SizeOfRawData,0.2138258577954489
spearman,text_VirtualAddress,text_PointerToRawData,-0.4215082233013601
spearman,text_VirtualAddress,text_PointerToRelocations,-0.019808546197279422
spearman,text_VirtualAddress,text_PointerToLineNumbers,-0.012205817557359173
spearman,text_VirtualAddress,rdata_VirtualSize,-0.01930637194307291
spearman,text_VirtualAddress,rdata_VirtualAddress,0.02246952542385729
spearman,text_VirtualAddress,rdata_SizeOfRawData,-0.015028274467183118
spearman,text_VirtualAddress,rdata_PointerToRawData,0.020033994216613102
spearman,text_VirtualAddress,rdata_PointerToRelocations,0.0002127891898426865
spearman,text_VirtualAddress,rdata_PointerToLineNumbers,0.0002127891898426865
spearman,text_VirtualAddress,registry_read,0.0602884679340689
spearman,text_VirtualAddress,registry_write,0.015103131717721376
spearman,text_VirtualAddress,registry_delete,0.007296010156863198
spearman,text_VirtualAddress,registry_total,0.051602890073606716
spearman,text_VirtualAddress,network_threats,
spearman,text_VirtualAddress,network_dns,0.03999167358116718
spearman,text_VirtualAddress,network_http,-0.04241486159791585
spearman,text_VirtualAddress,network_connections,0.02647798426247125
spearman,text_VirtualAddress,processes_malicious,-0.06381450029893222
spearman,text_VirtualAddress,processes_suspicious,-0.03195907472998599
spearman,text_VirtualAddress,processes_monitored,-0.016769171340751284
spearman,text_VirtualAddress,total_procsses,-0.01908304990355892
spearman,text_VirtualAddress,files_malicious,-0.08182905354413819
spearman,text_VirtualAddress,files_suspicious,-0.13423238329360884
spearman,text_VirtualAddress,files_text,-0.0940567784105363
spearman,text_VirtualAddress,files_unknown,-0.12564417711571985
spearman,text_VirtualAddress,dlls_calls,-0.3438818058812027
spearman,text_VirtualAddress,apis,-0.4464969611706613
spearman,text_SizeOfRawData,EntryPoint,
spearman,text_SizeOfRawData,bytes_on_last_page,
spearman,text_SizeOfRawData,pages_in_file,
spearman,text_SizeOfRawData,relocations,
spearman,text_SizeOfRawData,size_of_header,
spearman,text_SizeOfRawData,min_extra_paragraphs,
spearman,text_SizeOfRawData,max_extra_paragraphs,
spearman,text_SizeOfRawData,init_ss_value,
spearman,text_SizeOfRawData,init_sp_value,
spearman,text_SizeOfRawData,init_ip_value,
spearman,text_SizeOfRawData,init_cs_value,
spearman,text_SizeOfRawData,over_lay_number,
spearman,text_SizeOfRawData,oem_identifier,
spearman,text_SizeOfRawData,address_of_ne_header,
spearman,text_SizeOfRawData,SizeOfCode,
spearman,text_SizeOfRawData,SizeOfInitializedData,
spearman,text_SizeOfRawData,SizeOfUninitializedData,
spearman,text_SizeOfRawData,AddressOfEntryPoint,
spearman,text_SizeOfRawData,BaseOfCode,
spearman,text_SizeOfRawData,BaseOfData,
spearman,text_SizeOfRawData,ImageBase,
spearman,text_SizeOfRawData,SectionAlignment,
spearman,text_SizeOfRawData,FileAlignment,
spearman,text_SizeOfRawData,OperatingSystemVersion,
spearman,text_SizeOfRawData,ImageVersion,
spearman,text_SizeOfRawData,SizeOfImage,
spearman,text_SizeOfRawData,SizeOfHeaders,
spearman,text_SizeOfRawData,Checksum,
spearman,text_SizeOfRawData,SizeofStackReserve,
spearman,text_SizeOfRawData,SizeofStackCommit,
spearman,text_SizeOfRawData,SizeofHeapCommit,
spearman,text_SizeOfRawData,SizeofHeapReserve,
spearman,text_SizeOfRawData,LoaderFlags,
spearman,text_SizeOfRawData,text_VirtualSize,
spearman,text_SizeOfRawData,text_VirtualAddress,
spearman,text_SizeOfRawData,text_SizeOfRawData,
spearman,text_SizeOfRawData,text_PointerToRawData,0.026088299485441308
spearman,text_SizeOfRawData,text_PointerToRelocations,8.942509337430471e-05
spearman,text_SizeOfRawData,text_PointerToLineNumbers,0.007546196805468374
spearman,text_SizeOfRawData,rdata_VirtualSize,0.2893291233264487
spearman,text_SizeOfRawData,rdata_VirtualAddress,0.49021563626485554
spearman,text_SizeOfRawData,rdata_SizeOfRawData,0.3473549409526682
spearman,text_SizeOfRawData,rdata_PointerToRawData,0.5529462927832615
spearman,text_SizeOfRawData,rdata_PointerToRelocations,-0.010617066884730847
spearman,text_SizeOfRawData,rdata_PointerToLineNumbers,-0.010617066884730847
spearman,text_SizeOfRawData,registry_read,-0.011706313585668905
spearman,text_SizeOfRawData,registry_write,-0.02869882039414504
spearman,text_SizeOfRawData,registry_delete,0.004233360745379307
spearman,text_SizeOfRawData,registry_total,-0.010028214162600316
spearman,text_SizeOfRawData,network_threats,
spearman,text_SizeOfRawData,network_dns,0.06760064730959775
spearman,text_SizeOfRawData,network_http,0.09845327994716117
spearman,text_SizeOfRawData,network_connections,0.06970316736921944
spearman,text_SizeOfRawData,processes_malicious,0.004201657082478039
spearman,text_SizeOfRawData,processes_suspicious,0.012438570703233707
spearman,text_SizeOfRawData,processes_monitored,0.01404625055277096
spearman,text_SizeOfRawData,total_procsses,-0.01015143412711677
spearman,text_SizeOfRawData,files_malicious,-0.05424357565152915
spearman,text_SizeOfRawData,files_suspicious,-0.0593688392537882
spearman,text_SizeOfRawData,files_text,-0.022232946467351827
spearman,text_SizeOfRawData,files_unknown,-0.03150965820754076
spearman,text_SizeOfRawData,dlls_calls,0.0064191725901597664
spearman,text_SizeOfRawData,apis,0.07478053078043012
spearman,text_PointerToRawData,EntryPoint,
spearman,text_PointerToRawData,bytes_on_last_page,
spearman,text_PointerToRawData,pages_in_file,
spearman,text_PointerToRawData,relocations,
spearman,text_PointerToRawData,size_of_header,
spearman,text_PointerToRawData,min_extra_paragraphs,
spearman,text_PointerToRawData,max_extra_paragraphs,
spearman,text_PointerToRawData,init_ss_value,
spearman,text_PointerToRawData,init_sp_value,
spearman,text_PointerToRawData,init_ip_value,
spearman,text_PointerToRawData,init_cs_value,
spearman,text_PointerToRawData,over_lay_number,
spearman,text_PointerToRawData,oem_identifier,
spearman,text_PointerToRawData,address_of_ne_header,
spearman,text_PointerToRawData,SizeOfCode,
spearman,text_PointerToRawData,SizeOfInitializedData,
spearman,text_PointerToRawData,SizeOfUninitializedData,
spearman,text_PointerToRawData,AddressOfEntryPoint,
spearman,text_PointerToRawData,BaseOfCode,
spearman,text_PointerToRawData,BaseOfData,
spearman,text_PointerToRawData,ImageBase,
spearman,text_PointerToRawData,SectionAlignment,
spearman,text_PointerToRawData,FileAlignment,
spearman,text_PointerToRawData,OperatingSystemVersion,
spearman,text_PointerToRawData,ImageVersion,
spearman,text_PointerToRawData,SizeOfImage,
spearman,text_PointerToRawData,SizeOfHeaders,
spearman,text_PointerToRawData,Checksum,
spearman,text_PointerToRawData,SizeofStackReserve,
spearman,text_PointerToRawData,SizeofStackCommit,
spearman,text_PointerToRawData,SizeofHeapCommit,
spearman,text_PointerToRawData,SizeofHeapReserve,
spearman,text_PointerToRawData,LoaderFlags,
spearman,text_PointerToRawData,text_VirtualSize,
spearman,text_PointerToRawData,text_VirtualAddress,
spearman,text_PointerToRawData,text_SizeOfRawData,
spearman,text_PointerToRawData,text_PointerToRawData,
spearman,text_PointerToRawData,text_PointerToRelocations,0.006613202606232593
spearman,text_PointerToRawData,text_PointerToLineNumbers,0.004881252394099581
spearman,text_PointerToRawData,rdata_VirtualSize,0.10028309460149754
spearman,text_PointerToRawData,rdata_VirtualAddress,0.08682012018608039
spearman,text_PointerToRawData,rdata_SizeOfRawData,0.19251027903472587
spearman,text_PointerToRawData,rdata_PointerToRawData,0.1840519208756116
spearman,text_PointerToRawData,rdata_PointerToRelocations,0.0021732193735322976
spearman,text_PointerToRawData,rdata_PointerToLineNumbers,0.0021732193735322976
spearman,text_PointerToRawData,registry_read,-0.13386802423203853
spearman,text_PointerToRawData,registry_write,-0.11668754077360541
spearman,text_PointerToRawData,registry_delete,-0.035633978061867626
spearman,text_PointerToRawData,registry_total,-0.12463648757506068
spearman,text_PointerToRawData,network_threats,
spearman,text_PointerToRawData,network_dns,-0.12787857970070887
spearman,text_PointerToRawData,network_http,0.008491000501667937
spearman,text_PointerToRawData,network_connections,-0.11932202624383112
spearman,text_PointerToRawData,processes_malicious,-0.05861900675483992
spearman,text_PointerToRawData,processes_suspicious,0.03796627922367885
spearman,text_PointerToRawData,processes_monitored,-0.023196252185488393
spearman,text_PointerToRawData,total_procsses,0.05031002866999052
spearman,text_PointerToRawData,files_malicious,-0.023933056327363787
spearman,text_PointerToRawData,files_suspicious,0.039108283554899925
spearman,text_PointerToRawData,files_text,0.04718604066632339
spearman,text_PointerToRawData,files_unknown,0.05573001009121967
spearman,text_PointerToRawData,dlls_calls,0.35928629437557064
spearman,text_PointerToRawData,apis,0.4851374758320738
spearman,text_PointerToRelocations,EntryPoint,
spearman,text_PointerToRelocations,bytes_on_last_page,
spearman,text_PointerToRelocations,pages_in_file,
spearman,text_PointerToRelocations,relocations,
spearman,text_PointerToRelocations,size_of_header,
spearman,text_PointerToRelocations,min_extra_paragraphs,
spearman,text_PointerToRelocations,max_extra_paragraphs,
spearman,text_PointerToRelocations,init_ss_value,
spearman,text_PointerToRelocations,init_sp_value,
spearman,text_PointerToRelocations,init_ip_value,
spearman,text_PointerToRelocations,init_cs_value,
spearman,text_PointerToRelocations,over_lay_number,
spearman,text_PointerToRelocations,oem_identifier,
spearman,text_PointerToRelocations,address_of_ne_header,
spearman,text_PointerToRelocations,SizeOfCode,
spearman,text_PointerToRelocations,SizeOfInitializedData,
spearman,text_PointerToRelocations,SizeOfUninitializedData,
spearman,text_PointerToRelocations,AddressOfEntryPoint,
spearman,text_PointerToRelocations,BaseOfCode,
spearman,text_PointerToRelocations,BaseOfData,
spearman,text_PointerToRelocations,ImageBase,
spearman,text_PointerToRelocations,SectionAlignment,
spearman,text_PointerToRelocations,FileAlignment,
spearman,text_PointerToRelocations,OperatingSystemVersion,
spearman,text_PointerToRelocations,ImageVersion,
spearman,text_PointerToRelocations,SizeOfImage,
spearman,text_PointerToRelocations,SizeOfHeaders,
spearman,text_PointerToRelocations,Checksum,
spearman,text_PointerToRelocations,SizeofStackReserve,
spearman,text_PointerToRelocations,SizeofStackCommit,
spearman,text_PointerToRelocations,SizeofHeapCommit,
spearman,text_PointerToRelocations,SizeofHeapReserve,
spearman,text_PointerToRelocations,LoaderFlags,
spearman,text_PointerToRelocations,text_VirtualSize,
spearman,text_PointerToRelocations,text_VirtualAddress,
spearman,text_PointerToRelocations,text_SizeOfRawData,
spearman,text_PointerToRelocations,text_PointerToRawData,
spearman,text_PointerToRelocations,text_PointerToRelocations,
spearman,text_PointerToRelocations,text_PointerToLineNumbers,0.7854837466590219
spearman,text_PointerToRelocations,rdata_VirtualSize,0.030727295264184815
spearman,text_PointerToRelocations,rdata_VirtualAddress,0.021977136220795893
spearman,text_PointerToRelocations,rdata_SizeOfRawData,0.03477631168848837
spearman,text_PointerToRelocations,rdata_PointerToRawData,0.01879243025768168
spearman,text_PointerToRelocations,rdata_PointerToRelocations,0.23533701745412644
spearman,text_PointerToRelocations,rdata_PointerToLineNumbers,0.23533701745412644
spearman,text_PointerToRelocations,registry_read,-0.0021369819218924266
spearman,text_PointerToRelocations,registry_write,-0.00102732059846788
spearman,text_PointerToRelocations,registry_delete,0.0019768410057705954
spearman,text_PointerToRelocations,registry_total,-0.00256484102186203
spearman,text_PointerToRelocations,network_threats,
spearman,text_PointerToRelocations,network_dns,-0.013227394603917423
spearman,text_PointerToRelocations,network_http,-0.008092796817351948
spearman,text_PointerToRelocations,network_connections,0.010933784563052903
spearman,text_PointerToRelocations,processes_malicious,-0.0224276459499325
spearman,text_PointerToRelocations,processes_suspicious,-0.00934478610056041
spearman,text_PointerToRelocations,processes_monitored,0.0031361269059006925
spearman,text_PointerToRelocations,total_procsses,0.00886491033720521
spearman,text_PointerToRelocations,files_malicious,-0.015224679325282157
spearman,text_PointerToRelocations,files_suspicious,0.0028003768952625063
spearman,text_PointerToRelocations,files_text,0.004151967514698914
spearman,text_PointerToRelocations,files_unknown,-0.006237524484946315
spearman,text_PointerToRelocations,dlls_calls,-0.01400464775406294
spearman,text_PointerToRelocations,apis,-0.010328899416106993
spearman,text_PointerToLineNumbers,EntryPoint,
spearman,text_PointerToLineNumbers,bytes_on_last_page,
spearman,text_PointerToLineNumbers,pages_in_file,
spearman,text_PointerToLineNumbers,relocations,
spearman,text_PointerToLineNumbers,size_of_header,
spearman,text_PointerToLineNumbers,min_extra_paragraphs,
spearman,text_PointerToLineNumbers,max_extra_paragraphs,
spearman,text_PointerToLineNumbers,init_ss_value,
spearman,text_PointerToLineNumbers,init_sp_value,
spearman,text_PointerToLineNumbers,init_ip_value,
spearman,text_PointerToLineNumbers,init_cs_value,
spearman,text_PointerToLineNumbers,over_lay_number,
spearman,text_PointerToLineNumbers,oem_identifier,
spearman,text_PointerToLineNumbers,address_of_ne_header,
spearman,text_PointerToLineNumbers,SizeOfCode,
spearman,text_PointerToLineNumbers,SizeOfInitializedData,
spearman,text_PointerToLineNumbers,SizeOfUninitializedData,
spearman,text_PointerToLineNumbers,AddressOfEntryPoint,
spearman,text_PointerToLineNumbers,BaseOfCode,
spearman,text_PointerToLineNumbers,BaseOfData,
spearman,text_PointerToLineNumbers,ImageBase,
spearman,text_PointerToLineNumbers,SectionAlignment,
spearman,text_PointerToLineNumbers,FileAlignment,
spearman,text_PointerToLineNumbers,OperatingSystemVersion,
spearman,text_PointerToLineNumbers,ImageVersion,
spearman,text_PointerToLineNumbers,SizeOfImage,
spearman,text_PointerToLineNumbers,SizeOfHeaders,
spearman,text_PointerToLineNumbers,Checksum,
spearman,text_PointerToLineNumbers,SizeofStackReserve,
spearman,text_PointerToLineNumbers,SizeofStackCommit,
spearman,text_PointerToLineNumbers,SizeofHeapCommit,
spearman,text_PointerToLineNumbers,SizeofHeapReserve,
spearman,text_PointerToLineNumbers,LoaderFlags,
spearman,text_PointerToLineNumbers,text_VirtualSize,
spearman,text_PointerToLineNumbers,text_VirtualAddress,
spearman,text_PointerToLineNumbers,text_SizeOfRawData,
spearman,text_PointerToLineNumbers,text_PointerToRawData,
spearman,text_PointerToLineNumbers,text_PointerToRelocations,
spearman,text_PointerToLineNumbers,text_PointerToLineNumbers,
spearman,text_PointerToLineNumbers,rdata_VirtualSize,0.02558906944731834
spearman,text_PointerToLineNumbers,rdata_VirtualAddress,0.017667560508119615
spearman,text_PointerToLineNumbers,rdata_SizeOfRawData,0.02882086255873415
spearman,text_PointerToLineNumbers,rdata_PointerToRawData,0.0172176919620765
spearman,text_PointerToLineNumbers,rdata_PointerToRelocations,0.22213408621230832
spearman,text_PointerToLineNumbers,rdata_PointerToLineNumbers,0.22213408621230832
spearman,text_PointerToLineNumbers,registry_read,-0.0071748245243045405
spearman,text_PointerToLineNumbers,registry_write,-0.0006502514457823684
spearman,text_PointerToLineNumbers,registry_delete,-0.0061995755561464645
spearman,text_PointerToLineNumbers,registry_total,-0.005613535870462449
spearman,text_PointerToLineNumbers,network_threats,
spearman,text_PointerToLineNumbers,network_dns,-0.0067414708330323855
spearman,text_PointerToLineNumbers,network_http,-0.005964558157642254
spearman,text_PointerToLineNumbers,network_connections,0.0075381940738297615
spearman,text_PointerToLineNumbers,processes_malicious,-0.020402411316339034
spearman,text_PointerToLineNumbers,processes_suspicious,-0.010539436415264582
spearman,text_PointerToLineNumbers,processes_monitored,-0.0030436088962070913
spearman,text_PointerToLineNumbers,total_procsses,0.008509387033333211
spearman,text_PointerToLineNumbers,files_malicious,-0.015173627758994761
spearman,text_PointerToLineNumbers,files_suspicious,0.007435551675820027
spearman,text_PointerToLineNumbers,files_text,0.005980675996302793
spearman,text_PointerToLineNumbers,files_unknown,-0.0036420206948712644
spearman,text_PointerToLineNumbers,dlls_calls,-0.0161163975797669
spearman,text_PointerToLineNumbers,apis,-0.012395678979272294
spearman,rdata_VirtualSize,EntryPoint,
spearman,rdata_VirtualSize,bytes_on_last_page,
spearman,rdata_VirtualSize,pages_in_file,
spearman,rdata_VirtualSize,relocations,
spearman,rdata_VirtualSize,size_of_header,
spearman,rdata_VirtualSize,min_extra_paragraphs,
spearman,rdata_VirtualSize,max_extra_paragraphs,
spearman,rdata_VirtualSize,init_ss_value,
spearman,rdata_VirtualSize,init_sp_value,
spearman,rdata_VirtualSize,init_ip_value,
spearman,rdata_VirtualSize,init_cs_value,
spearman,rdata_VirtualSize,over_lay_number,
spearman,rdata_VirtualSize,oem_identifier,
spearman,rdata_VirtualSize,address_of_ne_header,
spearman,rdata_VirtualSize,SizeOfCode,
spearman,rdata_VirtualSize,SizeOfInitializedData,
spearman,rdata_VirtualSize,SizeOfUninitializedData,
spearman,rdata_VirtualSize,AddressOfEntryPoint,
spearman,rdata_VirtualSize,BaseOfCode,
spearman,rdata_VirtualSize,BaseOfData,
spearman,rdata_VirtualSize,ImageBase,
spearman,rdata_VirtualSize,SectionAlignment,
spearman,rdata_VirtualSize,FileAlignment,
spearman,rdata_VirtualSize,OperatingSystemVersion,
spearman,rdata_VirtualSize,ImageVersion,
spearman,rdata_VirtualSize,SizeOfImage,
spearman,rdata_VirtualSize,SizeOfHeaders,
spearman,rdata_VirtualSize,Checksum,
spearman,rdata_VirtualSize,SizeofStackReserve,
spearman,rdata_VirtualSize,SizeofStackCommit,
spearman,rdata_VirtualSize,SizeofHeapCommit,
spearman,rdata_VirtualSize,SizeofHeapReserve,
spearman,rdata_VirtualSize,LoaderFlags,
spearman,rdata_VirtualSize,text_VirtualSize,
spearman,rdata_VirtualSize,text_VirtualAddress,
spearman,rdata_VirtualSize,text_SizeOfRawData,
spearman,rdata_VirtualSize,text_PointerToRawData,
spearman,rdata_VirtualSize,text_PointerToRelocations,
spearman,rdata_VirtualSize,text_PointerToLineNumbers,
spearman,rdata_VirtualSize,rdata_VirtualSize,
spearman,rdata_VirtualSize,rdata_VirtualAddress,0.5743733906825718
spearman,rdata_VirtualSize,rdata_SizeOfRawData,0.8981262303645894
spearman,rdata_VirtualSize,rdata_PointerToRawData,0.523840773223384
spearman,rdata_VirtualSize,rdata_PointerToRelocations,0.0015544493411854962
spearman,rdata_VirtualSize,rdata_PointerToLineNumbers,0.0015544493411854962
spearman,rdata_VirtualSize,registry_read,-0.15893011110911281
spearman,rdata_VirtualSize,registry_write,-0.12732368234648506
spearman,rdata_VirtualSize,registry_delete,-0.02105514716018243
spearman,rdata_VirtualSize,registry_total,-0.155086474209399
spearman,rdata_VirtualSize,network_threats,
spearman,rdata_VirtualSize,network_dns,-0.06417321350463151
spearman,rdata_VirtualSize,network_http,-0.012290724921662482
spearman,rdata_VirtualSize,network_connections,-0.060731862253436804
spearman,rdata_VirtualSize,processes_malicious,-0.1372827524324492
spearman,rdata_VirtualSize,processes_suspicious,-0.05838588958362407
spearman,rdata_VirtualSize,processes_monitored,-0.12020423604017458
spearman,rdata_VirtualSize,total_procsses,-0.045456975809409716
spearman,rdata_VirtualSize,files_malicious,-0.12935263214219012
spearman,rdata_VirtualSize,files_suspicious,-0.1225717602284155
spearman,rdata_VirtualSize,files_text,-0.06046889166254443
spearman,rdata_VirtualSize,files_unknown,-0.05329357216714527
spearman,rdata_VirtualSize,dlls_calls,0.10525865482223255
spearman,rdata_VirtualSize,apis,0.16707499468228457
spearman,rdata_VirtualAddress,EntryPoint,
spearman,rdata_VirtualAddress,bytes_on_last_page,
spearman,rdata_VirtualAddress,pages_in_file,
spearman,rdata_VirtualAddress,relocations,
spearman,rdata_VirtualAddress,size_of_header,
spearman,rdata_VirtualAddress,min_extra_paragraphs,
spearman,rdata_VirtualAddress,max_extra_paragraphs,
spearman,rdata_VirtualAddress,init_ss_value,
spearman,rdata_VirtualAddress,init_sp_value,
spearman,rdata_VirtualAddress,init_ip_value,
spearman,rdata_VirtualAddress,init_cs_value,
spearman,rdata_VirtualAddress,over_lay_number,
spearman,rdata_VirtualAddress,oem_identifier,
spearman,rdata_VirtualAddress,address_of_ne_header,
spearman,rdata_VirtualAddress,SizeOfCode,
spearman,rdata_VirtualAddress,SizeOfInitializedData,
spearman,rdata_VirtualAddress,SizeOfUninitializedData,
spearman,rdata_VirtualAddress,AddressOfEntryPoint,
spearman,rdata_VirtualAddress,BaseOfCode,
spearman,rdata_VirtualAddress,BaseOfData,
spearman,rdata_VirtualAddress,ImageBase,
spearman,rdata_VirtualAddress,SectionAlignment,
spearman,rdata_VirtualAddress,FileAlignment,
spearman,rdata_VirtualAddress,OperatingSystemVersion,
spearman,rdata_VirtualAddress,ImageVersion,
spearman,rdata_VirtualAddress,SizeOfImage,
spearman,rdata_VirtualAddress,SizeOfHeaders,
spearman,rdata_VirtualAddress,Checksum,
spearman,rdata_VirtualAddress,SizeofStackReserve,
spearman,rdata_VirtualAddress,SizeofStackCommit,
spearman,rdata_VirtualAddress,SizeofHeapCommit,
spearman,rdata_VirtualAddress,SizeofHeapReserve,
spearman,rdata_VirtualAddress,LoaderFlags,
spearman,rdata_VirtualAddress,text_VirtualSize,
spearman,rdata_VirtualAddress,text_VirtualAddress,
spearman,rdata_VirtualAddress,text_SizeOfRawData,
spearman,rdata_VirtualAddress,text_PointerToRawData,
spearman,rdata_VirtualAddress,text_PointerToRelocations,
spearman,rdata_VirtualAddress,text_PointerToLineNumbers,
spearman,rdata_VirtualAddress,rdata_VirtualSize,
spearman,rdata_VirtualAddress,rdata_VirtualAddress,
spearman,rdata_VirtualAddress,rdata_SizeOfRawData,0.49703689716190885
spearman,rdata_VirtualAddress,rdata_PointerToRawData,0.8871540541972338
spearman,rdata_VirtualAddress,rdata_PointerToRelocations,0.003966964938820004
spearman,rdata_VirtualAddress,rdata_PointerToLineNumbers,0.003966964938820004
spearman,rdata_VirtualAddress,registry_read,-0.13306629435133308
spearman,rdata_VirtualAddress,registry_write,-0.1397342867793288
spearman,rdata_VirtualAddress,registry_delete,0.02434561387491756
spearman,rdata_VirtualAddress,registry_total,-0.12940525318614882
spearman,rdata_VirtualAddress,network_threats,
spearman,rdata_VirtualAddress,network_dns,-0.07535203151771792
spearman,rdata_VirtualAddress,network_http,-0.0008234928310688357
spearman,rdata_VirtualAddress,network_connections,-0.014824162454734568
spearman,rdata_VirtualAddress,processes_malicious,-0.16478124768801197
spearman,rdata_VirtualAddress,processes_suspicious,-0.02385470281554357
spearman,rdata_VirtualAddress,processes_monitored,-0.09044991763714305
spearman,rdata_VirtualAddress,total_procsses,0.014909151748194328
spearman,rdata_VirtualAddress,files_malicious,-0.1122453000483352
spearman,rdata_VirtualAddress,files_suspicious,-0.10467936587343381
spearman,rdata_VirtualAddress,files_text,-0.04587749721171185
spearman,rdata_VirtualAddress,files_unknown,-0.034415262727773926
spearman,rdata_VirtualAddress,dlls_calls,0.14610726603021462
spearman,rdata_VirtualAddress,apis,0.18442612596902416
spearman,rdata_SizeOfRawData,EntryPoint,
spearman,rdata_SizeOfRawData,bytes_on_last_page,
spearman,rdata_SizeOfRawData,pages_in_file,
spearman,rdata_SizeOfRawData,relocations,
spearman,rdata_SizeOfRawData,size_of_header,
spearman,rdata_SizeOfRawData,min_extra_paragraphs,
spearman,rdata_SizeOfRawData,max_extra_paragraphs,
spearman,rdata_SizeOfRawData,init_ss_value,
spearman,rdata_SizeOfRawData,init_sp_value,
spearman,rdata_SizeOfRawData,init_ip_value,
spearman,rdata_SizeOfRawData,init_cs_value,
spearman,rdata_SizeOfRawData,over_lay_number,
spearman,rdata_SizeOfRawData,oem_identifier,
spearman,rdata_SizeOfRawData,address_of_ne_header,
spearman,rdata_SizeOfRawData,SizeOfCode,
spearman,rdata_SizeOfRawData,SizeOfInitializedData,
spearman,rdata_SizeOfRawData,SizeOfUninitializedData,
spearman,rdata_SizeOfRawData,AddressOfEntryPoint,
spearman,rdata_SizeOfRawData,BaseOfCode,
spearman,rdata_SizeOfRawData,BaseOfData,
spearman,rdata_SizeOfRawData,ImageBase,
spearman,rdata_SizeOfRawData,SectionAlignment,
spearman,rdata_SizeOfRawData,FileAlignment,
spearman,rdata_SizeOfRawData,OperatingSystemVersion,
spearman,rdata_SizeOfRawData,ImageVersion,
spearman,rdata_SizeOfRawData,SizeOfImage,
spearman,rdata_SizeOfRawData,SizeOfHeaders,
spearman,rdata_SizeOfRawData,Checksum,
spearman,rdata_SizeOfRawData,SizeofStackReserve,
spearman,rdata_SizeOfRawData,SizeofStackCommit,
spearman,rdata_SizeOfRawData,SizeofHeapCommit,
spearman,rdata_SizeOfRawData,SizeofHeapReserve,
spearman,rdata_SizeOfRawData,LoaderFlags,
spearman,rdata_SizeOfRawData,text_VirtualSize,
spearman,rdata_SizeOfRawData,text_VirtualAddress,
spearman,rdata_SizeOfRawData,text_SizeOfRawData,
spearman,rdata_SizeOfRawData,text_PointerToRawData,
spearman,rdata_SizeOfRawData,text_PointerToRelocations,
spearman,rdata_SizeOfRawData,text_PointerToLineNumbers,
spearman,rdata_SizeOfRawData,rdata_VirtualSize,
spearman,rdata_SizeOfRawData,rdata_VirtualAddress,
spearman,rdata_SizeOfRawData,rdata_SizeOfRawData,
spearman,rdata_SizeOfRawData,rdata_PointerToRawData,0.6260576699648682
spearman,rdata_SizeOfRawData,rdata_PointerToRelocations,0.00023667432860625137
spearman,rdata_SizeOfRawData,rdata_PointerToLineNumbers,0.00023667432860625137
spearman,rdata_SizeOfRawData,registry_read,-0.11311463127685449
spearman,rdata_SizeOfRawData,registry_write,-0.10300099275716977
spearman,rdata_SizeOfRawData,registry_delete,-0.015261005243757541
spearman,rdata_SizeOfRawData,registry_total,-0.10864018817746678
spearman,rdata_SizeOfRawData,network_threats,
spearman,rdata_SizeOfRawData,network_dns,-0.0322892359395424
spearman,rdata_SizeOfRawData,network_http,-0.0070770794447778665
spearman,rdata_SizeOfRawData,network_connections,-0.03057845603272006
spearman,rdata_SizeOfRawData,processes_malicious,-0.08431999720352668
spearman,rdata_SizeOfRawData,processes_suspicious,-0.03626892941070522
spearman,rdata_SizeOfRawData,processes_monitored,-0.07592124800833444
spearman,rdata_SizeOfRawData,total_procsses,-0.016655653420143836
spearman,rdata_SizeOfRawData,files_malicious,-0.09635434742819034
spearman,rdata_SizeOfRawData,files_suspicious,-0.09134820392149631
spearman,rdata_SizeOfRawData,files_text,-0.03786416880575197
spearman,rdata_SizeOfRawData,files_unknown,-0.03763081983782408
spearman,rdata_SizeOfRawData,dlls_calls,0.09908400108139162
spearman,rdata_SizeOfRawData,apis,0.19889592284963342
spearman,rdata_PointerToRawData,EntryPoint,
spearman,rdata_PointerToRawData,bytes_on_last_page,
spearman,rdata_PointerToRawData,pages_in_file,
spearman,rdata_PointerToRawData,relocations,
spearman,rdata_PointerToRawData,size_of_header,
spearman,rdata_PointerToRawData,min_extra_paragraphs,
spearman,rdata_PointerToRawData,max_extra_paragraphs,
spearman,rdata_PointerToRawData,init_ss_value,
spearman,rdata_PointerToRawData,init_sp_value,
spearman,rdata_PointerToRawData,init_ip_value,
spearman,rdata_PointerToRawData,init_cs_value,
spearman,rdata_PointerToRawData,over_lay_number,
spearman,rdata_PointerToRawData,oem_identifier,
spearman,rdata_PointerToRawData,address_of_ne_header,
spearman,rdata_PointerToRawData,SizeOfCode,
spearman,rdata_PointerToRawData,SizeOfInitializedData,
spearman,rdata_PointerToRawData,SizeOfUninitializedData,
spearman,rdata_PointerToRawData,AddressOfEntryPoint,
spearman,rdata_PointerToRawData,BaseOfCode,
spearman,rdata_PointerToRawData,BaseOfData,
spearman,rdata_PointerToRawData,ImageBase,
spearman,rdata_PointerToRawData,SectionAlignment,
spearman,rdata_PointerToRawData,FileAlignment,
spearman,rdata_PointerToRawData,OperatingSystemVersion,
spearman,rdata_PointerToRawData,ImageVersion,
spearman,rdata_PointerToRawData,SizeOfImage,
spearman,rdata_PointerToRawData,SizeOfHeaders,
spearman,rdata_PointerToRawData,Checksum,
spearman,rdata_PointerToRawData,SizeofStackReserve,
spearman,rdata_PointerToRawData,SizeofStackCommit,
spearman,rdata_PointerToRawData,SizeofHeapCommit,
spearman,rdata_PointerToRawData,SizeofHeapReserve,
spearman,rdata_PointerToRawData,LoaderFlags,
spearman,rdata_PointerToRawData,text_VirtualSize,
spearman,rdata_PointerToRawData,text_VirtualAddress,
spearman,rdata_PointerToRawData,text_SizeOfRawData,
spearman,rdata_PointerToRawData,text_PointerToRawData,
spearman,rdata_PointerToRawData,text_PointerToRelocations,
spearman,rdata_PointerToRawData,text_PointerToLineNumbers,
spearman,rdata_PointerToRawData,rdata_VirtualSize,
spearman,rdata_PointerToRawData,rdata_VirtualAddress,
spearman,rdata_PointerToRawData,rdata_SizeOfRawData,
spearman,rdata_PointerToRawData,rdata_PointerToRawData,
spearman,rdata_PointerToRawData,rdata_PointerToRelocations,0.005057523640325505
spearman,rdata_PointerToRawData,rdata_PointerToLineNumbers,0.005057523640325505
spearman,rdata_PointerToRawData,registry_read,-0.08670752283127597
spearman,rdata_PointerToRawData,registry_write,-0.1139278209636993
spearman,rdata_PointerToRawData,registry_delete,0.022696457850773174
spearman,rdata_PointerToRawData,registry_total,-0.08385753055867921
spearman,rdata_PointerToRawData,network_threats,
spearman,rdata_PointerToRawData,network_dns,-0.03603414096321944
spearman,rdata_PointerToRawData,network_http,0.010347798453219096
spearman,rdata_PointerToRawData,network_connections,0.013260463629214753
spearman,rdata_PointerToRawData,processes_malicious,-0.10176031707936725
spearman,rdata_PointerToRawData,processes_suspicious,-0.0030981260002593608
spearman,rdata_PointerToRawData,processes_monitored,-0.04396950791921909
spearman,rdata_PointerToRawData,total_procsses,0.035566635193810855
spearman,rdata_PointerToRawData,files_malicious,-0.08064441295193736
spearman,rdata_PointerToRawData,files_suspicious,-0.0743809911418337
spearman,rdata_PointerToRawData,files_text,-0.025579163226256776
spearman,rdata_PointerToRawData,files_unknown,-0.019342215236458144
spearman,rdata_PointerToRawData,dlls_calls,0.13617653110090888
spearman,rdata_PointerToRawData,apis,0.21955232429062524
spearman,rdata_PointerToRelocations,EntryPoint,
spearman,rdata_PointerToRelocations,bytes_on_last_page,
spearman,rdata_PointerToRelocations,pages_in_file,
spearman,rdata_PointerToRelocations,relocations,
spearman,rdata_PointerToRelocations,size_of_header,
spearman,rdata_PointerToRelocations,min_extra_paragraphs,
spearman,rdata_PointerToRelocations,max_extra_paragraphs,
spearman,rdata_PointerToRelocations,init_ss_value,
spearman,rdata_PointerToRelocations,init_sp_value,
spearman,rdata_PointerToRelocations,init_ip_value,
spearman,rdata_PointerToRelocations,init_cs_value,
spearman,rdata_PointerToRelocations,over_lay_number,
spearman,rdata_PointerToRelocations,oem_identifier,
spearman,rdata_PointerToRelocations,address_of_ne_header,
spearman,rdata_PointerToRelocations,SizeOfCode,
spearman,rdata_PointerToRelocations,SizeOfInitializedData,
spearman,rdata_PointerToRelocations,SizeOfUninitializedData,
spearman,rdata_PointerToRelocations,AddressOfEntryPoint,
spearman,rdata_PointerToRelocations,BaseOfCode,
spearman,rdata_PointerToRelocations,BaseOfData,
spearman,rdata_PointerToRelocations,ImageBase,
spearman,rdata_PointerToRelocations,SectionAlignment,
spearman,rdata_PointerToRelocations,FileAlignment,
spearman,rdata_PointerToRelocations,OperatingSystemVersion,
spearman,rdata_PointerToRelocations,ImageVersion,
spearman,rdata_PointerToRelocations,SizeOfImage,
spearman,rdata_PointerToRelocations,SizeOfHeaders,
spearman,rdata_PointerToRelocations,Checksum,
spearman,rdata_PointerToRelocations,SizeofStackReserve,
spearman,rdata_PointerToRelocations,SizeofStackCommit,
spearman,rdata_PointerToRelocations,SizeofHeapCommit,
spearman,rdata_PointerToRelocations,SizeofHeapReserve,
spearman,rdata_PointerToRelocations,LoaderFlags,
spearman,rdata_PointerToRelocations,text_VirtualSize,
spearman,rdata_PointerToRelocations,text_VirtualAddress,
spearman,rdata_PointerToRelocations,text_SizeOfRawData,
spearman,rdata_PointerToRelocations,text_PointerToRawData,
spearman,rdata_PointerToRelocations,text_PointerToRelocations,
spearman,rdata_PointerToRelocations,text_PointerToLineNumbers,
spearman,rdata_PointerToRelocations,rdata_VirtualSize,
spearman,rdata_PointerToRelocations,rdata_VirtualAddress,
spearman,rdata_PointerToRelocations,rdata_SizeOfRawData,
spearman,rdata_PointerToRelocations,rdata_PointerToRawData,
spearman,rdata_PointerToRelocations,rdata_PointerToRelocations,
spearman,rdata_PointerToRelocations,rdata_PointerToLineNumbers,1.0
spearman,rdata_PointerToRelocations,registry_read,-0.0031423309584526285
spearman,rdata_PointerToRelocations,registry_write,-0.009288826444919936
spearman,rdata_PointerToRelocations,registry_delete,-0.004062738166802233
spearman,rdata_PointerToRelocations,registry_total,-0.0034317596641408213
spearman,rdata_PointerToRelocations,network_threats,
spearman,rdata_PointerToRelocations,network_dns,-0.010216843699309931
spearman,rdata_PointerToRelocations,network_http,-0.0074415523295119565
spearman,rdata_PointerToRelocations,network_connections,-0.006405661312774585
spearman,rdata_PointerToRelocations,processes_malicious,-0.0005854081327543579
spearman,rdata_PointerToRelocations,processes_suspicious,-0.0051777708598138876
spearman,rdata_PointerToRelocations,processes_monitored,-0.0016788266720440253
spearman,rdata_PointerToRelocations,total_procsses,0.0008550785753488752
spearman,rdata_PointerToRelocations,files_malicious,-0.00038840595967936124
spearman,rdata_PointerToRelocations,files_suspicious,0.0016042966825891298
spearman,rdata_PointerToRelocations,files_text,0.0010492242063547751
spearman,rdata_PointerToRelocations,files_unknown,-0.006748668396849601
spearman,rdata_PointerToRelocations,dlls_calls,-0.0055452218921176145
spearman,rdata_PointerToRelocations,apis,-0.004255463304253541
spearman,rdata_PointerToLineNumbers,EntryPoint,
spearman,rdata_PointerToLineNumbers,bytes_on_last_page,
spearman,rdata_PointerToLineNumbers,pages_in_file,
spearman,rdata_PointerToLineNumbers,relocations,
spearman,rdata_PointerToLineNumbers,size_of_header,
spearman,rdata_PointerToLineNumbers,min_extra_paragraphs,
spearman,rdata_PointerToLineNumbers,max_extra_paragraphs,
spearman,rdata_PointerToLineNumbers,init_ss_value,
spearman,rdata_PointerToLineNumbers,init_sp_value,
spearman,rdata_PointerToLineNumbers,init_ip_value,
spearman,rdata_PointerToLineNumbers,init_cs_value,
spearman,rdata_PointerToLineNumbers,over_lay_number,
spearman,rdata_PointerToLineNumbers,oem_identifier,
spearman,rdata_PointerToLineNumbers,address_of_ne_header,
spearman,rdata_PointerToLineNumbers,SizeOfCode,
spearman,rdata_PointerToLineNumbers,SizeOfInitializedData,
spearman,rdata_PointerToLineNumbers,SizeOfUninitializedData,
spearman,rdata_PointerToLineNumbers,AddressOfEntryPoint,
spearman,rdata_PointerToLineNumbers,BaseOfCode,
spearman,rdata_PointerToLineNumbers,BaseOfData,
spearman,rdata_PointerToLineNumbers,ImageBase,
spearman,rdata_PointerToLineNumbers,SectionAlignment,
spearman,rdata_PointerToLineNumbers,FileAlignment,
spearman,rdata_PointerToLineNumbers,OperatingSystemVersion,
spearman,rdata_PointerToLineNumbers,ImageVersion,
spearman,rdata_PointerToLineNumbers,SizeOfImage,
spearman,rdata_PointerToLineNumbers,SizeOfHeaders,
spearman,rdata_PointerToLineNumbers,Checksum,
spearman,rdata_PointerToLineNumbers,SizeofStackReserve,
spearman,rdata_PointerToLineNumbers,SizeofStackCommit,
spearman,rdata_PointerToLineNumbers,SizeofHeapCommit,
spearman,rdata_PointerToLineNumbers,SizeofHeapReserve,
spearman,rdata_PointerToLineNumbers,LoaderFlags,
spearman,rdata_PointerToLineNumbers,text_VirtualSize,
spearman,rdata_PointerToLineNumbers,text_VirtualAddress,
spearman,rdata_PointerToLineNumbers,text_SizeOfRawData,
spearman,rdata_PointerToLineNumbers,text_PointerToRawData,
spearman,rdata_PointerToLineNumbers,text_PointerToRelocations,
spearman,rdata_PointerToLineNumbers,text_PointerToLineNumbers,
spearman,rdata_PointerToLineNumbers,rdata_VirtualSize,
spearman,rdata_PointerToLineNumbers,rdata_VirtualAddress,
spearman,rdata_PointerToLineNumbers,rdata_SizeOfRawData,
spearman,rdata_PointerToLineNumbers,rdata_PointerToRawData,
spearman,rdata_PointerToLineNumbers,rdata_PointerToRelocations,
spearman,rdata_PointerToLineNumbers,rdata_PointerToLineNumbers,
spearman,rdata_PointerToLineNumbers,registry_read,-0.0031423309584526285
spearman,rdata_PointerToLineNumbers,registry_write,-0.009288826444919936
spearman,rdata_PointerToLineNumbers,registry_delete,-0.004062738166802233
spearman,rdata_PointerToLineNumbers,registry_total,-0.0034317596641408213
spearman,rdata_PointerToLineNumbers,network_threats,
spearman,rdata_PointerToLineNumbers,network_dns,-0.010216843699309931
spearman,rdata_PointerToLineNumbers,network_http,-0.0074415523295119565
spearman,rdata_PointerToLineNumbers,network_connections,-0.006405661312774585
spearman,rdata_PointerToLineNumbers,processes_malicious,-0.0005854081327543579
spearman,rdata_PointerToLineNumbers,processes_suspicious,-0.0051777708598138876
spearman,rdata_PointerToLineNumbers,processes_monitored,-0.0016788266720440253
spearman,rdata_PointerToLineNumbers,total_procsses,0.0008550785753488752
spearman,rdata_PointerToLineNumbers,files_malicious,-0.00038840595967936124
spearman,rdata_PointerToLineNumbers,files_suspicious,0.0016042966825891298
spearman,rdata_PointerToLineNumbers,files_text,0.0010492242063547751
spearman,rdata_PointerToLineNumbers,files_unknown,-0.006748668396849601
spearman,rdata_PointerToLineNumbers,dlls_calls,-0.0055452218921176145
spearman,rdata_PointerToLineNumbers,apis,-0.004255463304253541
spearman,registry_read,EntryPoint,
spearman,registry_read,bytes_on_last_page,
spearman,registry_read,pages_in_file,
spearman,registry_read,relocations,
spearman,registry_read,size_of_header,
spearman,registry_read,min_extra_paragraphs,
spearman,registry_read,max_extra_paragraphs,
spearman,registry_read,init_ss_value,
spearman,registry_read,init_sp_value,
spearman,registry_read,init_ip_value,
spearman,registry_read,init_cs_value,
spearman,registry_read,over_lay_number,
spearman,registry_read,oem_identifier,
spearman,registry_read,address_of_ne_header,
spearman,registry_read,SizeOfCode,
spearman,registry_read,SizeOfInitializedData,
spearman,registry_read,SizeOfUninitializedData,
spearman,registry_read,AddressOfEntryPoint,
spearman,registry_read,BaseOfCode,
spearman,registry_read,BaseOfData,
spearman,registry_read,ImageBase,
spearman,registry_read,SectionAlignment,
spearman,registry_read,FileAlignment,
spearman,registry_read,OperatingSystemVersion,
spearman,registry_read,ImageVersion,
spearman,registry_read,SizeOfImage,
spearman,registry_read,SizeOfHeaders,
spearman,registry_read,Checksum,
spearman,registry_read,SizeofStackReserve,
spearman,registry_read,SizeofStackCommit,
spearman,registry_read,SizeofHeapCommit,
spearman,registry_read,SizeofHeapReserve,
spearman,registry_read,LoaderFlags,
spearman,registry_read,text_VirtualSize,
spearman,registry_read,text_VirtualAddress,
spearman,registry_read,text_SizeOfRawData,
spearman,registry_read,text_PointerToRawData,
spearman,registry_read,text_PointerToRelocations,
spearman,registry_read,text_PointerToLineNumbers,
spearman,registry_read,rdata_VirtualSize,
spearman,registry_read,rdata_VirtualAddress,
spearman,registry_read,rdata_SizeOfRawData,
spearman,registry_read,rdata_PointerToRawData,
spearman,registry_read,rdata_PointerToRelocations,
spearman,registry_read,rdata_PointerToLineNumbers,
spearman,registry_read,registry_read,
spearman,registry_read,registry_write,0.512681846562209
spearman,registry_read,registry_delete,0.24322419991176658
spearman,registry_read,registry_total,0.9942630410721826
spearman,registry_read,network_threats,
spearman,registry_read,network_dns,0.5206865777765511
spearman,registry_read,network_http,0.3945736651546758
spearman,registry_read,network_connections,0.4480590567055315
spearman,registry_read,processes_malicious,0.6818138496517696
spearman,registry_read,processes_suspicious,0.2978852986099928
spearman,registry_read,processes_monitored,0.6906932059149473
spearman,registry_read,total_procsses,0.4883358853185225
spearman,registry_read,files_malicious,0.5506051819053993
spearman,registry_read,files_suspicious,0.5033952616700335
spearman,registry_read,files_text,0.43749210341155514
spearman,registry_read,files_unknown,0.39563903037691334
spearman,registry_read,dlls_calls,-0.04629018467937325
spearman,registry_read,apis,-0.004309637572527588
spearman,registry_write,EntryPoint,
spearman,registry_write,bytes_on_last_page,
spearman,registry_write,pages_in_file,
spearman,registry_write,relocations,
spearman,registry_write,size_of_header,
spearman,registry_write,min_extra_paragraphs,
spearman,registry_write,max_extra_paragraphs,
spearman,registry_write,init_ss_value,
spearman,registry_write,init_sp_value,
spearman,registry_write,init_ip_value,
spearman,registry_write,init_cs_value,
spearman,registry_write,over_lay_number,
spearman,registry_write,oem_identifier,
spearman,registry_write,address_of_ne_header,
spearman,registry_write,SizeOfCode,
spearman,registry_write,SizeOfInitializedData,
spearman,registry_write,SizeOfUninitializedData,
spearman,registry_write,AddressOfEntryPoint,
spearman,registry_write,BaseOfCode,
spearman,registry_write,BaseOfData,
spearman,registry_write,ImageBase,
spearman,registry_write,SectionAlignment,
spearman,registry_write,FileAlignment,
spearman,registry_write,OperatingSystemVersion,
spearman,registry_write,ImageVersion,
spearman,registry_write,SizeOfImage,
spearman,registry_write,SizeOfHeaders,
spearman,registry_write,Checksum,
spearman,registry_write,SizeofStackReserve,
spearman,registry_write,SizeofStackCommit,
spearman,registry_write,SizeofHeapCommit,
spearman,registry_write,SizeofHeapReserve,
spearman,registry_write,LoaderFlags,
spearman,registry_write,text_VirtualSize,
spearman,registry_write,text_VirtualAddress,
spearman,registry_write,text_SizeOfRawData,
spearman,registry_write,text_PointerToRawData,
spearman,registry_write,text_PointerToRelocations,
spearman,registry_write,text_PointerToLineNumbers,
spearman,registry_write,rdata_VirtualSize,
spearman,registry_write,rdata_VirtualAddress,
spearman,registry_write,rdata_SizeOfRawData,
spearman,registry_write,rdata_PointerToRawData,
spearman,registry_write,rdata_PointerToRelocations,
spearman,registry_write,rdata_PointerToLineNumbers,
spearman,registry_write,registry_read,
spearman,registry_write,registry_write,
spearman,registry_write,registry_delete,0.3314294248920751
spearman,registry_write,registry_total,0.5107878353145288
spearman,registry_write,network_threats,
spearman,registry_write,network_dns,0.3315818162894163
spearman,registry_write,network_http,0.28037100416114297
spearman,registry_write,network_connections,0.24713503516388638
spearman,registry_write,processes_malicious,0.402942986753129
spearman,registry_write,processes_suspicious,0.0712629438344801
spearman,registry_write,processes_monitored,0.377674700454206
spearman,registry_write,total_procsses,0.20619248486637004
spearman,registry_write,files_malicious,0.3709446269062071
spearman,registry_write,files_suspicious,0.3245088935154678
spearman,registry_write,files_text,0.26415323016328257
spearman,registry_write,files_unknown,0.15709140657629958
spearman,registry_write,dlls_calls,-0.052802360651238514
spearman,registry_write,apis,-0.03701937029382054
spearman,registry_delete,EntryPoint,
spearman,registry_delete,bytes_on_last_page,
spearman,registry_delete,pages_in_file,
spearman,registry_delete,relocations,
spearman,registry_delete,size_of_header,
spearman,registry_delete,min_extra_paragraphs,
spearman,registry_delete,max_extra_paragraphs,
spearman,registry_delete,init_ss_value,
spearman,registry_delete,init_sp_value,
spearman,registry_delete,init_ip_value,
spearman,registry_delete,init_cs_value,
spearman,registry_delete,over_lay_number,
spearman,registry_delete,oem_identifier,
spearman,registry_delete,address_of_ne_header,
spearman,registry_delete,SizeOfCode,
spearman,registry_delete,SizeOfInitializedData,
spearman,registry_delete,SizeOfUninitializedData,
spearman,registry_delete,AddressOfEntryPoint,
spearman,registry_delete,BaseOfCode,
spearman,registry_delete,BaseOfData,
spearman,registry_delete,ImageBase,
spearman,registry_delete,SectionAlignment,
spearman,registry_delete,FileAlignment,
spearman,registry_delete,OperatingSystemVersion,
spearman,registry_delete,ImageVersion,
spearman,registry_delete,SizeOfImage,
spearman,registry_delete,SizeOfHeaders,
spearman,registry_delete,Checksum,
spearman,registry_delete,SizeofStackReserve,
spearman,registry_delete,SizeofStackCommit,
spearman,registry_delete,SizeofHeapCommit,
spearman,registry_delete,SizeofHeapReserve,
spearman,registry_delete,LoaderFlags,
spearman,registry_delete,text_VirtualSize,
spearman,registry_delete,text_VirtualAddress,
spearman,registry_delete,text_SizeOfRawData,
spearman,registry_delete,text_PointerToRawData,
spearman,registry_delete,text_PointerToRelocations,
spearman,registry_delete,text_PointerToLineNumbers,
spearman,registry_delete,rdata_VirtualSize,
spearman,registry_delete,rdata_VirtualAddress,
spearman,registry_delete,rdata_SizeOfRawData,
spearman,registry_delete,rdata_PointerToRawData,
spearman,registry_delete,rdata_PointerToRelocations,
spearman,registry_delete,rdata_PointerToLineNumbers,
spearman,registry_delete,registry_read,
spearman,registry_delete,registry_write,
spearman,registry_delete,registry_delete,
spearman,registry_delete,registry_total,0.24212880831427627
spearman,registry_delete,network_threats,
spearman,registry_delete,network_dns,0.1541688168739988
spearman,registry_delete,network_http,0.09430250697807566
spearman,registry_delete,network_connections,0.19562922844982814
spearman,registry_delete,processes_malicious,0.09130002713965064
spearman,registry_delete,processes_suspicious,0.04033653624995311
spearman,registry_delete,processes_monitored,0.19255182425076747
spearman,registry_delete,total_procsses,0.1873353553066878
spearman,registry_delete,files_malicious,0.11441326929362208
spearman,registry_delete,files_suspicious,0.12258549291201765
spearman,registry_delete,files_text,0.12708979514756194
spearman,registry_delete,files_unknown,0.06693988161951296
spearman,registry_delete,dlls_calls,-0.07169677306655171
spearman,registry_delete,apis,-0.0532424138655087
spearman,registry_total,EntryPoint,
spearman,registry_total,bytes_on_last_page,
spearman,registry_total,pages_in_file,
spearman,registry_total,relocations,
spearman,registry_total,size_of_header,
spearman,registry_total,min_extra_paragraphs,
spearman,registry_total,max_extra_paragraphs,
spearman,registry_total,init_ss_value,
spearman,registry_total,init_sp_value,
spearman,registry_total,init_ip_value,
spearman,registry_total,init_cs_value,
spearman,registry_total,over_lay_number,
spearman,registry_total,oem_identifier,
spearman,registry_total,address_of_ne_header,
spearman,registry_total,SizeOfCode,
spearman,registry_total,SizeOfInitializedData,
spearman,registry_total,SizeOfUninitializedData,
spearman,registry_total,AddressOfEntryPoint,
spearman,registry_total,BaseOfCode,
spearman,registry_total,BaseOfData,
spearman,registry_total,ImageBase,
spearman,registry_total,SectionAlignment,
spearman,registry_total,FileAlignment,
spearman,registry_total,OperatingSystemVersion,
spearman,registry_total,ImageVersion,
spearman,registry_total,SizeOfImage,
spearman,registry_total,SizeOfHeaders,
spearman,registry_total,Checksum,
spearman,registry_total,SizeofStackReserve,
spearman,registry_total,SizeofStackCommit,
spearman,registry_total,SizeofHeapCommit,
spearman,registry_total,SizeofHeapReserve,
spearman,registry_total,LoaderFlags,
spearman,registry_total,text_VirtualSize,
spearman,registry_total,text_VirtualAddress,
spearman,registry_total,text_SizeOfRawData,
spearman,registry_total,text_PointerToRawData,
spearman,registry_total,text_PointerToRelocations,
spearman,registry_total,text_PointerToLineNumbers,
spearman,registry_total,rdata_VirtualSize,
spearman,registry_total,rdata_VirtualAddress,
spearman,registry_total,rdata_SizeOfRawData,
spearman,registry_total,rdata_PointerToRawData,
spearman,registry_total,rdata_PointerToRelocations,
spearman,registry_total,rdata_PointerToLineNumbers,
spearman,registry_total,registry_read,
spearman,registry_total,registry_write,
spearman,registry_total,registry_delete,
spearman,registry_total,registry_total,
spearman,registry_total,network_threats,
spearman,registry_total,network_dns,0.5301321351948926
spearman,registry_total,network_http,0.404045210573454
spearman,registry_total,network_connections,0.45141230520168285
spearman,registry_total,processes_malicious,0.6932029437704172
spearman,registry_total,processes_suspicious,0.30702443562153936
spearman,registry_total,processes_monitored,0.6979671514992118
spearman,registry_total,total_procsses,0.4976253431985345
spearman,registry_total,files_malicious,0.5606551338432562
spearman,registry_total,files_suspicious,0.508312362255318
spearman,registry_total,files_text,0.4439764714884134
spearman,registry_total,files_unknown,0.40282364255334635
spearman,registry_total,dlls_calls,-0.03833474556837763
spearman,registry_total,apis,0.006395005808371919
spearman,network_threats,EntryPoint,
spearman,network_threats,bytes_on_last_page,
spearman,network_threats,pages_in_file,
spearman,network_threats,relocations,
spearman,network_threats,size_of_header,
spearman,network_threats,min_extra_paragraphs,
spearman,network_threats,max_extra_paragraphs,
spearman,network_threats,init_ss_value,
spearman,network_threats,init_sp_value,
spearman,network_threats,init_ip_value,
spearman,network_threats,init_cs_value,
spearman,network_threats,over_lay_number,
spearman,network_threats,oem_identifier,
spearman,network_threats,address_of_ne_header,
spearman,network_threats,SizeOfCode,
spearman,network_threats,SizeOfInitializedData,
spearman,network_threats,SizeOfUninitializedData,
spearman,network_threats,AddressOfEntryPoint,
spearman,network_threats,BaseOfCode,
spearman,network_threats,BaseOfData,
spearman,network_threats,ImageBase,
spearman,network_threats,SectionAlignment,
spearman,network_threats,FileAlignment,
spearman,network_threats,OperatingSystemVersion,
spearman,network_threats,ImageVersion,
spearman,network_threats,SizeOfImage,
spearman,network_threats,SizeOfHeaders,
spearman,network_threats,Checksum,
spearman,network_threats,SizeofStackReserve,
spearman,network_threats,SizeofStackCommit,
spearman,network_threats,SizeofHeapCommit,
spearman,network_threats,SizeofHeapReserve,
spearman,network_threats,LoaderFlags,
spearman,network_threats,text_VirtualSize,
spearman,network_threats,text_VirtualAddress,
spearman,network_threats,text_SizeOfRawData,
spearman,network_threats,text_PointerToRawData,
spearman,network_threats,text_PointerToRelocations,
spearman,network_threats,text_PointerToLineNumbers,
spearman,network_threats,rdata_VirtualSize,
spearman,network_threats,rdata_VirtualAddress,
spearman,network_threats,rdata_SizeOfRawData,
spearman,network_threats,rdata_PointerToRawData,
spearman,network_threats,rdata_PointerToRelocations,
spearman,network_threats,rdata_PointerToLineNumbers,
spearman,network_threats,registry_read,
spearman,network_threats,registry_write,
spearman,network_threats,registry_delete,
spearman,network_threats,registry_total,
spearman,network_threats,network_threats,
spearman,network_threats,network_dns,
spearman,network_threats,network_http,
spearman,network_threats,network_connections,
spearman,network_threats,processes_malicious,
spearman,network_threats,processes_suspicious,
spearman,network_threats,processes_monitored,
spearman,network_threats,total_procsses,
spearman,network_threats,files_malicious,
spearman,network_threats,files_suspicious,
spearman,network_threats,files_text,
spearman,network_threats,files_unknown,
spearman,network_threats,dlls_calls,
spearman,network_threats,apis,
spearman,network_dns,EntryPoint,
spearman,network_dns,bytes_on_last_page,
spearman,network_dns,pages_in_file,
spearman,network_dns,relocations,
spearman,network_dns,size_of_header,
spearman,network_dns,min_extra_paragraphs,
spearman,network_dns,max_extra_paragraphs,
spearman,network_dns,init_ss_value,
spearman,network_dns,init_sp_value,
spearman,network_dns,init_ip_value,
spearman,network_dns,init_cs_value,
spearman,network_dns,over_lay_number,
spearman,network_dns,oem_identifier,
spearman,network_dns,address_of_ne_header,
spearman,network_dns,SizeOfCode,
spearman,network_dns,SizeOfInitializedData,
spearman,network_dns,SizeOfUninitializedData,
spearman,network_dns,AddressOfEntryPoint,
spearman,network_dns,BaseOfCode,
spearman,network_dns,BaseOfData,
spearman,network_dns,ImageBase,
spearman,network_dns,SectionAlignment,
spearman,network_dns,FileAlignment,
spearman,network_dns,OperatingSystemVersion,
spearman,network_dns,ImageVersion,
spearman,network_dns,SizeOfImage,
spearman,network_dns,SizeOfHeaders,
spearman,network_dns,Checksum,
spearman,network_dns,SizeofStackReserve,
spearman,network_dns,SizeofStackCommit,
spearman,network_dns,SizeofHeapCommit,
spearman,network_dns,SizeofHeapReserve,
spearman,network_dns,LoaderFlags,
spearman,network_dns,text_VirtualSize,
spearman,network_dns,text_VirtualAddress,
spearman,network_dns,text_SizeOfRawData,
spearman,network_dns,text_PointerToRawData,
spearman,network_dns,text_PointerToRelocations,
spearman,network_dns,text_PointerToLineNumbers,
spearman,network_dns,rdata_VirtualSize,
spearman,network_dns,rdata_VirtualAddress,
spearman,network_dns,rdata_SizeOfRawData,
spearman,network_dns,rdata_PointerToRawData,
spearman,network_dns,rdata_PointerToRelocations,
spearman,network_dns,rdata_PointerToLineNumbers,
spearman,network_dns,registry_read,
spearman,network_dns,registry_write,
spearman,network_dns,registry_delete,
spearman,network_dns,registry_total,
spearman,network_dns,network_threats,
spearman,network_dns,network_dns,
spearman,network_dns,network_http,0.5696157785626063
spearman,network_dns,network_connections,0.5942467180259091
spearman,network_dns,processes_malicious,0.5218139682012373
spearman,network_dns,processes_suspicious,0.19367115340585145
spearman,network_dns,processes_monitored,0.4484919183021681
spearman,network_dns,total_procsses,0.28159670171390005
spearman,network_dns,files_malicious,0.3028598060088761
spearman,network_dns,files_suspicious,0.3352437182587059
spearman,network_dns,files_text,0.2988212435009045
spearman,network_dns,files_unknown,0.25663653471722997
spearman,network_dns,dlls_calls,-0.06852777914899623
spearman,network_dns,apis,-0.014446730475552063
spearman,network_http,EntryPoint,
spearman,network_http,bytes_on_last_page,
spearman,network_http,pages_in_file,
spearman,network_http,relocations,
spearman,network_http,size_of_header,
spearman,network_http,min_extra_paragraphs,
spearman,network_http,max_extra_paragraphs,
spearman,network_http,init_ss_value,
spearman,network_http,init_sp_value,
spearman,network_http,init_ip_value,
spearman,network_http,init_cs_value,
spearman,network_http,over_lay_number,
spearman,network_http,oem_identifier,
spearman,network_http,address_of_ne_header,
spearman,network_http,SizeOfCode,
spearman,network_http,SizeOfInitializedData,
spearman,network_http,SizeOfUninitializedData,
spearman,network_http,AddressOfEntryPoint,
spearman,network_http,BaseOfCode,
spearman,network_http,BaseOfData,
spearman,network_http,ImageBase,
spearman,network_http,SectionAlignment,
spearman,network_http,FileAlignment,
spearman,network_http,OperatingSystemVersion,
spearman,network_http,ImageVersion,
spearman,network_http,SizeOfImage,
spearman,network_http,SizeOfHeaders,
spearman,network_http,Checksum,
spearman,network_http,SizeofStackReserve,
spearman,network_http,SizeofStackCommit,
spearman,network_http,SizeofHeapCommit,
spearman,network_http,SizeofHeapReserve,
spearman,network_http,LoaderFlags,
spearman,network_http,text_VirtualSize,
spearman,network_http,text_VirtualAddress,
spearman,network_http,text_SizeOfRawData,
spearman,network_http,text_PointerToRawData,
spearman,network_http,text_PointerToRelocations,
spearman,network_http,text_PointerToLineNumbers,
spearman,network_http,rdata_VirtualSize,
spearman,network_http,rdata_VirtualAddress,
spearman,network_http,rdata_SizeOfRawData,
spearman,network_http,rdata_PointerToRawData,
spearman,network_http,rdata_PointerToRelocations,
spearman,network_http,rdata_PointerToLineNumbers,
spearman,network_http,registry_read,
spearman,network_http,registry_write,
spearman,network_http,registry_delete,
spearman,network_http,registry_total,
spearman,network_http,network_threats,
spearman,network_http,network_dns,
spearman,network_http,network_http,
spearman,network_http,network_connections,0.48796177540298535
spearman,network_http,processes_malicious,0.4464021406164002
spearman,network_http,processes_suspicious,0.18511682818664998
spearman,network_http,processes_monitored,0.346477349302518
spearman,network_http,total_procsses,0.178801878614459
spearman,network_http,files_malicious,0.2833780780681329
spearman,network_http,files_suspicious,0.3273909021576479
spearman,network_http,files_text,0.32741283756232475
spearman,network_http,files_unknown,0.3313653573379444
spearman,network_http,dlls_calls,0.05106810969795247
spearman,network_http,apis,0.11319054669984904
spearman,network_connections,EntryPoint,
spearman,network_connections,bytes_on_last_page,
spearman,network_connections,pages_in_file,
spearman,network_connections,relocations,
spearman,network_connections,size_of_header,
spearman,network_connections,min_extra_paragraphs,
spearman,network_connections,max_extra_paragraphs,
spearman,network_connections,init_ss_value,
spearman,network_connections,init_sp_value,
spearman,network_connections,init_ip_value,
spearman,network_connections,init_cs_value,
spearman,network_connections,over_lay_number,
spearman,network_connections,oem_identifier,
spearman,network_connections,address_of_ne_header,
spearman,network_connections,SizeOfCode,
spearman,network_connections,SizeOfInitializedData,
spearman,network_connections,SizeOfUninitializedData,
spearman,network_connections,AddressOfEntryPoint,
spearman,network_connections,BaseOfCode,
spearman,network_connections,BaseOfData,
spearman,network_connections,ImageBase,
spearman,network_connections,SectionAlignment,
spearman,network_connections,FileAlignment,
spearman,network_connections,OperatingSystemVersion,
spearman,network_connections,ImageVersion,
spearman,network_connections,SizeOfImage,
spearman,network_connections,SizeOfHeaders,
spearman,network_connections,Checksum,
spearman,network_connections,SizeofStackReserve,
spearman,network_connections,SizeofStackCommit,
spearman,network_connections,SizeofHeapCommit,
spearman,network_connections,SizeofHeapReserve,
spearman,network_connections,LoaderFlags,
spearman,network_connections,text_VirtualSize,
spearman,network_connections,text_VirtualAddress,
spearman,network_connections,text_SizeOfRawData,
spearman,network_connections,text_PointerToRawData,
spearman,network_connections,text_PointerToRelocations,
spearman,network_connections,text_PointerToLineNumbers,
spearman,network_connections,rdata_VirtualSize,
spearman,network_connections,rdata_VirtualAddress,
spearman,network_connections,rdata_SizeOfRawData,
spearman,network_connections,rdata_PointerToRawData,
spearman,network_connections,rdata_PointerToRelocations,
spearman,network_connections,rdata_PointerToLineNumbers,
spearman,network_connections,registry_read,
spearman,network_connections,registry_write,
spearman,network_connections,registry_delete,
spearman,network_connections,registry_total,
spearman,network_connections,network_threats,
spearman,network_connections,network_dns,
spearman,network_connections,network_http,
spearman,network_connections,network_connections,
spearman,network_connections,processes_malicious,0.4248145980124124
spearman,network_connections,processes_suspicious,0.15614105013456084
spearman,network_connections,processes_monitored,0.39263405963323933
spearman,network_connections,total_procsses,0.2633930229712422
spearman,network_connections,files_malicious,0.2626374345991967
spearman,network_connections,files_suspicious,0.21093527543459256
spearman,network_connections,files_text,0.23266130310879815
spearman,network_connections,files_unknown,0.1443537269710452
spearman,network_connections,dlls_calls,-0.16318594564561248
spearman,network_connections,apis,-0.1094324597386959
spearman,processes_malicious,EntryPoint,
spearman,processes_malicious,bytes_on_last_page,
spearman,processes_malicious,pages_in_file,
spearman,processes_malicious,relocations,
spearman,processes_malicious,size_of_header,
spearman,processes_malicious,min_extra_paragraphs,
spearman,processes_malicious,max_extra_paragraphs,
spearman,processes_malicious,init_ss_value,
spearman,processes_malicious,init_sp_value,
spearman,processes_malicious,init_ip_value,
spearman,processes_malicious,init_cs_value,
spearman,processes_malicious,over_lay_number,
spearman,processes_malicious,oem_identifier,
spearman,processes_malicious,address_of_ne_header,
spearman,processes_malicious,SizeOfCode,
spearman,processes_malicious,SizeOfInitializedData,
spearman,processes_malicious,SizeOfUninitializedData,
spearman,processes_malicious,AddressOfEntryPoint,
spearman,processes_malicious,BaseOfCode,
spearman,processes_malicious,BaseOfData,
spearman,processes_malicious,ImageBase,
spearman,processes_malicious,SectionAlignment,
spearman,processes_malicious,FileAlignment,
spearman,processes_malicious,OperatingSystemVersion,
spearman,processes_malicious,ImageVersion,
spearman,processes_malicious,SizeOfImage,
spearman,processes_malicious,SizeOfHeaders,
spearman,processes_malicious,Checksum,
spearman,processes_malicious,SizeofStackReserve,
spearman,processes_malicious,SizeofStackCommit,
spearman,processes_malicious,SizeofHeapCommit,
spearman,processes_malicious,SizeofHeapReserve,
spearman,processes_malicious,LoaderFlags,
spearman,processes_malicious,text_VirtualSize,
spearman,processes_malicious,text_VirtualAddress,
spearman,processes_malicious,text_SizeOfRawData,
spearman,processes_malicious,text_PointerToRawData,
spearman,processes_malicious,text_PointerToRelocations,
spearman,processes_malicious,text_PointerToLineNumbers,
spearman,processes_malicious,rdata_VirtualSize,
spearman,processes_malicious,rdata_VirtualAddress,
spearman,processes_malicious,rdata_SizeOfRawData,
spearman,processes_malicious,rdata_PointerToRawData,
spearman,processes_malicious,rdata_PointerToRelocations,
spearman,processes_malicious,rdata_PointerToLineNumbers,
spearman,processes_malicious,registry_read,
spearman,processes_malicious,registry_write,
spearman,processes_malicious,registry_delete,
spearman,processes_malicious,registry_total,
spearman,processes_malicious,network_threats,
spearman,processes_malicious,network_dns,
spearman,processes_malicious,network_http,
spearman,processes_malicious,network_connections,
spearman,processes_malicious,processes_malicious,
spearman,processes_malicious,processes_suspicious,0.3502633898025881
spearman,processes_malicious,processes_monitored,0.7313124202080298
spearman,processes_malicious,total_procsses,0.4419570971439964
spearman,processes_malicious,files_malicious,0.703062689028657
spearman,processes_malicious,files_suspicious,0.5273900666417645
spearman,processes_malicious,files_text,0.4432846536569053
spearman,processes_malicious,files_unknown,0.4499191514964033
spearman,processes_malicious,dlls_calls,0.01770456340043059
spearman,processes_malicious,apis,0.09099886219813284
spearman,processes_suspicious,EntryPoint,
spearman,processes_suspicious,bytes_on_last_page,
spearman,processes_suspicious,pages_in_file,
spearman,processes_suspicious,relocations,
spearman,processes_suspicious,size_of_header,
spearman,processes_suspicious,min_extra_paragraphs,
spearman,processes_suspicious,max_extra_paragraphs,
spearman,processes_suspicious,init_ss_value,
spearman,processes_suspicious,init_sp_value,
spearman,processes_suspicious,init_ip_value,
spearman,processes_suspicious,init_cs_value,
spearman,processes_suspicious,over_lay_number,
spearman,processes_suspicious,oem_identifier,
spearman,processes_suspicious,address_of_ne_header,
spearman,processes_suspicious,SizeOfCode,
spearman,processes_suspicious,SizeOfInitializedData,
spearman,processes_suspicious,SizeOfUninitializedData,
spearman,processes_suspicious,AddressOfEntryPoint,
spearman,processes_suspicious,BaseOfCode,
spearman,processes_suspicious,BaseOfData,
spearman,processes_suspicious,ImageBase,
spearman,processes_suspicious,SectionAlignment,
spearman,processes_suspicious,FileAlignment,
spearman,processes_suspicious,OperatingSystemVersion,
spearman,processes_suspicious,ImageVersion,
spearman,processes_suspicious,SizeOfImage,
spearman,processes_suspicious,SizeOfHeaders,
spearman,processes_suspicious,Checksum,
spearman,processes_suspicious,SizeofStackReserve,
spearman,processes_suspicious,SizeofStackCommit,
spearman,processes_suspicious,SizeofHeapCommit,
spearman,processes_suspicious,SizeofHeapReserve,
spearman,processes_suspicious,LoaderFlags,
spearman,processes_suspicious,text_VirtualSize,
spearman,processes_suspicious,text_VirtualAddress,
spearman,processes_suspicious,text_SizeOfRawData,
spearman,processes_suspicious,text_PointerToRawData,
spearman,processes_suspicious,text_PointerToRelocations,
spearman,processes_suspicious,text_PointerToLineNumbers,
spearman,processes_suspicious,rdata_VirtualSize,
spearman,processes_suspicious,rdata_VirtualAddress,
spearman,processes_suspicious,rdata_SizeOfRawData,
spearman,processes_suspicious,rdata_PointerToRawData,
spearman,processes_suspicious,rdata_PointerToRelocations,
spearman,processes_suspicious,rdata_PointerToLineNumbers,
spearman,processes_suspicious,registry_read,
spearman,processes_suspicious,registry_write,
spearman,processes_suspicious,registry_delete,
spearman,processes_suspicious,registry_total,
spearman,processes_suspicious,network_threats,
spearman,processes_suspicious,network_dns,
spearman,processes_suspicious,network_http,
spearman,processes_suspicious,network_connections,
spearman,processes_suspicious,processes_malicious,
spearman,processes_suspicious,processes_suspicious,
spearman,processes_suspicious,processes_monitored,0.4076533986641556
spearman,processes_suspicious,total_procsses,0.3563746293833922
spearman,processes_suspicious,files_malicious,0.3464874847985559
spearman,processes_suspicious,files_suspicious,0.27075207273975516
spearman,processes_suspicious,files_text,0.26413677322822454
spearman,processes_suspicious,files_unknown,0.3001140044543796
spearman,processes_suspicious,dlls_calls,0.06032221904520008
spearman,processes_suspicious,apis,0.0776719261512865
spearman,processes_monitored,EntryPoint,
spearman,processes_monitored,bytes_on_last_page,
spearman,processes_monitored,pages_in_file,
spearman,processes_monitored,relocations,
spearman,processes_monitored,size_of_header,
spearman,processes_monitored,min_extra_paragraphs,
spearman,processes_monitored,max_extra_paragraphs,
spearman,processes_monitored,init_ss_value,
spearman,processes_monitored,init_sp_value,
spearman,processes_monitored,init_ip_value,
spearman,processes_monitored,init_cs_value,
spearman,processes_monitored,over_lay_number,
spearman,processes_monitored,oem_identifier,
spearman,processes_monitored,address_of_ne_header,
spearman,processes_monitored,SizeOfCode,
spearman,processes_monitored,SizeOfInitializedData,
spearman,processes_monitored,SizeOfUninitializedData,
spearman,processes_monitored,AddressOfEntryPoint,
spearman,processes_monitored,BaseOfCode,
spearman,processes_monitored,BaseOfData,
spearman,processes_monitored,ImageBase,
spearman,processes_monitored,SectionAlignment,
spearman,processes_monitored,FileAlignment,
spearman,processes_monitored,OperatingSystemVersion,
spearman,processes_monitored,ImageVersion,
spearman,processes_monitored,SizeOfImage,
spearman,processes_monitored,SizeOfHeaders,
spearman,processes_monitored,Checksum,
spearman,processes_monitored,SizeofStackReserve,
spearman,processes_monitored,SizeofStackCommit,
spearman,processes_monitored,SizeofHeapCommit,
spearman,processes_monitored,SizeofHeapReserve,
spearman,processes_monitored,LoaderFlags,
spearman,processes_monitored,text_VirtualSize,
spearman,processes_monitored,text_VirtualAddress,
spearman,processes_monitored,text_SizeOfRawData,
spearman,processes_monitored,text_PointerToRawData,
spearman,processes_monitored,text_PointerToRelocations,
spearman,processes_monitored,text_PointerToLineNumbers,
spearman,processes_monitored,rdata_VirtualSize,
spearman,processes_monitored,rdata_VirtualAddress,
spearman,processes_monitored,rdata_SizeOfRawData,
spearman,processes_monitored,rdata_PointerToRawData,
spearman,processes_monitored,rdata_PointerToRelocations,
spearman,processes_monitored,rdata_PointerToLineNumbers,
spearman,processes_monitored,registry_read,
spearman,processes_monitored,registry_write,
spearman,processes_monitored,registry_delete,
spearman,processes_monitored,registry_total,
spearman,processes_monitored,network_threats,
spearman,processes_monitored,network_dns,
spearman,processes_monitored,network_http,
spearman,processes_monitored,network_connections,
spearman,processes_monitored,processes_malicious,
spearman,processes_monitored,processes_suspicious,
spearman,processes_monitored,processes_monitored,
spearman,processes_monitored,total_procsses,0.7955293833643883
spearman,processes_monitored,files_malicious,0.5943789779455785
spearman,processes_monitored,files_suspicious,0.5496533110778611
spearman,processes_monitored,files_text,0.4777059622200106
spearman,processes_monitored,files_unknown,0.4682601554157588
spearman,processes_monitored,dlls_calls,0.0315511348901212
spearman,processes_monitored,apis,0.05793879801941181
spearman,total_procsses,EntryPoint,
spearman,total_procsses,bytes_on_last_page,
spearman,total_procsses,pages_in_file,
spearman,total_procsses,relocations,
spearman,total_procsses,size_of_header,
spearman,total_procsses,min_extra_paragraphs,
spearman,total_procsses,max_extra_paragraphs,
spearman,total_procsses,init_ss_value,
spearman,total_procsses,init_sp_value,
spearman,total_procsses,init_ip_value,
spearman,total_procsses,init_cs_value,
spearman,total_procsses,over_lay_number,
spearman,total_procsses,oem_identifier,
spearman,total_procsses,address_of_ne_header,
spearman,total_procsses,SizeOfCode,
spearman,total_procsses,SizeOfInitializedData,
spearman,total_procsses,SizeOfUninitializedData,
spearman,total_procsses,AddressOfEntryPoint,
spearman,total_procsses,BaseOfCode,
spearman,total_procsses,BaseOfData,
spearman,total_procsses,ImageBase,
spearman,total_procsses,SectionAlignment,
spearman,total_procsses,FileAlignment,
spearman,total_procsses,OperatingSystemVersion,
spearman,total_procsses,ImageVersion,
spearman,total_procsses,SizeOfImage,
spearman,total_procsses,SizeOfHeaders,
spearman,total_procsses,Checksum,
spearman,total_procsses,SizeofStackReserve,
spearman,total_procsses,SizeofStackCommit,
spearman,total_procsses,SizeofHeapCommit,
spearman,total_procsses,SizeofHeapReserve,
spearman,total_procsses,LoaderFlags,
spearman,total_procsses,text_VirtualSize,
spearman,total_procsses,text_VirtualAddress,
spearman,total_procsses,text_SizeOfRawData,
spearman,total_procsses,text_PointerToRawData,
spearman,total_procsses,text_PointerToRelocations,
spearman,total_procsses,text_PointerToLineNumbers,
spearman,total_procsses,rdata_VirtualSize,
spearman,total_procsses,rdata_VirtualAddress,
spearman,total_procsses,rdata_SizeOfRawData,
spearman,total_procsses,rdata_PointerToRawData,
spearman,total_procsses,rdata_PointerToRelocations,
spearman,total_procsses,rdata_PointerToLineNumbers,
spearman,total_procsses,registry_read,
spearman,total_procsses,registry_write,
spearman,total_procsses,registry_delete,
spearman,total_procsses,registry_total,
spearman,total_procsses,network_threats,
spearman,total_procsses,network_dns,
spearman,total_procsses,network_http,
spearman,total_procsses,network_connections,
spearman,total_procsses,processes_malicious,
spearman,total_procsses,processes_suspicious,
spearman,total_procsses,processes_monitored,
spearman,total_procsses,total_procsses,
spearman,total_procsses,files_malicious,0.4210206311217585
spearman,total_procsses,files_suspicious,0.4381694334728912
spearman,total_procsses,files_text,0.4100412915614534
spearman,total_procsses,files_unknown,0.41338032719146767
spearman,total_procsses,dlls_calls,0.07792240239923674
spearman,total_procsses,apis,0.08897558942153191
spearman,files_malicious,EntryPoint,
spearman,files_malicious,bytes_on_last_page,
spearman,files_malicious,pages_in_file,
spearman,files_malicious,relocations,
spearman,files_malicious,size_of_header,
spearman,files_malicious,min_extra_paragraphs,
spearman,files_malicious,max_extra_paragraphs,
spearman,files_malicious,init_ss_value,
spearman,files_malicious,init_sp_value,
spearman,files_malicious,init_ip_value,
spearman,files_malicious,init_cs_value,
spearman,files_malicious,over_lay_number,
spearman,files_malicious,oem_identifier,
spearman,files_malicious,address_of_ne_header,
spearman,files_malicious,SizeOfCode,
spearman,files_malicious,SizeOfInitializedData,
spearman,files_malicious,SizeOfUninitializedData,
spearman,files_malicious,AddressOfEntryPoint,
spearman,files_malicious,BaseOfCode,
spearman,files_malicious,BaseOfData,
spearman,files_malicious,ImageBase,
spearman,files_malicious,SectionAlignment,
spearman,files_malicious,FileAlignment,
spearman,files_malicious,OperatingSystemVersion,
spearman,files_malicious,ImageVersion,
spearman,files_malicious,SizeOfImage,
spearman,files_malicious,SizeOfHeaders,
spearman,files_malicious,Checksum,
spearman,files_malicious,SizeofStackReserve,
spearman,files_malicious,SizeofStackCommit,
spearman,files_malicious,SizeofHeapCommit,
spearman,files_malicious,SizeofHeapReserve,
spearman,files_malicious,LoaderFlags,
spearman,files_malicious,text_VirtualSize,
spearman,files_malicious,text_VirtualAddress,
spearman,files_malicious,text_SizeOfRawData,
spearman,files_malicious,text_PointerToRawData,
spearman,files_malicious,text_PointerToRelocations,
spearman,files_malicious,text_PointerToLineNumbers,
spearman,files_malicious,rdata_VirtualSize,
spearman,files_malicious,rdata_VirtualAddress,
spearman,files_malicious,rdata_SizeOfRawData,
spearman,files_malicious,rdata_PointerToRawData,
spearman,files_malicious,rdata_PointerToRelocations,
spearman,files_malicious,rdata_PointerToLineNumbers,
spearman,files_malicious,registry_read,
spearman,files_malicious,registry_write,
spearman,files_malicious,registry_delete,
spearman,files_malicious,registry_total,
spearman,files_malicious,network_threats,
spearman,files_malicious,network_dns,
spearman,files_malicious,network_http,
spearman,files_malicious,network_connections,
spearman,files_malicious,processes_malicious,
spearman,files_malicious,processes_suspicious,
spearman,files_malicious,processes_monitored,
spearman,files_malicious,total_procsses,
spearman,files_malicious,files_malicious,
spearman,files_malicious,files_suspicious,0.5407862814588732
spearman,files_malicious,files_text,0.4719449473689416
spearman,files_malicious,files_unknown,0.4209371366814262
spearman,files_malicious,dlls_calls,0.06522999903743247
spearman,files_malicious,apis,0.13071543372884273
spearman,files_suspicious,EntryPoint,
spearman,files_suspicious,bytes_on_last_page,
spearman,files_suspicious,pages_in_file,
spearman,files_suspicious,relocations,
spearman,files_suspicious,size_of_header,
spearman,files_suspicious,min_extra_paragraphs,
spearman,files_suspicious,max_extra_paragraphs,
spearman,files_suspicious,init_ss_value,
spearman,files_suspicious,init_sp_value,
spearman,files_suspicious,init_ip_value,
spearman,files_suspicious,init_cs_value,
spearman,files_suspicious,over_lay_number,
spearman,files_suspicious,oem_identifier,
spearman,files_suspicious,address_of_ne_header,
spearman,files_suspicious,SizeOfCode,
spearman,files_suspicious,SizeOfInitializedData,
spearman,files_suspicious,SizeOfUninitializedData,
spearman,files_suspicious,AddressOfEntryPoint,
spearman,files_suspicious,BaseOfCode,
spearman,files_suspicious,BaseOfData,
spearman,files_suspicious,ImageBase,
spearman,files_suspicious,SectionAlignment,
spearman,files_suspicious,FileAlignment,
spearman,files_suspicious,OperatingSystemVersion,
spearman,files_suspicious,ImageVersion,
spearman,files_suspicious,SizeOfImage,
spearman,files_suspicious,SizeOfHeaders,
spearman,files_suspicious,Checksum,
spearman,files_suspicious,SizeofStackReserve,
spearman,files_suspicious,SizeofStackCommit,
spearman,files_suspicious,SizeofHeapCommit,
spearman,files_suspicious,SizeofHeapReserve,
spearman,files_suspicious,LoaderFlags,
spearman,files_suspicious,text_VirtualSize,
spearman,files_suspicious,text_VirtualAddress,
spearman,files_suspicious,text_SizeOfRawData,
spearman,files_suspicious,text_PointerToRawData,
spearman,files_suspicious,text_PointerToRelocations,
spearman,files_suspicious,text_PointerToLineNumbers,
spearman,files_suspicious,rdata_VirtualSize,
spearman,files_suspicious,rdata_VirtualAddress,
spearman,files_suspicious,rdata_SizeOfRawData,
spearman,files_suspicious,rdata_PointerToRawData,
spearman,files_suspicious,rdata_PointerToRelocations,
spearman,files_suspicious,rdata_PointerToLineNumbers,
spearman,files_suspicious,registry_read,
spearman,files_suspicious,registry_write,
spearman,files_suspicious,registry_delete,
spearman,files_suspicious,registry_total,
spearman,files_suspicious,network_threats,
spearman,files_suspicious,network_dns,
spearman,files_suspicious,network_http,
spearman,files_suspicious,network_connections,
spearman,files_suspicious,processes_malicious,
spearman,files_suspicious,processes_suspicious,
spearman,files_suspicious,processes_monitored,
spearman,files_suspicious,total_procsses,
spearman,files_suspicious,files_malicious,
spearman,files_suspicious,files_suspicious,
spearman,files_suspicious,files_text,0.6248991488273801
spearman,files_suspicious,files_unknown,0.7012221381520917
spearman,files_suspicious,dlls_calls,0.1104484802714654
spearman,files_suspicious,apis,0.1483501767008251
spearman,files_text,EntryPoint,
spearman,files_text,bytes_on_last_page,
spearman,files_text,pages_in_file,
spearman,files_text,relocations,
spearman,files_text,size_of_header,
spearman,files_text,min_extra_paragraphs,
spearman,files_text,max_extra_paragraphs,
spearman,files_text,init_ss_value,
spearman,files_text,init_sp_value,
spearman,files_text,init_ip_value,
spearman,files_text,init_cs_value,
spearman,files_text,over_lay_number,
spearman,files_text,oem_identifier,
spearman,files_text,address_of_ne_header,
spearman,files_text,SizeOfCode,
spearman,files_text,SizeOfInitializedData,
spearman,files_text,SizeOfUninitializedData,
spearman,files_text,AddressOfEntryPoint,
spearman,files_text,BaseOfCode,
spearman,files_text,BaseOfData,
spearman,files_text,ImageBase,
spearman,files_text,SectionAlignment,
spearman,files_text,FileAlignment,
spearman,files_text,OperatingSystemVersion,
spearman,files_text,ImageVersion,
spearman,files_text,SizeOfImage,
spearman,files_text,SizeOfHeaders,
spearman,files_text,Checksum,
spearman,files_text,SizeofStackReserve,
spearman,files_text,SizeofStackCommit,
spearman,files_text,SizeofHeapCommit,
spearman,files_text,SizeofHeapReserve,
spearman,files_text,LoaderFlags,
spearman,files_text,text_VirtualSize,
spearman,files_text,text_VirtualAddress,
spearman,files_text,text_SizeOfRawData,
spearman,files_text,text_PointerToRawData,
spearman,files_text,text_PointerToRelocations,
spearman,files_text,text_PointerToLineNumbers,
spearman,files_text,rdata_VirtualSize,
spearman,files_text,rdata_VirtualAddress,
spearman,files_text,rdata_SizeOfRawData,
spearman,files_text,rdata_PointerToRawData,
spearman,files_text,rdata_PointerToRelocations,
spearman,files_text,rdata_PointerToLineNumbers,
spearman,files_text,registry_read,
spearman,files_text,registry_write,
spearman,files_text,registry_delete,
spearman,files_text,registry_total,
spearman,files_text,network_threats,
spearman,files_text,network_dns,
spearman,files_text,network_http,
spearman,files_text,network_connections,
spearman,files_text,processes_malicious,
spearman,files_text,processes_suspicious,
spearman,files_text,processes_monitored,
spearman,files_text,total_procsses,
spearman,files_text,files_malicious,
spearman,files_text,files_suspicious,
spearman,files_text,files_text,
spearman,files_text,files_unknown,0.6302463577114811
spearman,files_text,dlls_calls,0.0718094604892674
spearman,files_text,apis,0.11220860612638099
spearman,files_unknown,EntryPoint,
spearman,files_unknown,bytes_on_last_page,
spearman,files_unknown,pages_in_file,
spearman,files_unknown,relocations,
spearman,files_unknown,size_of_header,
spearman,files_unknown,min_extra_paragraphs,
spearman,files_unknown,max_extra_paragraphs,
spearman,files_unknown,init_ss_value,
spearman,files_unknown,init_sp_value,
spearman,files_unknown,init_ip_value,
spearman,files_unknown,init_cs_value,
spearman,files_unknown,over_lay_number,
spearman,files_unknown,oem_identifier,
spearman,files_unknown,address_of_ne_header,
spearman,files_unknown,SizeOfCode,
spearman,files_unknown,SizeOfInitializedData,
spearman,files_unknown,SizeOfUninitializedData,
spearman,files_unknown,AddressOfEntryPoint,
spearman,files_unknown,BaseOfCode,
spearman,files_unknown,BaseOfData,
spearman,files_unknown,ImageBase,
spearman,files_unknown,SectionAlignment,
spearman,files_unknown,FileAlignment,
spearman,files_unknown,OperatingSystemVersion,
spearman,files_unknown,ImageVersion,
spearman,files_unknown,SizeOfImage,
spearman,files_unknown,SizeOfHeaders,
spearman,files_unknown,Checksum,
spearman,files_unknown,SizeofStackReserve,
spearman,files_unknown,SizeofStackCommit,
spearman,files_unknown,SizeofHeapCommit,
spearman,files_unknown,SizeofHeapReserve,
spearman,files_unknown,LoaderFlags,
spearman,files_unknown,text_VirtualSize,
spearman,files_unknown,text_VirtualAddress,
spearman,files_unknown,text_SizeOfRawData,
spearman,files_unknown,text_PointerToRawData,
spearman,files_unknown,text_PointerToRelocations,
spearman,files_unknown,text_PointerToLineNumbers,
spearman,files_unknown,rdata_VirtualSize,
spearman,files_unknown,rdata_VirtualAddress,
spearman,files_unknown,rdata_SizeOfRawData,
spearman,files_unknown,rdata_PointerToRawData,
spearman,files_unknown,rdata_PointerToRelocations,
spearman,files_unknown,rdata_PointerToLineNumbers,
spearman,files_unknown,registry_read,
spearman,files_unknown,registry_write,
spearman,files_unknown,registry_delete,
spearman,files_unknown,registry_total,
spearman,files_unknown,network_threats,
spearman,files_unknown,network_dns,
spearman,files_unknown,network_http,
spearman,files_unknown,network_connections,
spearman,files_unknown,processes_malicious,
spearman,files_unknown,processes_suspicious,
spearman,files_unknown,processes_monitored,
spearman,files_unknown,total_procsses,
spearman,files_unknown,files_malicious,
spearman,files_unknown,files_suspicious,
spearman,files_unknown,files_text,
spearman,files_unknown,files_unknown,
spearman,files_unknown,dlls_calls,0.12380677467213184
spearman,files_unknown,apis,0.15100063580875858
spearman,dlls_calls,EntryPoint,
spearman,dlls_calls,bytes_on_last_page,
spearman,dlls_calls,pages_in_file,
spearman,dlls_calls,relocations,
spearman,dlls_calls,size_of_header,
spearman,dlls_calls,min_extra_paragraphs,
spearman,dlls_calls,max_extra_paragraphs,
spearman,dlls_calls,init_ss_value,
spearman,dlls_calls,init_sp_value,
spearman,dlls_calls,init_ip_value,
spearman,dlls_calls,init_cs_value,
spearman,dlls_calls,over_lay_number,
spearman,dlls_calls,oem_identifier,
spearman,dlls_calls,address_of_ne_header,
spearman,dlls_calls,SizeOfCode,
spearman,dlls_calls,SizeOfInitializedData,
spearman,dlls_calls,SizeOfUninitializedData,
spearman,dlls_calls,AddressOfEntryPoint,
spearman,dlls_calls,BaseOfCode,
spearman,dlls_calls,BaseOfData,
spearman,dlls_calls,ImageBase,
spearman,dlls_calls,SectionAlignment,
spearman,dlls_calls,FileAlignment,
spearman,dlls_calls,OperatingSystemVersion,
spearman,dlls_calls,ImageVersion,
spearman,dlls_calls,SizeOfImage,
spearman,dlls_calls,SizeOfHeaders,
spearman,dlls_calls,Checksum,
spearman,dlls_calls,SizeofStackReserve,
spearman,dlls_calls,SizeofStackCommit,
spearman,dlls_calls,SizeofHeapCommit,
spearman,dlls_calls,SizeofHeapReserve,
spearman,dlls_calls,LoaderFlags,
spearman,dlls_calls,text_VirtualSize,
spearman,dlls_calls,text_VirtualAddress,
spearman,dlls_calls,text_SizeOfRawData,
spearman,dlls_calls,text_PointerToRawData,
spearman,dlls_calls,text_PointerToRelocations,
spearman,dlls_calls,text_PointerToLineNumbers,
spearman,dlls_calls,rdata_VirtualSize,
spearman,dlls_calls,rdata_VirtualAddress,
spearman,dlls_calls,rdata_SizeOfRawData,
spearman,dlls_calls,rdata_PointerToRawData,
spearman,dlls_calls,rdata_PointerToRelocations,
spearman,dlls_calls,rdata_PointerToLineNumbers,
spearman,dlls_calls,registry_read,
spearman,dlls_calls,registry_write,
spearman,dlls_calls,registry_delete,
spearman,dlls_calls,registry_total,
spearman,dlls_calls,network_threats,
spearman,dlls_calls,network_dns,
spearman,dlls_calls,network_http,
spearman,dlls_calls,network_connections,
spearman,dlls_calls,processes_malicious,
spearman,dlls_calls,processes_suspicious,
spearman,dlls_calls,processes_monitored,
spearman,dlls_calls,total_procsses,
spearman,dlls_calls,files_malicious,
spearman,dlls_calls,files_suspicious,
spearman,dlls_calls,files_text,
spearman,dlls_calls,files_unknown,
spearman,dlls_calls,dlls_calls,
spearman,dlls_calls,apis,0.8534620605804575
spearman,apis,EntryPoint,
spearman,apis,bytes_on_last_page,
spearman,apis,pages_in_file,
spearman,apis,relocations,
spearman,apis,size_of_header,
spearman,apis,min_extra_paragraphs,
spearman,apis,max_extra_paragraphs,
spearman,apis,init_ss_value,
spearman,apis,init_sp_value,
spearman,apis,init_ip_value,
spearman,apis,init_cs_value,
spearman,apis,over_lay_number,
spearman,apis,oem_identifier,
spearman,apis,address_of_ne_header,
spearman,apis,SizeOfCode,
spearman,apis,SizeOfInitializedData,
spearman,apis,SizeOfUninitializedData,
spearman,apis,AddressOfEntryPoint,
spearman,apis,BaseOfCode,
spearman,apis,BaseOfData,
spearman,apis,ImageBase,
spearman,apis,SectionAlignment,
spearman,apis,FileAlignment,
spearman,apis,OperatingSystemVersion,
spearman,apis,ImageVersion,
spearman,apis,SizeOfImage,
spearman,apis,SizeOfHeaders,
spearman,apis,Checksum,
spearman,apis,SizeofStackReserve,
spearman,apis,SizeofStackCommit,
spearman,apis,SizeofHeapCommit,
spearman,apis,SizeofHeapReserve,
spearman,apis,LoaderFlags,
spearman,apis,text_VirtualSize,
spearman,apis,text_VirtualAddress,
spearman,apis,text_SizeOfRawData,
spearman,apis,text_PointerToRawData,
spearman,apis,text_PointerToRelocations,
spearman,apis,text_PointerToLineNumbers,
spearman,apis,rdata_VirtualSize,
spearman,apis,rdata_VirtualAddress,
spearman,apis,rdata_SizeOfRawData,
spearman,apis,rdata_PointerToRawData,
spearman,apis,rdata_PointerToRelocations,
spearman,apis,rdata_PointerToLineNumbers,
spearman,apis,registry_read,
spearman,apis,registry_write,
spearman,apis,registry_delete,
spearman,apis,registry_total,
spearman,apis,network_threats,
spearman,apis,network_dns,
spearman,apis,network_http,
spearman,apis,network_connections,
spearman,apis,processes_malicious,
spearman,apis,processes_suspicious,
spearman,apis,processes_monitored,
spearman,apis,total_procsses,
spearman,apis,files_malicious,
spearman,apis,files_suspicious,
spearman,apis,files_text,
spearman,apis,files_unknown,
spearman,apis,dlls_calls,
spearman,apis,apis,
