PC1,PC2,Class
-0.20713333469832051,-0.5051263452104792,Benign
-0.17983831016301413,-0.25757032058603957,Benign
-0.2217190273395534,-0.5707680741838489,Benign
-0.18596547848480705,-0.9976542116253779,Benign
-0.25348709980217965,-0.3048382944283921,Benign
-0.18281048630045996,-0.19544501876868636,Benign
-0.24592335218124484,-0.2571666439995539,Benign
-0.2073738215188901,-0.5790184263468855,Benign
-0.20711522639964394,-0.18253245477716423,Benign
-0.19518366455829714,-0.20815496357376478,Benign
-0.22013829894910888,-0.5672669140815605,Benign
-0.2743497493359163,-0.1808618518018854,Benign
-0.2446454162074079,-0.40068758533627763,Benign
-0.18827849694172252,-0.5681895923325759,Benign
-0.1860684639837194,-0.8069224208123166,Benign
-0.21148742094514583,-0.16626356586722496,Benign
-0.21579560837068654,-0.6069065155793395,Benign
-0.22258295832755648,-0.5722626124763964,Benign
-0.213436658392214,-0.6891814481713575,Benign
-0.21046899241013176,-0.6917129288295606,Benign
-0.2106569589965645,-0.335373145988079,Benign
-0.1941576076354079,-0.5642018745380679,Benign
-0.19852140742965824,-0.5254411838678262,Benign
-0.2537524715743198,-0.3202211555335765,Benign
-0.19596791566041152,-0.4915494593341062,Benign
-0.20732012806040856,-0.4778186766966262,Benign
1.5554147301634142,-0.41050662848468855,Benign
-0.21027980062499482,-0.30987277921136097,Benign
-0.10289398365869178,-1.5576403491887778,Benign
-0.20413744464582206,-0.22750650340522402,Benign
-0.25499371804273524,-0.31857285096855603,Benign
-0.2533445757945692,-0.32259047076120656,Benign
-0.2268584941783306,-0.2795649317102574,Benign
-0.24098291619658607,-0.6050116520848594,Benign
-0.23743839640811903,-0.19133488617840366,Benign
-0.25398701874198615,-0.30291431218578774,Benign
-0.21782718343990892,-0.6931902233654762,Benign
-0.21629566792946023,-0.22020655844996692,Benign
-0.22272558879237506,-0.3492058543054191,Benign
-0.1955517418535611,-0.24703458860674216,Benign
-0.250770672918105,-0.3565169981834057,Benign
-0.24916486204697746,-0.32102237742394474,Benign
-0.20835259773529477,-0.2257251823501631,Benign
-0.2072223244058821,-0.47731691566597023,Benign
-0.1960440056497533,-0.5073813537945457,Benign
-0.2234411915480319,-0.06201806634012817,Benign
-0.1966451207564612,-0.5324129319884232,Benign
-0.19057506654267514,-0.534094657073137,Benign
-0.20722237208495933,-0.4943543920225762,Benign
0.3072042090375378,-0.444182928351394,Benign
-0.2458607453390315,-0.38543655849662484,Benign
-0.24540172909498384,-0.3802203491432222,Benign
-0.236056848717796,0.39961486265099105,Benign
-0.21056342774074532,-0.2934228526875321,Benign
-0.19506906853069003,-0.5851806066584774,Benign
-0.24862082764656712,-0.3588039204851368,Benign
-0.2024669089708526,-0.21840873939627298,Benign
-0.2521690080623124,-0.31374867805211903,Benign
-0.225558042097422,-0.4747611088134314,Benign
-0.24058310297306523,-0.43459803735577357,Benign
-0.17897231011574355,-0.3741149153726196,Benign
-0.2258839034766941,-0.2801140660361396,Benign
-0.19703519473840997,-0.5163798017546626,Benign
-0.19841425794540685,-0.5041243421625548,Benign
-0.21748787544039014,-0.6348642522103424,Benign
-0.25413606277671524,-0.2800555771091333,Benign
1.5723729814064795,-0.3341305365904475,Benign
-0.19008696306742642,-0.2699250856791484,Benign
-0.20065273358589306,-0.250169323440833,Benign
-0.20881992103275235,-0.518874241791046,Benign
-0.20301734154567933,-0.8689560476750068,Benign
-0.23333639482334995,-0.5463226387276894,Benign
-0.2264851516770774,-0.2834574220094295,Benign
-0.1744077494035451,-0.48099527028491956,Benign
-0.21237525525688972,-0.7423817946263339,Benign
-0.2413567408424754,-0.4507998902671399,Benign
-0.18954118350559698,-0.9636527599399519,Benign
-0.20961315660649532,-0.2375726288494924,Benign
-0.2819574248746566,-0.7398769044286955,Benign
-0.25481216297730314,-0.314499775614279,Benign
-0.19297472882798977,-0.2533239152202016,Benign
-0.09870864881016028,-1.059100051900605,Benign
-0.1965562321641826,-0.5315059093365296,Benign
0.5259942510289186,-2.458721184525378,Benign
-0.19948615136580908,-0.2385345483736401,Benign
-0.1334159480603324,-0.45299075475490747,Benign
-0.20535795967843964,-0.5214879701007683,Benign
-0.20299745858479526,-0.5024114335441998,Benign
-0.2150201702887833,-0.4971392252891229,Benign
-0.1921053584912584,-0.2632622574797574,Benign
-0.2545253701388348,-0.3164247684221499,Benign
-0.19635529933866336,-0.23818009460826664,Benign
-0.19880284662248288,-0.1759634626934425,Benign
-0.23156441722647558,-0.21520551437042898,Benign
9.235499953860119,-0.22571123529487028,Benign
-0.20666154173924078,-0.3025767894545207,Benign
0.30464233090805065,-0.34527225922692695,Benign
-0.21370199811361143,-0.24634634241350906,Benign
-0.2459905860614323,-0.32234107816453506,Benign
-0.20672226136495903,-0.2060674406572756,Benign
-0.24700975009138482,-0.33604181973654906,Benign
-0.23319352207923474,-0.5083456805567219,Benign
-0.19923298507007833,-0.21234973756067144,Benign
-0.18962344444351484,-0.5054797398650038,Benign
-0.24290786610701898,-0.51576273661006,Benign
-0.25203869798913203,-0.2907896535080426,Benign
0.30708857549164587,-0.7254840799103486,Benign
-0.20038990795772302,-0.23445379702553648,Benign
-0.2538310911993755,-0.2794968982625492,Benign
-0.14769063046477415,-1.368461624391737,Benign
-0.05936316826933989,-0.9498593840901316,Benign
-0.2724848254023592,-0.5495180444912395,Benign
-0.20189535777959206,-0.16872244872736708,Benign
-0.2112487442998578,-0.4955688456043238,Benign
-0.2247862176745116,-0.48483429957887986,Benign
-0.14978320601066322,-0.2366955689135151,Benign
-0.2356247545594867,-0.2790895575020885,Benign
-0.24697486983964545,-0.37025381041406974,Benign
-0.19797562142057504,-0.8715784455805305,Benign
-0.24498211943021705,-0.44497679970610193,Benign
-0.2437550130196494,-0.45252711136732215,Benign
-0.2214955211154781,-0.4816611795388219,Benign
-0.25164784880130503,-0.542281891497751,Benign
-0.19990979079261664,-0.5290328204332321,Benign
-0.19149151765208788,-0.43898941065724156,Benign
-0.19472283539285412,-0.41207920622343086,Benign
-0.20232002820400027,-0.2283289684684399,Benign
-0.20804793503393496,-0.20795660680376193,Benign
-0.22516663126233458,-0.22759428634095338,Benign
-0.20528035053443183,-0.20507280342093057,Benign
-0.23285038571017994,-0.30977184626598864,Benign
-0.25251928930870027,-0.3290474950900016,Benign
-0.250211570799104,-0.612378838439991,Benign
-0.25094287878887533,-0.28563177673882667,Benign
-0.2172830156203159,-0.32393467194181336,Benign
-0.20880552810505756,-0.31444996760433713,Benign
-0.12404281935155644,-1.5749175906471047,Benign
-0.23195628438292396,-0.253394747699817,Benign
-0.20585897917829765,-0.22443824264315757,Benign
-0.2582582090119025,-0.3482325265738975,Benign
-0.22240146973691072,-0.2156696457235873,Benign
-0.2135455038168938,-0.2933846299155383,Benign
-0.20225098106503778,-0.25357684211270326,Benign
-0.2126032558674541,-0.1634472155039665,Benign
-0.20685663356967307,-0.15529798894748784,Benign
-0.1574630107204564,-0.8362151639313021,Benign
-0.24450720960615815,-0.4573420094318048,Benign
-0.22760211711108796,-0.2757314502994186,Benign
-0.21067874836829387,-0.2105793810363697,Benign
-0.19881870681485547,-0.17605549060103937,Benign
-0.20050620907146136,-0.16682717475840741,Benign
-0.21023409869844928,-0.28955201591287805,Benign
-0.2007726287193911,-0.5138188164054215,Benign
-0.255370676489468,-0.3087043908192573,Benign
-0.17096855382242737,-0.7294246235376887,Benign
-0.20388348267374923,-0.18124863052486975,Benign
-0.23502151786600814,-0.2350714364612418,Benign
-0.202926459734451,-0.21214476873252158,Benign
1.5566272141445727,-0.36001204330052644,Benign
1.558129181311951,-0.31771866743976174,Benign
-0.1966957650369401,-0.21548976805537792,Benign
-0.20719372760696786,-0.20046392678986902,Benign
-0.20595007130446188,-0.21641381494361858,Benign
-0.19877474720141491,-0.24015910172853214,Benign
-0.195107110362174,-0.21651566956323387,Benign
-0.2540256380451503,-0.31477821379994586,Benign
-0.2527494709860737,-0.3289304234132536,Benign
-0.25821990765688735,-0.6518813206453393,Benign
-0.2030126586020066,-0.19043535020714977,Benign
-0.18837590660403636,-0.2486715546043399,Benign
-0.20708088610778605,-0.24089396955361997,Benign
-0.16447560683103027,-0.7313877630845623,Benign
-0.17390251091158648,-0.4864804150228356,Benign
-0.21407763235509278,-0.20028332614706026,Benign
-0.17412952160157785,-1.411575932004627,Benign
-0.21369845382053035,-0.19309505967918375,Benign
-0.1983482002161352,-0.17649160899404448,Benign
-0.2515523650214193,-0.334963763936843,Benign
-0.21286319369999732,-0.19554132538731636,Benign
-0.21914738146825963,-0.6823807784849805,Benign
-0.2469169906783235,-0.3998928989556741,Benign
-0.21383321578513523,-0.15020816649554275,Benign
-0.25131914330761956,-0.35148850508629825,Benign
-0.2167183572543517,-0.5887960011032009,Benign
-0.22498706415332212,-0.27040396538534633,Benign
-0.22177504906269893,-0.2712496192443131,Benign
-0.20603371710778048,-0.2852182856033105,Benign
-0.20914814147315272,-0.3089336425518658,Benign
-0.253664633214918,-0.31336341828542513,Benign
-0.25384626300116925,-0.3177915632101159,Benign
-0.2525645758627365,-0.33567067089693026,Benign
-0.20641948765735182,-0.5682565337819693,Benign
-0.1985113468147582,-0.28210099124911536,Benign
-0.2550011267277041,-0.31753866084620597,Benign
-0.24759404499270393,-0.07029012001551398,Benign
-0.19778432556379102,-0.5563338464605353,Benign
-0.22687289349652215,-0.24306740840583335,Benign
-0.20275414516598542,-0.49261770704378993,Benign
-0.2183572344602882,-0.31556090200613307,Benign
-0.2545618325407473,-0.2747911452893351,Benign
-0.18803583195551601,-0.6204950847783309,Benign
-0.24739052565304342,-0.3652460781795223,Benign
-0.22341975348228368,-0.5622514180231409,Benign
-0.1991269724521878,-0.26716752270963273,Benign
0.31177000735744753,-0.17086221000976,Benign
-0.20207335780207333,-0.07876474809980859,Benign
-0.22214383016425118,-0.15516562746266171,Benign
-0.24466876629804987,-0.40804729561567554,Benign
-0.25253277307128447,-0.31764402586672563,Benign
-0.2495657959585434,-0.3420984457665327,Benign
-0.20434055245105126,-0.6247389893085449,Benign
-0.25482747233904873,-0.312661076111148,Benign
-0.19797248698161254,-0.5646074268955251,Benign
-0.22558741935960588,-0.24304306414423582,Benign
-0.2023383991786413,-0.5216666731630921,Benign
-0.20382011237244782,-0.5015176512437891,Benign
-0.19380632715829813,-0.22291743622174648,Benign
-0.19754153199740845,-0.2912455315998726,Benign
-0.2241770772346366,-0.5276800589192879,Benign
-0.20414178399080854,-0.2148768912684604,Benign
-0.19761830977826322,-0.20894317980892968,Benign
-0.21200962860605857,-0.5021633698311118,Benign
-0.21610161996558208,-0.2718034883896082,Benign
-0.23129159758790335,-0.2727899535614081,Benign
-0.2473836316754845,-0.38425787975427034,Benign
-0.1963709623327476,-0.5157291633892257,Benign
-0.17937362138743423,-0.415838536301976,Benign
-0.16792289375733244,-0.44382364739985064,Benign
-0.21947516486505014,-0.9754448729438363,Benign
-0.20140408706773044,-0.3537670703796037,Benign
-0.20330700292557197,-0.3489656700512458,Benign
-0.22251233077427782,-0.9484138503697883,Benign
-0.2046641606674249,-0.24411822164772803,Benign
-0.2224971750615541,-0.5819585523055738,Benign
-0.22916274300126563,-0.47386968387296124,Benign
-0.1399253968970812,-0.4449743972803289,Benign
-0.22837749257502832,-0.08601452347754872,Benign
-0.21403544809963143,-0.3089765388148284,Benign
-0.19950544619026456,-0.24832952561466504,Benign
-0.25145655022670477,-0.3340130411775638,Benign
-0.18681435921354178,-0.28088702375478036,Benign
-0.20029931604870968,-0.8558847530275678,Benign
-0.23195304060460673,-0.2607697962553163,Benign
0.3001845522496163,-0.3291324531541008,Benign
0.3157205935535017,-0.34953510014455247,Benign
-0.21567180278263712,1.706404362730077,Benign
-0.24435543048112437,-0.40506821792581565,Benign
-0.25226328322045366,-0.2836337082783111,Benign
-0.21799865504074648,-0.3290780636791073,Benign
-0.25379838245657477,-0.32767307150783653,Benign
-0.21478522497363123,-0.31815643165486646,Benign
-0.21587199937741366,-0.2780317220772246,Benign
-0.16819880324465164,-0.5774335026697973,Benign
-0.23068836157468142,-0.4722285656770761,Benign
-0.2013215772191831,-0.25159881948488944,Benign
-0.20868090428769884,-0.5067446061775132,Benign
-0.22294061819981673,-0.35685245692087053,Benign
-0.19356810750331913,-0.5902720091332684,Benign
-0.14780124664090608,-0.6979752645653576,Benign
-0.20734336676925486,-0.1877209333738867,Benign
-0.25572301151706456,-0.16374436573171788,Benign
-0.20848245945305807,-0.478925865588054,Benign
-0.19966674126351408,-0.15985533967144192,Benign
0.287575436651271,-0.5427223772675827,Benign
-0.21898441821417686,-0.3640434920673095,Benign
-0.25423226074078176,-0.29544577914349385,Benign
-0.21361096408644956,-0.4823254612845612,Benign
-0.21724512759704406,-0.3222542688678792,Benign
-0.21256800049579153,-0.188370040792023,Benign
-0.24265924259000513,-0.5209199256732653,Benign
-0.24764312649164694,-0.3707981785074821,Benign
-0.25413026730397953,0.15127966348768485,Benign
-0.21686131722741825,-0.30529206688151017,Benign
-0.21372126828923135,-0.5883957178112973,Benign
-0.19021355903192447,-0.5923185006122615,Benign
-0.20891655107870521,-0.20278211164455706,Benign
-0.25461630247769584,-0.3140303026851116,Benign
-0.20874258536318444,-0.22334894955211615,Benign
-0.20282334701949142,-0.5308188617954213,Benign
-0.21511144952282626,-0.21394136176017053,Benign
-0.25350924540100284,-0.31231719447626977,Benign
-0.2143160247102445,-0.1415914648157017,Benign
-0.25903655117128727,-0.32287056314369117,Benign
-0.22679338461286763,-0.5711313527580973,Benign
-0.20732278508151955,-0.11691244212203838,Benign
-0.19873942693720914,-0.27295759002456876,Benign
-0.20510320029484982,-0.2041977643854607,Benign
-0.19944197075408795,-0.2856509398213779,Benign
-0.21499772299342274,-0.31266868207677967,Benign
-0.19051469072842164,-0.5208329562003982,Benign
-0.19679029811788848,-0.5184435311204828,Benign
1.576956200864834,-0.4169165048558799,Benign
-0.2544834145713254,-0.2469604582419547,Benign
-0.20691621495207146,-0.2229093382172125,Benign
-0.20765055167220126,-0.19776048103536373,Benign
-0.1995190054516388,-0.21660262721540152,Benign
-0.20525007331478043,-0.5423193851547459,Benign
-0.20606326791947943,-0.22556869398734947,Benign
-0.252964906109047,-0.14686286379103264,Benign
0.32239520769678137,-0.8008506395909385,Benign
0.3388793783183157,-0.5270062150726565,Benign
-0.21794721346135854,-0.33432803105533826,Benign
-0.20691935906219278,-0.3640556102807789,Benign
-0.2168175660229659,-0.5022621052653188,Benign
-0.2197048341257633,-0.15091469849447683,Benign
-0.2100193590238784,-0.2585792046037742,Benign
-0.19858107677997414,-0.5258816711443967,Benign
-0.20409569952011813,-0.09192757938951218,Benign
-0.21865623068964862,-0.2577931949353435,Benign
-0.23334421509658965,-0.5460782034153715,Benign
-0.2083916704627663,-0.1945637503655003,Benign
-0.21564711475785273,-0.1805759550262541,Benign
-0.2548994149668196,-0.3265412924374634,Benign
-0.21987515220097661,-0.6683454349048568,Benign
-0.2795137559962314,-0.8922157124058873,Benign
-0.2176007775213754,-0.601336899977476,Benign
-0.20685889694624354,-0.36871136265571164,Benign
-0.21233359093143908,-0.7427405180856328,Benign
-0.19650525131125113,-0.26077505844772214,Benign
-0.21419072560918734,-0.6492017378458171,Benign
-0.23793269959493876,-0.3081729936984556,Benign
-0.23529734768142777,-0.1762091721202353,Benign
-0.21117759518483176,-0.2568583524968548,Benign
-0.2041456655567364,-0.20172120502523597,Benign
-0.19889024188157606,-0.4983268333056847,Benign
-0.20752859811226676,-0.13173837387579082,Benign
-0.26604027337202923,-0.4167662420200592,Benign
-0.2086644128181101,-0.22455383224944903,Benign
-0.19073173883778827,-1.0067711011060259,Benign
-0.17812467765396064,-0.6869472352731515,Benign
-0.12799854445617947,-1.431210203614317,Benign
-0.2748646780365325,-0.234696610409042,Benign
-0.1944723904024845,-0.24337054302196312,Benign
-0.25127119649106144,-0.7038973211892315,Benign
-0.20801678702661003,-0.22443822701051142,Benign
-0.21105656688962343,-0.2264480307777083,Benign
-0.2291526022680195,-0.24457068497929454,Benign
-0.25504202519401764,-0.3261490162305822,Benign
-0.19796152034945744,-0.5019105212303561,Benign
0.3198370566136777,-0.725540300027897,Benign
0.3316731872638376,-0.4219582798724456,Benign
-0.20686604997439512,-0.538710938708622,Benign
-0.20552719721250198,-0.23936439882299626,Benign
-0.25465954775330923,-0.29921668190576195,Benign
-0.20032579537406975,-0.2533016063572298,Benign
-0.2173474125218605,-0.5310210029712186,Benign
-0.13702002380468203,-0.7744118177034934,Benign
-0.2211972633756684,-0.5082453279764982,Benign
-0.1989757764690119,-0.257439840960118,Benign
-0.2310365567397681,-0.4086930573029765,Benign
-0.12786269668913872,-1.1259189697607321,Benign
-0.19664842702411123,-0.5323597080614219,Benign
-0.23514910054473018,-0.2031092698654792,Benign
-0.257962241704693,-0.6739328780689556,Benign
-0.19819291557557783,-0.24463817969443696,Benign
-0.24816000458058474,-0.3373181493812146,Benign
-0.19783288760910192,-0.21317798499298957,Benign
-0.2182721094780309,-0.31049631248845755,Benign
-0.21603460311047987,-0.1800047391213744,Benign
-0.20340642210194834,-0.5128352963856372,Benign
-0.2289577451473085,-0.5536141339926623,Benign
-0.20246360503762406,-0.24221651327271232,Benign
-0.19940014221555535,-0.5104953939976662,Benign
-0.2518953932170001,-0.4393483750891059,Benign
-0.2529799012970204,-0.33309297487875644,Benign
-0.25283796702647865,-0.10248036479777578,Benign
-0.19414322149637767,-0.5960438580056644,Benign
-0.2211754496791675,-0.5306919742240063,Benign
-0.20641948765735182,-0.5682565337819693,Benign
-0.23466962711805048,-0.545114639182261,Benign
-0.20685104203461221,-0.19261152782140453,Benign
-0.21309342854411348,-0.4896653917611589,Benign
-0.20777236786688044,-0.5037324159503097,Benign
-0.2550670874390933,-0.26189843837558757,Benign
-0.223004058764177,-0.3398718437792452,Benign
-0.25516233848526565,-0.2936410068846472,Benign
-0.2033139294750234,-0.223788091459548,Benign
-0.19883224237843908,-0.5046628460589139,Benign
-0.1908671151716569,-0.21263688237292663,Benign
-0.20353228190409062,-0.21885329534029552,Benign
-0.21855349061664253,-0.43310409054533694,Benign
-0.24059602328547428,0.5196194873751042,Benign
-0.23561871458800338,-0.13497649615422994,Benign
-0.20614752161121805,-0.23491308265515304,Benign
-0.2003422734710992,-0.23892876233759244,Benign
-0.20962838625263497,-0.49126164947467216,Benign
-0.25227361497745876,-0.31781393106934397,Benign
-0.19765868160101085,-0.21334656090186635,Benign
-0.20957836143002886,-0.5495062280493914,Benign
-0.1887239115103456,-0.29401167572916864,Benign
-0.2505592007043075,-0.34238359643067473,Benign
-0.2548183600487504,-0.31502598317492453,Benign
-0.2654110948568503,-0.23955102143852927,Benign
-0.19025178926892553,-0.3110347951037729,Benign
-0.18559005871895745,-0.24662214193178777,Benign
-0.20771259938518272,-0.24195614007839317,Benign
-0.2246037627913666,-0.3655985005845705,Benign
-0.20735485692533948,-0.2486263487392438,Benign
-0.2030359892883689,-0.5192453667502178,Benign
-0.2043414956872819,-0.2205817167290084,Benign
-0.2551737176578801,-0.21301708339653225,Benign
-0.195846948072483,-0.3063543599815792,Benign
-0.19849173555556013,-0.28180751829851103,Benign
-0.2063625425293247,-0.4999764968370104,Benign
-0.2546040090014223,-0.3145733349392703,Benign
-0.2112789209757832,-0.21306739174825262,Benign
-0.20277572451496975,-0.20664867486565147,Benign
-0.21419719618815508,-0.20223587774077115,Benign
-0.24507433780591262,-0.5369091737954014,Benign
-0.2044837139007239,-0.20598250323989953,Benign
-0.25348292594747585,-0.3201297097215431,Benign
1.5550606361761614,-0.42314134961286193,Benign
-0.20395900719029741,-0.21721618031503792,Benign
-0.3133417925964368,-0.974756536909969,Benign
-0.21174714972963846,-0.22152109061887654,Benign
-0.21421548171481966,-0.6506373927594629,Benign
-0.21040086233143526,-0.24553501224299765,Benign
-0.1681283302974613,-0.845689595035062,Benign
-0.14124374683577517,-0.5756742883880271,Benign
-0.2002005275585539,-0.23124328314498713,Benign
-0.10820578987279961,-1.3960490043421585,Benign
-0.20977367183839538,-0.2304675846650769,Benign
-0.20124681052900018,-0.2027658546716751,Benign
-0.22958273249819053,-0.18839755525467616,Benign
-0.24817997160511454,-0.4881993691603003,Benign
-0.19410547057697067,-0.2542406574850989,Benign
-0.2101322847686094,-0.4259058246058941,Benign
-0.19897734921160715,-0.24061009628080635,Benign
-0.2546223256460313,-0.3211025278979169,Benign
-0.21206270540789046,-0.19403266686996626,Benign
-0.21758359814118225,-0.14332519181595615,Benign
-0.2110746310172565,-0.11710662308707105,Benign
-0.2588027759678436,-0.6462501312243457,Benign
-0.23753760045540234,-0.46900077465097106,Benign
-0.19910145063802026,-0.18737259486902658,Benign
-0.20956503152719547,-0.22221127099820304,Benign
-0.21854789539300978,-0.5707857545728771,Benign
-0.17132506778977422,-0.25237660758708635,Benign
-0.2554636059761212,-0.0868425857723431,Benign
-0.19864257042276906,-0.5230776716842865,Benign
-0.21355975386800471,-0.2511761040540037,Benign
-0.2078441229485542,-0.199112778622507,Benign
-0.2552759475972044,-0.2932300623431462,Benign
-0.1990577929368634,-0.25353000001925063,Benign
-0.20236033829121325,-0.21753808096695887,Benign
-0.25416719152109735,-0.30084164370494404,Benign
-0.2515182849980787,-0.3019979379664712,Benign
-0.21661013524346445,-0.29897854537944457,Benign
-0.2483062833887505,-0.35351247205243486,Benign
-0.20684926949871324,-0.21464817281415047,Benign
-0.1766318861194114,-0.5240433640910939,Benign
-0.2137666217616523,-0.25757889509813237,Benign
-0.2506121611376084,-0.36447538701686316,Benign
-0.23502248822633837,-0.235602396434315,Benign
-0.19560281494343917,-0.19413566456132372,Benign
-0.20607375787122403,-0.5187255128025602,Benign
-0.20534585167723202,-0.5213599458965253,Benign
-0.20429410235836754,-0.1641068430094971,Benign
-0.22647876944366407,-0.2701079009093548,Benign
-0.20331348933303714,-0.2237874835088398,Benign
-0.20425072074909484,-0.21948218097934258,Benign
-0.19489142650415822,-0.22212661776294063,Benign
-0.22362547880187783,-0.20811572561411648,Benign
-0.2098683880840988,-0.24114451557366626,Benign
-0.25453341171241284,-0.293408453473309,Benign
-0.23809964269856054,-0.5205495997661368,Benign
-0.20063603717637205,-0.20723818229539365,Benign
-0.20888863164011948,-0.2885185196245063,Benign
-0.2015572667665081,0.2303227180264196,Benign
-0.1957664481057763,-1.2116509938714424,Benign
-0.21151267566827675,-0.490015877194607,Benign
-0.25473907759028463,-0.32691471477588063,Benign
-0.18034114865572268,-0.3323359114601714,Benign
-0.24968276686666863,-0.4154963631669654,Benign
-0.24208180694330728,-0.3382109342232718,Benign
-0.23499950957465587,-0.24141601388209974,Benign
-0.2544073686880424,-0.315610090005215,Benign
-0.20609600473833617,-0.5732011849146927,Benign
-0.1716559585121902,-0.2397352758199795,Benign
-0.25332183763573507,-0.29752468748747285,Benign
-0.19987969206845205,-0.2248525733942203,Benign
-0.1800823965270123,-0.2873228741901547,Benign
-0.17506522410406625,-0.27815293356950144,Benign
-0.2054228046233212,-0.5216756190289733,Benign
-0.19886523055518127,-0.20390669686976476,Benign
-0.23612743208558537,0.4045119907857514,Benign
-0.21938737893368185,-0.6558526805022744,Benign
-0.20451991284580098,-0.4361124172392057,Benign
-0.2753335333733541,-0.21272597091827372,Benign
-0.20815975745690138,-0.1963560988242576,Benign
-0.21896463437413213,-0.18125026039721087,Benign
-0.19540035049743243,-0.21672616193709013,Benign
-0.2548465172715342,-0.29656282486698443,Benign
-0.20940571724339907,-0.20300526049603654,Benign
-0.2492410579553822,-0.45781611077474643,Benign
-0.19506168701420487,-0.6541662181519876,Benign
-0.2539920440875113,-0.26991967174393133,Benign
-0.14044332342704835,-0.746394342382942,Benign
-0.21941733878642838,-0.5746307101840052,Benign
-0.19871255313999284,-0.5232460185944717,Benign
-0.19685933198163574,-0.7756507597834603,Benign
-0.20242533866509546,-0.29988152225265885,Benign
-0.2109780596586199,-0.6454120307878289,Benign
-0.1799608664150528,-0.3759305234431066,Benign
-0.17999062710742988,-0.3679608820185343,Benign
-0.19868938446986778,-0.19947575875897855,Benign
-0.17401013825927186,-1.0281981564154827,Benign
-0.22022330074134036,-0.242398623685405,Benign
-0.20450439540427764,-0.22646506343443715,Benign
-0.25801541208486245,-0.6528301807592256,Benign
-0.25362157017156856,-0.3312670047246013,Benign
-0.2355762649232665,-0.0579550241235045,Benign
-0.2079724042721057,-0.23968899987855694,Benign
-0.1838697381222894,-0.8717488996825484,Benign
-0.22130506651439769,-0.14355502637750966,Benign
-0.21153408977752028,-0.7216689941308531,Benign
-0.20981603189448378,-0.20350428840380552,Benign
-0.18733525471155305,-0.1956066967943337,Benign
-0.2441922824011417,-0.4070173526060178,Benign
-0.2109818642148102,-0.20061904908466502,Benign
-0.20681602164735213,-0.20458410133761973,Benign
-0.21843920046515805,-0.504174817442014,Benign
-0.275347908429235,-0.2836664309415809,Benign
-0.2446037578166662,-0.6081358670836323,Benign
-0.24680401280302935,1.8771972415359786,Benign
-0.19183152966236455,-0.4846063606333629,Benign
-0.19274886131631472,-0.1846177112906031,Benign
-0.23465874287846555,-0.26236797404494716,Benign
-0.19858776951432602,-0.7352637279518147,Benign
-0.23499259313734663,-0.24357622697463574,Benign
-0.23861799590978292,-0.5033498173098634,Benign
-0.23575367500492356,-0.33767490004816225,Benign
-0.19294159112781964,-0.5603127678712521,Benign
-0.20766084464024132,-0.19086160913909045,Benign
-0.18828561675228395,-0.5989344882062004,Benign
-0.19376816749112546,-0.5706037453350308,Benign
-0.21063354228260053,-0.25653229412594536,Benign
-0.2511667934289904,-0.3342624802911476,Benign
-0.25352812334925284,-0.11028687628933677,Benign
-0.20485058905276135,-0.1845353101610398,Benign
-0.21192276322251719,-0.24593233094393716,Benign
-0.20510888028857927,0.007578306095643965,Benign
-0.25417390021309205,-0.2978794777852006,Benign
-0.25427340912494634,-0.3098150335114137,Benign
-0.17565710975272608,-0.4058519169023,Benign
-0.24180232375661495,-0.4242930724350001,Benign
-0.20571926853080155,-0.5769422767400223,Benign
-0.21274250895793687,-0.29647857606454014,Benign
-0.1966344642167039,-0.5325564924519561,Benign
-0.19807414007051907,-0.29998611356358024,Benign
-0.23313761194991622,-0.540308280068211,Benign
-0.1989419579136926,-0.16433204127504836,Benign
-0.20977735854587348,-0.5015485503598366,Benign
-0.23617117382391678,-0.1505900238226295,Benign
-0.25384509708094105,-0.2925239355781621,Benign
-0.21933060873478613,-0.13238887996161938,Benign
-0.20713082448882858,-0.5225736643020351,Benign
-0.19962985723644872,-0.2401353346400642,Benign
-0.1984017375850098,-0.25767639330781206,Benign
-0.2540531367017442,-0.6853639778709351,Benign
-0.2170685241374169,-0.4879265278373354,Benign
-0.22488840937060145,-0.5982338283646623,Benign
-0.22279385223775522,-0.3233097765589758,Benign
-0.1900173483283162,-0.3586705161535688,Benign
-0.23994014568588795,-0.42435494963550763,Benign
-0.24551468587301864,-0.3340599301801421,Benign
-0.18991275308161976,-0.3347760623090762,Benign
-0.24282242814987579,-0.2203167935249262,Benign
-0.18593610140513162,-0.31185223863232625,Benign
-0.22272930327037896,-0.4997503674891261,Benign
-0.21205353128895146,-0.5652048536342957,Benign
-0.23059587023688372,-0.26611866907028003,Benign
-0.2588451779816625,-0.64631634107473,Benign
-0.1985465473211269,-0.15242194851178179,Benign
-0.22449435072337273,-0.2913634772431016,Benign
-0.21256361296189705,-0.35141848793534236,Benign
-0.20759537224051688,-0.23650805455245988,Benign
-0.208553227602608,-0.26803223845699076,Benign
-0.24910242889869605,-0.34684526572608165,Benign
-0.21586447688909016,-0.3726979831896965,Benign
-0.20820036855964383,-0.5399481452303109,Benign
-0.2074484892488943,-0.7166334856897489,Benign
-0.20618047839502332,-0.22977642413514907,Benign
-0.1963326770690698,-0.5151252200530743,Benign
-0.18129622073747348,-0.27858380949979566,Benign
-0.20858597835754686,-0.21079384175866178,Benign
-0.2251404861466157,-0.25944768577079963,Benign
-0.23203242263931056,-0.7898089557882909,Benign
-0.19623344674777066,-0.5155971362683744,Benign
-0.25316734395845525,-0.3184927236912022,Benign
-0.20888163170232812,-0.09498884007929528,Benign
-0.1985389335737717,-0.5255640285161892,Benign
-0.20897826966076244,-0.16688085707975234,Benign
-0.24819283139567774,-0.5357359049852488,Benign
-0.20482356673517355,-0.21694044489724532,Benign
-0.21303213499103862,-0.29397878085904194,Benign
-0.20439689778577222,-0.22311301783195275,Benign
-0.2526521444184881,-0.5939965331639154,Benign
-0.25264554744688983,-0.32161485502943976,Benign
-0.19175536050178865,-0.19380420849768265,Benign
-0.1994786846849377,-0.2406993449213025,Benign
-0.22311911713519966,-0.030984914495643136,Benign
-0.17929072789885744,-0.7028609447547534,Benign
-0.19947089743208246,-0.2083198701504356,Benign
-0.24370874275260826,-0.40256997875089223,Benign
-0.1993354695448271,-0.2632800329655547,Benign
-0.20683448410654057,-0.27468631351181155,Benign
-0.21201790720681538,-0.46569372785815716,Benign
-0.17698019075111607,-0.37037580356706795,Benign
-0.204234279391095,-0.5007189210347248,Benign
-0.18963306034225422,-0.9601237183795472,Benign
-0.22996925564837134,-0.5564174687185838,Benign
-0.22966767213727357,-0.5675138070862367,Benign
-0.2202871225148662,-0.5205265186405043,Benign
0.33764567681158003,-1.03469610017183,Benign
-0.21617454076249643,-0.19264035040705405,Benign
-0.19674783837911589,-0.22201171658760507,Benign
-0.22235533576505528,-0.3043137229154546,Benign
-0.20127584746671648,-0.21115665744205128,Benign
-0.2546128062205318,-0.26923902587849075,Benign
-0.25306003597105076,-0.33014778254536536,Benign
-0.25443733945577074,-0.3034567131979111,Benign
-0.20093000040744197,-0.5073332748897277,Benign
-0.19592613384119162,-0.23896507697162414,Benign
-0.24545777759177598,-0.3986389416523104,Benign
-0.20375859598330107,-0.08680695657848785,Benign
-0.17856252928066715,-0.792704757163658,Benign
-0.21082405224561995,-0.27013038023190983,Benign
-0.21277987336933757,-0.2874579241868361,Benign
-0.1996494723090505,-0.19726804495943664,Benign
-0.21028186036123,-0.24896500627037157,Benign
-0.2341773354753894,-0.2847541515531375,Benign
-0.2056200692207432,-0.5230932014031386,Benign
-0.18829781851454686,-0.23959964956361277,Benign
-0.20609600473833617,-0.5732011849146927,Benign
-0.22544843666630063,-0.2632267658931898,Benign
-0.22889876534312964,-0.2513004588980028,Benign
-0.2548594915063184,-0.32055597873438824,Benign
-0.21227148411601066,-0.2616349702710584,Benign
-0.27594263889932297,-0.26437699040210627,Benign
-0.2676179336224965,-0.5731567931541607,Benign
-0.21588930569843273,-0.2168506434029119,Benign
-0.2415383660421051,0.5851599165981661,Benign
-0.19663828144513815,-0.5323886911366356,Benign
-0.21439265537100946,-0.31864422291037225,Benign
-0.1945823511695743,-0.5158472493280643,Benign
-0.21631145791043932,-0.29153976149463795,Benign
-0.2510027562707659,-0.3367136938775987,Benign
-0.22616464149983215,-0.3285806004429194,Benign
-0.2066178234649553,-0.2504204787099295,Benign
-0.24669964784107595,-0.3744003785573089,Benign
-0.21368787628754543,-0.244073296179469,Benign
-0.19359600386050613,-0.23465083060820957,Benign
-0.2300652630087648,-0.2366223258195834,Benign
-0.14566774466078022,-1.1851050011686075,Benign
-0.15927954724319493,-1.1804462231751223,Benign
-0.2023046578983265,-0.45902667630752575,Benign
-0.21419103787361563,-0.23117833736129262,Benign
-0.2530701653692112,-0.2905485478759357,Benign
-0.23535000153495547,-0.36743771389728513,Benign
-0.23550680116912856,-0.14591912611625324,Benign
-0.20500756197278505,-0.2441717998297909,Benign
-0.2612058616632723,-0.4108316790485589,Benign
-0.19867028538000303,-0.5230805398048748,Benign
-0.2099468817929656,-0.4779057565103212,Benign
-0.21005954326576667,0.05458033548519376,Benign
-0.23867228049224587,-0.4688903420615012,Benign
-0.19480865104636086,-0.505366772997026,Benign
-0.2510202669996607,-0.2958343909206801,Benign
-0.2111475291504473,-0.33119557366396274,Benign
-0.23732820977646485,-0.23884991234689196,Benign
-0.21332223418476715,-0.24019423448229288,Benign
-0.2499946386673017,-0.3310332470673037,Benign
-0.24879344603013442,-0.3295805225257233,Benign
-0.18510768972325478,-0.24607765559648606,Benign
-0.1707671309955523,-0.39152600990172864,Benign
-0.1966253596992008,-0.26138389351446756,Benign
-0.20110484188256544,-0.22363779518374416,Benign
-0.21274202447570656,-0.22586845808121342,Benign
-0.1951090503900796,-0.19927420755928782,Benign
-0.24727915272654455,-0.3741707575257457,Benign
-0.24608757332187908,-0.36587070937572724,Benign
-0.20916074434220142,-0.4422071222909028,Benign
-0.24337926651416011,-0.46185516245707287,Benign
-0.24369211407527666,-0.3997504931021048,Benign
-0.19989115204246646,-0.11913301667635609,Benign
-0.20313414458131945,-0.24114743028156424,Benign
-0.19191441655964944,-0.10063904233114136,Benign
-0.1907779351126533,-0.27787693812200237,Benign
-0.21473658836896034,-0.17990517351799792,Benign
-0.1972179912063837,-0.305241029260792,Benign
-0.17450869761668192,-0.33549561488467317,Benign
-0.1746887517627463,-0.3482669110278994,Benign
0.3229742184521607,-0.5968336739439186,Benign
-0.18157027132742626,-0.5902356008778482,Benign
-0.22294549897003546,-0.5265831474426722,Benign
-0.19331479112706615,-0.34895128444187073,Benign
-0.21970017381772933,-0.1051284280182483,Benign
-0.19150480678725892,-0.24036323977589455,Benign
-0.1917326174344829,-0.1895251858904246,Benign
-0.1921363797399335,-0.1157613003206492,Benign
-0.22517818165874426,-0.24141984065531816,Benign
-0.2253290072793282,-0.22093108192588926,Benign
-0.2548346689186051,-0.30440416718179963,Benign
-0.2107938363518061,-0.21712338577175422,Benign
-0.20412425295088413,-0.20289574727738705,Benign
-0.20512616754626045,-0.22355570829133584,Benign
-0.2176977797346593,-0.23326806964992358,Benign
-0.21659911478945837,-0.2617081240250723,Benign
-0.18782660664101009,-0.2829185328189843,Benign
-0.18821018758788546,-0.2296326235606344,Benign
-0.18939031531027528,-0.08825741928348507,Benign
-0.1881093656042457,-0.22424065194474324,Benign
-0.18791410864494584,-0.26092256441256256,Benign
-0.2124012921581567,-0.26629176443396174,Benign
-0.17706688017632397,-0.4359734409005518,Benign
-0.17031272945012746,-0.4014469461871829,Benign
-0.17049841057086632,-0.4253033179686179,Benign
-0.17070753968014435,-0.3894828341745838,Benign
-0.2318356903579354,-0.21762924726465918,Benign
-0.19465326991443016,-0.3382758702582196,Benign
-0.21344052883423903,-0.24672793216051767,Benign
-0.21530646128000086,-0.2254900887739092,Benign
-0.1979615748871873,-0.23478527004753655,Benign
-0.21846149535632134,-0.22894404053357426,Benign
-0.20398969276879544,-0.24972836982005123,Benign
-0.19646839689407666,-0.23059658475142822,Benign
-0.2260708610962408,-0.26915932441365764,Benign
-0.2202793068210084,-0.18814606505088488,Benign
-0.21489089257336172,-0.16431725536906808,Benign
-0.21538962685698418,-0.019095838854431273,Benign
-0.24567256085028052,-0.3151791597074076,Benign
0.29328351249363505,-0.5011995905570944,Benign
0.3262266031579013,-0.4264342242601004,Benign
-0.20747741597910602,-0.20870070085484338,Benign
-0.2031017666603113,-0.14270591029709487,Benign
-0.134663813458199,-0.9360375958793414,Benign
-0.1424705053924681,-0.7297326634618694,Benign
-0.21047038712186955,-0.136921830368856,Benign
-0.24815876786446955,-0.37164083946035953,Benign
-0.2043652794053739,-0.23465636526516845,Benign
-0.21489810195179657,-0.2131631349785163,Benign
-0.20006485747604577,-0.21771213808830514,Benign
-0.2088157561562141,-0.17787214727448034,Benign
-0.19584700667488517,-0.237668780290447,Benign
-0.053971300006069936,-1.6676249451264864,Benign
-0.212402285808901,-0.26630820824829704,Benign
-0.2549928416533886,-0.18596562181219517,Benign
-0.19994053258196048,-0.2111055145627752,Benign
-0.2585552474294306,-0.36392895656813107,Benign
0.07905415358677825,-2.1450463186799693,Benign
0.09823210089429914,-2.8769823729209967,Benign
0.09886538788778837,-2.9636969888459324,Benign
-0.20632987655020546,-0.1985780980234117,Benign
-0.2551135851594644,-0.28836449629404787,Benign
-0.2541547365909171,-0.3068186264569345,Benign
-0.2528708917519744,0.5153117146107756,Benign
-0.25131372823703063,-0.32667943410917066,Benign
-0.2979372361319841,-0.22344569438388892,Benign
-0.2526991091883008,-0.27073457273982693,Benign
-0.20600396371712865,-0.27661457328851374,Benign
-0.15192564124517702,-0.6033573270325062,Benign
-0.21010922176956576,-0.18079635854894396,Benign
-0.19409373579136802,-0.26470980905504715,Benign
-0.2158392180240703,0.1156034492406885,Benign
-0.19762421550902312,-0.2243422826477114,Benign
-0.2018307786446627,-0.23940922988582672,Benign
-0.2027004008840217,-0.062299320760656106,Benign
-0.19734161453104704,0.13299141063865724,Benign
-0.24076163061336237,-0.4312076454816181,Benign
-0.13080880747530463,-0.6550439727852619,Benign
-0.21348819404810587,-0.15259301084966004,Benign
-0.2068792540689711,0.1374177484942782,Benign
-0.20339243081855563,-0.1121564860836641,Benign
-0.19638533457084195,0.017601109392698593,Benign
-0.2547529870658693,-0.29634411778644704,Benign
-0.25338194688323784,-0.26573875488352533,Benign
-0.2520562021243953,0.3665388312414467,Benign
-0.1899520794673156,-0.043868105860000235,Benign
-0.22245818385455912,-0.31201263962663445,Benign
-0.20310906226083364,-0.21562138289742525,Benign
-0.21278015403870815,-0.2556624169453361,Benign
-0.20065453408625994,-0.2317365918414534,Benign
-0.2508364613805119,-0.3161722861608474,Benign
-0.25015596773753945,-0.3428595821910444,Benign
-0.2421232245044289,-0.4024304353638451,Benign
-0.24018236753269154,-0.3948522132241649,Benign
-0.2468990491328497,-0.3494139276451362,Benign
-0.198683372218879,-0.2002771225101288,Benign
-0.19835633638517658,-0.2147762938499013,Benign
-0.18589756866939264,-0.2388503971928773,Benign
-0.2535527198782796,-0.29940392168664115,Benign
-0.19541114910329577,-0.209672767706144,Benign
-0.25959451547215956,-0.32577552505311796,Benign
-0.24895276304249941,-0.3858606870359381,Benign
-0.2483221346035996,-0.2512882824046757,Benign
-0.2490157205643863,-0.3637785177930726,Benign
-0.24872543495837524,-0.27708574266391495,Benign
-0.249296966203648,-0.34802629368556154,Benign
-0.25439927878879626,-0.08455590156554105,Benign
-0.20253793343015328,-0.21935946860098307,Benign
-0.19749906039567955,-0.07065351059286916,Benign
-0.1954534790172557,-0.1526771229340414,Benign
-0.1803543792068029,-0.21858470745531014,Benign
-0.2520891216131523,-0.31858531941761675,Benign
-0.2521296799862543,-0.19890100215501366,Benign
-0.25080835363095627,-0.3221036290870074,Benign
-0.20285057874693496,-0.20810037590115063,Benign
-0.203774258417398,-0.22263720094628225,Benign
-0.19186027297966177,-0.19174243748651906,Benign
-0.1915924228441105,-0.24521795794705714,Benign
-0.22715905333964878,-0.23672642236517302,Benign
-0.21231861764680401,-0.2468774305905993,Benign
-0.18967534211702144,-0.19677986384200086,Benign
-0.2149303308325028,-0.038946318967091956,Benign
-0.2548608406009303,-0.26419646158477494,Benign
-0.26934675730980984,-0.2514974900266055,Benign
-0.23269757180744335,-0.16978527169480195,Benign
-0.20903744204292216,-0.2479230319559375,Benign
-0.19606041544130995,0.2792644917263242,Benign
-0.22454055311567353,-0.3279912684524006,Benign
-0.20031126789354659,0.3098379596065376,Benign
-0.20334073771203698,-0.2194433539859605,Benign
-0.2515043256188391,-0.2667095932437072,Benign
-0.25168530788283827,-0.31537622439297663,Benign
-0.21178294062323683,-0.10248267619026129,Benign
-0.19183812549459678,-0.2066037669763412,Benign
-0.22322701564572067,-0.26427866971828656,Benign
-0.25449890973248857,-0.2919790014053108,Benign
-0.2467213065733736,-0.397647359874332,Benign
7.9507990872038885,-1.6881811238233957,Benign
-0.24735554006475513,-0.27944333732832377,Benign
-0.1934725436662621,-0.2105317747718606,Benign
-0.2484471761770113,-0.3828642702344249,Benign
-0.2472014666856696,-0.3792428829416585,Benign
-0.19384704329385538,-0.31857863668598524,Benign
-0.24655585827895665,-0.3482349724145338,Benign
-0.2515156348562955,0.7291006706288962,Benign
-0.21112451563184548,-0.11747807904594562,Benign
-0.20540601662157798,-0.2207479940798894,Benign
-0.20708587640881126,0.11821148247021293,Benign
-0.20504937025798933,-0.21769914540664162,Benign
-0.16979167543100196,-0.6061024469351052,Benign
-0.20302005074181828,-0.21376980859043151,Benign
-0.24535370027495843,-0.37203048908471237,Benign
-0.24992025948688196,-0.3288342550785623,Benign
-0.2516509077572911,-0.3236502968709597,Benign
-0.20567782268524595,-0.24978060660352702,Benign
-0.2337580619113013,-0.2589043125491218,Benign
-0.23633584225253512,-0.07003372678298334,Benign
-0.23254165711336336,-0.4891855783173544,Benign
-0.18708649327583038,-0.30779145626455157,Benign
-0.24936402963172621,-0.35923812413626816,Benign
-0.20718374892257993,-0.43255282943651713,Benign
-0.16420666308404056,-0.4577665324594196,Benign
-0.21135203540502107,-0.3847933471689911,Benign
-0.1810739662287322,-0.29957645744018174,Benign
-0.04718080980913838,-1.9249121630818176,Benign
-0.21268996018766584,-0.22263184855330928,Benign
-0.2273731988367468,-0.3467846469170351,Benign
-0.21601152395077594,-0.2649753472648658,Benign
-0.20429258771155615,-0.3653435989746427,Benign
-0.17460696257060318,-0.3769009837227241,Benign
-0.1746730830324204,-0.3668373650959808,Benign
-0.1749110885883458,-0.32600658338609534,Benign
-0.2080589150399233,-0.1559416980964039,Benign
-0.1899380271725164,-0.18292240271934782,Benign
-0.184860598178632,-0.22473226993085918,Benign
-0.20675939403530932,-0.25195623000928236,Benign
-0.19628890034420443,-0.22443065547840385,Benign
-0.23557490526219835,-0.12090292356742983,Benign
-0.2508415880448749,-0.33134402524760986,Benign
-0.20133136684228137,-0.23307058369640293,Benign
-0.1621030058327207,-0.5618528963441595,Benign
-0.20123125832326147,-0.1817449174295749,Benign
-0.23748967857731976,-0.19999652051908198,Benign
-0.2523805807139236,-0.29935442119499156,Benign
-0.20351099212843038,-0.1891935145789473,Benign
-0.20668267074299856,-0.20189367082995371,Benign
-0.21961020427157668,-0.307710620973379,Benign
-0.23532401982131845,-0.4637496148457815,Benign
-0.25404225098189026,-0.16482006704062566,Benign
-0.20839912473009337,-0.21000690983006856,Benign
-0.19973148721048703,-0.20157067969816997,Benign
-0.1961282291124044,0.3618642916901558,Benign
-0.1947274912643095,-0.21997442418898128,Benign
-0.21834634941535563,-0.18444947401333242,Benign
-0.1997401846753115,-0.23160550465078847,Benign
-0.19676812404958968,-0.22767162922348405,Benign
-0.2546595393627567,-0.3043477622416488,Benign
-0.24506772993164053,-0.37654577794376975,Benign
-0.2543200819112067,-0.3067963620038282,Benign
-0.25298316249266417,-0.3425538383507523,Benign
-0.2542160096598961,-0.23453093736344258,Benign
-0.20120892349394914,-0.20496573367616552,Benign
-0.1932921175079654,-0.22908647664909074,Benign
-0.1932459939550697,-0.23885097963888544,Benign
-0.25125111968916247,-0.22750600613277858,Benign
-0.2492298657681294,-0.3564989451804861,Benign
-0.21238256205744638,-0.2625405311980174,Benign
-0.2489244446834719,-0.34001912208683477,Benign
-0.21392293569045617,-0.2840533764623491,Benign
-0.255684935158258,-0.14837484072166196,Benign
-0.2541973519812489,-0.25403348367900513,Benign
-0.20394135515508938,-0.7011666366202748,Benign
1.6034544542595022,-0.7422252790863869,Benign
1.6188269240924757,-0.7611713816784774,Benign
-0.19882698340469068,-0.2213781403699653,Benign
-0.24806064373306624,-0.34527932026253144,Benign
-0.2468634022563141,-0.34594686531499746,Benign
-0.25153909482819836,-0.25407686236855587,Benign
-0.18848624853291096,-0.1752606482381747,Benign
39.8590596029164,0.1193481141965136,Benign
-0.25138464995353166,-0.288518979338307,Benign
-0.21324658935449625,-0.17372565605539025,Benign
-0.24806814134129118,-0.35490550132441323,Benign
-0.1949809157621933,-0.1786338878189682,Benign
-0.19127240120015085,-0.24195080146802844,Benign
-0.2845555435901218,-0.09701480373867642,Benign
-0.20442912228030197,-0.19575868609296013,Benign
-0.23070822840529492,-0.31278900672622956,Benign
-0.21561665638582275,-0.0527728778842625,Benign
-0.20627916280929207,-0.2996146245351776,Benign
-0.21819834347564784,-0.27208927469215305,Benign
-0.2507808701869109,0.9685457753840075,Benign
1.5550602517497618,-0.40832237470416444,Benign
-0.24958759974484102,-0.38089670048598345,Benign
-0.21256092941502688,-0.635078339938694,Benign
-0.21072087928766783,-0.6939995890029828,Benign
-0.19995926183506665,-0.1821049983369751,Benign
-0.22359317033189646,-0.3970921063166322,Benign
-0.20434472966397876,-0.4648561293049733,Benign
-0.21918412075665286,-0.5803599731105152,Benign
-0.21420674205804996,-0.25783337361994046,Benign
-0.19014157764461825,-0.18125676524385356,Benign
-0.18739204599818818,-0.2578923247961146,Benign
-0.21576724537354036,-0.2617342811826307,Benign
-0.2242101470662638,-0.2892641192912331,Benign
-0.2199912607631498,-0.24198707198720174,Benign
-0.18456381632412286,-0.24160471838085557,Benign
-0.19414695192196316,0.25771524313482014,Benign
-0.16800451104295885,-0.42585512461977587,Benign
-0.19592820268302988,-0.21607983364024902,Benign
-0.22459805959612417,-0.0467050737337157,Benign
-0.2550539316850592,-0.2800927835431601,Benign
-0.183066033719529,-0.9372820002270212,Benign
-0.12048129312864624,-0.900610091903851,Benign
-0.2314450355643693,-0.29112645623370326,Benign
-0.20480694366364277,0.21652338159366116,Benign
-0.24952431095662503,-0.3387122501005611,Benign
-0.24836392188159928,-0.3305067680318405,Benign
-0.18888330760473188,-0.24754118876079156,Benign
-0.32375273394282916,13.427739404378727,Benign
-0.22067969383231295,-0.29879772214720024,Benign
-0.18603362192480216,-0.2535718145236832,Benign
-0.255535735871224,-0.2752599886414448,Benign
-0.25052430879318627,-0.35058829373912226,Benign
-0.21827645509472074,-0.1596818206631628,Benign
-0.251445732279088,-0.32701095700638266,Benign
-0.19513087998400644,-0.19694958368355797,Benign
-0.21404256880570324,-0.2722811902330875,Benign
-0.1991965655706429,-0.3601274014890163,Benign
-0.2511043780934039,-0.24870596484840812,Benign
-0.2494712778083144,-0.16921322948112869,Benign
-0.20540407320957546,-0.20159107688549313,Benign
-0.1920978604131025,0.5153555667524303,Benign
-0.21189050821995434,-0.2799807991779994,Benign
-0.20093661148144298,-0.1699068659025805,Benign
-0.19759790684284523,-0.26198117288519784,Benign
-0.2468576225364209,-0.3134069885830442,Benign
-0.2467007769976033,-0.35446673535360274,Benign
-0.2390919083870428,-0.43834366583201484,Benign
-0.2341642930832927,-0.14129241566794978,Benign
-0.2547962536184763,-0.26461328695078395,Benign
-0.24427302045255542,-0.3521696936937011,Benign
-0.18347343194175447,-0.2836630222603587,Benign
-0.2559078002958528,-0.24777604633998052,Benign
-0.20017877739762507,-0.21897985367029615,Benign
-0.1972816562445597,-0.11346137618223304,Benign
-0.1952290883414917,-0.23538024079192008,Benign
-0.21532586067454895,-0.29074599598799933,Benign
-0.19729820539257129,-0.2421061780177396,Benign
-0.1918356858673515,-0.2550670931907407,Benign
-0.25206876178830573,-0.3207036633993493,Benign
-0.24874679679119666,-0.355756989366157,Benign
-0.2510124012013531,-0.23142097533548328,Benign
-0.2502040350852666,-0.10450471844309409,Benign
-0.24646600169137642,-0.4045875814650112,Benign
-0.2451751968688598,-0.4167278770189951,Benign
-0.21347818721020095,-0.3455094181204599,Benign
-0.2005006228312342,-0.2218851655019527,Benign
-0.2892760531523578,-1.3308351237275606,Benign
-0.17894944210426794,-0.38816400658124633,Benign
-0.19183822832347147,-0.20170779806340883,Benign
-0.20282982324194634,-0.15695829551501228,Benign
-0.2145446592780345,-0.1780108784537201,Benign
-0.20027855615637857,-0.1815995577338068,Benign
-0.2003555863862138,-0.16142283400199622,Benign
-0.2272387664739487,-0.27070599358930075,Benign
-0.21928817902895023,-0.29323140560512734,Benign
-0.2119602473821759,-0.3120351891243541,Benign
-0.21307292316668125,-0.214771881297893,Benign
-0.2152048265007737,-0.2616706612124599,Benign
-0.2355349055663897,-0.195120931469746,Benign
-0.2532255684083604,-0.26407838679417667,Benign
-0.2520863397063642,-0.2854546142107231,Benign
-0.20015265629421336,-0.18857653148443704,Benign
-0.18866503307340102,-0.22446070094401793,Benign
-0.20155686648062116,-0.29029637284757803,Benign
-0.16632577604444881,-0.39033714220125715,Benign
-0.21802174425565368,-0.19165115765794058,Benign
-0.19314146510273114,-0.21109134762619527,Benign
-0.12926683215466392,-0.9302947661786812,Benign
-0.14012730114184285,-0.6541296133032775,Benign
-0.13043948670382072,-0.5260248054330118,Benign
-0.2184435092739707,-0.12612264128348355,Benign
1.5507636546147212,1.0749716457791851,Benign
-0.1972177911828609,-0.3052438613986547,Benign
-0.17459480910537,-0.3017337963925463,Benign
-0.2076631906400624,1.8117363582345691,Benign
-0.1746757053105013,-0.27754809028196314,Benign
-0.17444712815948563,-0.3344718269484767,Benign
-0.2512039360264101,-0.4099482010440962,Benign
-0.24845998345173406,0.5502331418959324,Benign
-0.21107083791133216,-0.27290393009663827,Benign
-0.20586581274015922,-0.22495177336735944,Benign
-0.20628086738066567,-0.17548265018988543,Benign
-0.2040200096081968,-0.1525462957757069,Benign
-0.2163440521814869,-0.41494335237543567,Benign
-0.2193209310609684,-0.2957056035917339,Benign
-0.2173902580932781,-0.3330137296592458,Benign
-0.23915958245083732,-0.4200000266407955,Benign
-0.2354857778474831,-0.133796347920869,Benign
-0.22070896687492633,-0.2199837325464334,Benign
-0.20345223773379242,-0.19306228986811177,Benign
-0.2527509457145267,-0.36913166024762306,Benign
-0.21033729027037343,-0.16617870736037188,Benign
-0.24162676255637622,-0.2622811046226767,Benign
-0.24089573546927032,0.18550191767116211,Benign
-0.21239245233002188,-0.26745370668368357,Benign
-0.20203116032986598,-0.292159330306423,Benign
-0.2212037763048433,-0.35674244428588814,Benign
-0.1858614913553433,-0.3449458801126654,Benign
-0.19072476688344023,-0.30089333994363826,Benign
-0.2585828906541876,-0.3156332611128187,Benign
-0.24393984132172905,-0.439856632090952,Benign
-0.24288472157328966,-0.3836593009908254,Benign
-0.22081127730040068,-0.22295781547199373,Benign
-0.22059513064276398,-0.26578899009285073,Benign
-0.20280612456596295,-0.30122107880635723,Benign
-0.2415913263117399,-0.30489645280035804,Benign
-0.22105809856655997,0.4323117013003201,Benign
-0.12145151005354894,-0.6560844838581922,Benign
-0.20609600451760138,-0.26020252399530724,Benign
-0.21220899144036326,-0.23542141861684904,Benign
-0.20234307216719669,-0.23480000039608012,Benign
-0.24702655006345675,-0.3747241678338554,Benign
-0.2104412655584709,-0.19252676314163178,Benign
-0.2107600111521702,-0.21134563090032543,Benign
-0.254196990984355,-0.32171095895850527,Benign
-0.20723792276345435,-0.11540805742044637,Benign
-0.2749324693877172,-0.2472113646820823,Benign
-0.20436096442082252,-0.10033230383447485,Benign
-0.2517502234894404,-0.26003431422968415,Benign
-0.25394081595552825,-0.3200121394585321,Benign
-0.18955947519205774,-0.489477062998073,Benign
-0.19240398506200646,-0.5470483654068515,Benign
-0.21068998740259745,-0.17039010908907723,Benign
-0.2509275249966352,-0.3498246927320872,Benign
-0.24962096780035054,-0.3770027034532172,Benign
-0.09242502221870866,-1.6217316651155025,Benign
-0.03185237492315749,-0.2964469444185204,Benign
-0.2020410272935622,-0.22360163951630097,Benign
-0.1893369323147862,-0.2649736143387644,Benign
-0.2402782904297402,-0.28059176416175613,Benign
-0.2155779500793894,-0.3634255772299993,Benign
-0.19088280742108604,-0.22249258380481163,Benign
-0.19973217340262564,-0.18010612278654523,Benign
-0.19933219638466232,-0.23527758094212908,Benign
-0.22163981511529604,-0.22221046626741986,Benign
-0.25473170778132703,-0.3045200446822358,Benign
-0.19985200225245675,-0.10437338861930681,Benign
-0.24856519375843128,-0.2507081496602202,Benign
-0.20978695727046426,-0.3263256400170634,Benign
-0.19963965968517788,1.8513472100302744,Benign
0.04951654703551128,-0.29837248786694437,Benign
-0.2534849768209547,-0.28932232506142747,Benign
-0.2530599373485883,-0.2763502205414799,Benign
-0.17664662099879982,-0.26987882706218524,Benign
-0.16224526278122908,-0.5976934735408408,Benign
-0.11942511180162765,-0.32216635479125777,Benign
-0.228064171368447,-0.4790256082405739,Benign
-0.20234043399890825,-0.17516901145225985,Benign
-0.18825443800576316,-0.27697690855384516,Benign
-0.2209508846572545,-0.27089942407685536,Benign
-0.20096787863260004,-0.26519409410511874,Benign
-0.2513400190037126,-0.2990713512995897,Benign
-0.21285233181870442,-0.16721274072394354,Benign
-0.2516183354579047,-0.3129140905004277,Benign
-0.19843416532760585,-0.18203859770891734,Benign
-0.19241440869483445,0.3605106955140919,Benign
-0.1843942932112345,-0.23984195375252326,Benign
-0.20894431143863357,-0.28724518909139685,Benign
-0.20318893370229615,-0.23200781344284438,Benign
-0.2204751408772084,-0.2971831395475599,Benign
-0.21920641329220578,-0.24809286905085204,Benign
-0.18953226946083357,-0.24366093791447296,Benign
-0.19810586688719356,-0.19056537830540296,Benign
-0.20476791563717375,-0.18565065999722005,Benign
-0.2468651647874815,-0.3895055396340147,Benign
-0.24564171991110334,-0.3852069187304533,Benign
1.573981888014679,-0.31135851872701864,Benign
-0.24463798389119898,-0.36500738482928574,Benign
-0.24979542662466742,-0.35892520374212167,Benign
-0.18167623960273024,-0.3151539609744287,Benign
-0.2026061407502277,-0.20315234515971572,Benign
-0.22995439951366864,-0.27964706377650234,Benign
-0.25454851962658703,-0.3122632442126007,Benign
-0.2242152958962797,-0.24838308974274642,Benign
-0.21312175909613923,-0.19784980996202217,Benign
-0.21866783415888771,-0.0731181093012679,Benign
-0.20327199091346723,-0.22685403911497642,Benign
-0.20379168076795498,-0.22200056937572174,Benign
-0.2004592894173518,-0.16386978342533173,Benign
-0.2001750146036047,-0.22258579079355745,Benign
0.44349616725365326,-1.6073482000576103,Benign
-0.1748312062546239,-0.9282087995572008,Benign
-0.14559956959177853,-1.0788698652559514,Benign
-0.25201673742634534,-0.1887471666746304,Benign
-0.23323664896617535,-0.2384551846586122,Benign
-0.2530924207283529,-0.24137813708934755,Benign
-0.2768970915313171,-0.236994448818041,Benign
-0.21988945365784962,0.695958949439297,Benign
-0.19658049115656515,-0.43220977262715216,Benign
-0.15640725323129312,-0.4229921971879087,Benign
-0.1549597004580011,0.07700702064951033,Benign
-0.1755744936492267,-0.4271894283442495,Benign
-0.18749535536368372,-0.22323066480199724,Benign
-0.18802292399222478,-0.14424158674296286,Benign
-0.24498655060567612,-0.3280081619597406,Benign
-0.21854966404243883,-0.35886516317593625,Benign
-0.21849517231436005,-0.3685095592929682,Benign
-0.21847437431745506,-0.3630204832252027,Benign
-0.24833720842195978,-0.2461677009464074,Benign
-0.20183257457584758,-0.2655932611637165,Benign
-0.21520931967819135,-0.20950685488143975,Benign
-0.25093143102752324,-0.19905874277024108,Benign
-0.24368379746014238,-0.29844189246915553,Benign
-0.24164145886146499,-0.41061737846841445,Benign
-0.25347923945791934,-0.2737439188248294,Benign
-0.2520239769210078,-0.32556741569912195,Benign
-0.25198977769155523,-0.34050306969082794,Benign
3.8295448580401117,-0.35135746803671297,Benign
-0.19724717626257515,-0.19941353372199572,Benign
-0.25435551819234786,-0.2995272904536435,Benign
-0.2540907774112101,-0.2756361110269788,Benign
-0.2048056398530507,-0.16578033623726818,Benign
1.5512602341043296,-0.5694124878237665,Benign
-0.201302193842709,0.09930818007062915,Benign
-0.25133230353562713,-0.23722981042459296,Benign
-0.23489911368725488,-0.0795681080150584,Benign
-0.1983601226731774,-0.18401661191074709,Benign
-0.22768287115167424,-0.4638729079672624,Benign
-0.16907691304502664,-0.43319050282858335,Benign
-0.16906147322443646,-0.43312797037159295,Benign
-0.22349118928249315,-0.32394981921765575,Benign
-0.21485149968287295,-0.16309461744970974,Benign
-0.20023363353766657,-0.19549604818256866,Benign
-0.2282175834494799,-0.5126071657131838,Benign
-0.20839920053647915,-0.17564666288834493,Benign
-0.19969406959884065,-0.02892787686186725,Benign
-0.1975107782918856,-0.22550968334912208,Benign
-0.2674463922704731,-0.3257089076333712,Benign
-0.2657659899301187,-0.41386996544222304,Benign
-0.2338199949033686,-0.2906105834587744,Benign
-0.2534545671810366,-0.3183399131203903,Benign
-0.2089974139935503,0.053448340117369535,Benign
-0.19739349736706605,-0.14940723231677489,Benign
-0.1800831994774668,-0.8736417438845372,Benign
-0.1781169892514718,-0.9901439642265973,Benign
-0.2097228287224442,-0.23776136865282288,Benign
-0.20587636823578798,-0.17680880901476526,Benign
-0.20918356981549022,-0.20351672223622394,Benign
-0.20839630159836464,-0.22341219365908327,Benign
-0.20614923928012277,-0.1928434377404434,Benign
-0.18104377107456082,-0.580667323455727,Benign
-0.22595838881873834,0.6109727212105616,Benign
-0.21528955587304033,0.027168628874882094,Benign
-0.21026283348366967,-0.2789829953874838,Benign
-0.19622428570802355,-0.19552256252579925,Benign
0.34867829490470914,-0.44313067270209533,Benign
-0.2592425189040447,0.03643997334321474,Benign
-0.27444066365803976,-0.25258502552149653,Benign
-0.05060526181631181,-1.83302280165385,Benign
-0.15805210131572567,-1.182456716679282,Benign
-0.24817012634291188,-0.25379082139455655,Benign
-0.1931428444320522,-0.23474394848909796,Benign
0.35535036607646914,-0.9990042802230977,Benign
-0.19708075780255013,-0.24676838708394103,Benign
-0.2305914706058415,-0.27291671786219135,Benign
-0.2041219492541867,-0.31839358882552965,Benign
-0.23604785602524295,-0.40683781112276424,Benign
-0.24417700715970067,-0.39940956411915796,Benign
-0.24005154101964038,-0.21680649272724453,Benign
-0.22151112324356445,-0.2826837902955528,Benign
-0.2353058269426923,-0.1830083176752754,Benign
-0.21939831829348427,-0.22893186696815665,Benign
-0.21993234578311077,-0.12850397237967925,Benign
-0.2547209690317003,-0.28130295329022226,Benign
-0.21655056343495896,-0.20447198652886356,Benign
-0.19776957635081535,-0.1360550094249062,Benign
-0.2528361177349351,-0.2948082111852473,Benign
-0.19999651541613594,-0.20782621299493156,Benign
-0.18515925651871576,-0.20610519591873966,Benign
-0.18551730296802663,0.25052677744098684,Benign
39.785590150928016,0.0883875827248957,Benign
39.77340450823962,1.2170871932235807,Benign
-0.24927495085471907,-0.34333663103578804,Benign
-0.21038690484314707,0.42414755326959175,Benign
1.5914597867626472,0.10527372448643287,Benign
-0.21423886219147054,-0.3164120002287465,Benign
-0.22119453093184444,0.2113460882026017,Benign
-0.21230606662117948,-0.16830369694693748,Benign
-0.23358579986907943,-0.4806459192069837,Benign
-0.23061564871156015,-0.5131843563433425,Benign
-0.22792073543259342,-0.14859263361460406,Benign
-0.23781833284231313,-0.3975125880905165,Benign
0.44787979842037284,-1.6981245713460718,Benign
0.4783664091391624,-1.6233628161105265,Benign
0.47844524150448203,-1.6219547266872036,Benign
-0.21674023325039765,-0.15447118043679325,Benign
-0.21782520606045278,-0.3589702445020267,Benign
-0.2619384155441199,-0.021177212625899045,Benign
-0.25800865667821576,-0.3782633155576202,Benign
-0.1858601305468832,-0.10826921971724843,Benign
-0.1580882904423078,-0.43202880531260224,Benign
-0.22063169228491927,-0.17949257591969306,Benign
-0.14076550771345223,-0.22410549172128397,Benign
0.4529649890470626,-1.7399544603771688,Benign
-0.21236268429428848,-0.27542322894920296,Benign
-0.189409210978053,-0.20263379635518652,Benign
-0.22971882032362345,-0.2889771344978517,Benign
-0.1931899112514704,-0.23586210458090276,Benign
-0.2002366625173699,-0.2249994420075804,Benign
-0.19511794695403678,-0.11451982823678647,Benign
-0.2127677997584877,1.4652405120670753,Benign
-0.2246839018540721,-0.30653202583505507,Benign
-0.2172605962211256,-0.5897452085204726,Benign
-0.2079643871548274,-0.2707462104729776,Benign
-0.22845524225431918,-0.25778346077332004,Benign
-0.2512784392821797,-0.2423206489636844,Benign
-0.2593251019849071,0.17013410863837997,Benign
-0.2077867019643052,-0.35099268261014455,Benign
-0.20536381315652916,-0.15845485576228138,Benign
-0.20637664429525832,-0.4078236895395762,Benign
-0.26809616124713365,1.6996466503690106,Benign
-0.25465678618526716,-0.3053600732454616,Benign
-0.1922270933502808,-0.11313254609236212,Benign
-0.23490057603987458,-0.34303209681585983,Benign
-0.2237885059642191,-0.316984984100544,Benign
-0.25004150870973096,-0.31782635815669047,Benign
-0.2240911844767626,-0.4107587141840098,Benign
-0.20987778749556518,-0.39695171343397057,Benign
-0.21289630898857634,-0.311460487095044,Benign
-0.24737280710300436,0.3149011003035649,Benign
-0.25772233841200315,-0.3820213481100808,Benign
-0.25656973395399457,-0.3607077948070303,Benign
-0.25669978675590577,-0.34082177726564783,Benign
-0.2565854906608982,-0.3592094552532014,Benign
-0.23059965180610936,-0.29399039090270107,Benign
-0.2480093529249936,-0.36607595093028483,Benign
-0.174267689176963,-0.43704240145829887,Benign
-0.2276064810292,-0.5203210794283204,Benign
-0.21956687159704888,-0.025100638167749274,Benign
-0.20378181971096224,-0.20288249939916744,Benign
-0.20366582756717022,-0.22221116319090686,Benign
-0.2539289556324285,-0.31940423737784357,Benign
-0.25399889622119887,-0.3006650038405359,Benign
-0.19878102113861743,-0.1923627802770864,Benign
-0.1870526801683215,-0.2586009514176949,Benign
-0.18139578173376,-0.26278093454234774,Benign
-0.24372326766698213,-0.41700295707030455,Benign
-0.24988252480018464,-0.35428537688319983,Benign
-0.25826441611738177,0.15875941607121127,Benign
0.34697247741367065,-0.640269552882931,Benign
0.35101033291106715,-0.6381034371886818,Benign
-0.24304933269529658,-0.4541321295001073,Benign
-0.22178423499198613,-0.5468228450902906,Benign
-0.1919235680487678,-0.20631658133546482,Benign
-0.23692416864218308,-0.21825153753654258,Benign
-0.22597951745890685,-0.2274609388693487,Benign
-0.22352934504929237,0.5625855432479079,Benign
-0.2050425513250905,0.5617186425862002,Benign
-0.24451253626567707,-0.39757733505223614,Benign
-0.19722067391145665,-0.3048555107357874,Benign
-0.1808583394535176,-0.35598303783647706,Benign
39.80404080744258,0.043795837141971605,Benign
-0.21954857815966133,-0.10673666220991423,Benign
-0.2278391235973065,-0.528198596837084,Benign
-0.21968549987382655,-0.2621407895017403,Benign
-0.23223982501253143,-0.2534844170261089,Benign
-0.20538264118503927,-0.2808369368872806,Benign
-0.2220334946636326,-0.5842250932770382,Benign
-0.22255307807767405,-0.5135906205838365,Benign
-0.22272696187172375,-0.3102833259992075,Benign
-0.25576716432596436,-0.32881852688669017,Benign
1.557481584116894,-0.41637537651202733,Benign
-0.23052132574007012,-0.2630417863051017,Benign
-0.16108975997064512,-0.6596918075104912,Benign
-0.15471954005501296,-0.46980637593033975,Benign
-0.20858517102811375,-0.3418491014397025,Benign
-0.20827293437534636,0.4491182799888262,Benign
-0.20195333197832563,-0.19770404943313422,Benign
-0.20049549230638306,-0.2340841300959858,Benign
-0.21246595416494773,-0.2611890917176869,Benign
-0.25506796366304957,-0.2851776368628281,Benign
-0.23030060870420485,-0.36258155416054944,Benign
-0.21366294764398572,-0.03398028198068231,Benign
-0.1845732581085682,-0.33399312596081454,Benign
0.07885304367499349,-0.30814887777900263,Benign
-0.15906677614246748,-0.6486487466588822,Benign
-0.24610941801278743,-0.2718098034922959,Benign
-0.24013151691312548,-0.3759140845781386,Benign
-0.23835634817189394,-0.46139008928447545,Benign
-0.2501348791105248,-0.2755498666173199,Benign
-0.24133671772947682,-0.42258266914200837,Benign
-0.19681444528998498,-0.30933508911235535,Benign
-0.1880803194327958,-0.27131731871094356,Benign
-0.20081805552379242,-0.19060250573644016,Benign
-0.24903147215177113,-0.3486146767793372,Benign
-0.20620027851118458,-0.18584654423180627,Benign
-0.2033551446050652,-0.25943113446455957,Benign
-0.2355509577474772,-0.04499179154644901,Benign
-0.21988887760332926,-0.2509828406470709,Benign
-0.25485504762094274,-0.3041267122481018,Benign
-0.2022646940950214,-0.10986790964818478,Benign
-0.2121119470909506,-0.25560384153102284,Benign
-0.25120453349309624,-0.31110967140794477,Benign
-0.24991430983686302,-0.3202983964844907,Benign
-0.21541559262689233,-0.29178509359136917,Benign
-0.05993742653498968,-1.0460255451993798,Benign
-0.11119661924465944,-0.5788977170080052,Benign
-0.21891721685847484,-0.3629526734236914,Benign
-0.21046076230167987,-0.35310224029170517,Benign
-0.19981539071199111,-0.35101697410911276,Benign
-0.2121779747139428,-0.3065471886418424,Benign
-0.19941470575236267,-0.3263503719566519,Benign
-0.20679383775375437,-0.1941996848698664,Benign
-0.2473375956991054,-0.40068878526539525,Benign
-0.24669149630529208,-0.3125265400420456,Benign
-0.24572483426351072,-0.3690141406478147,Benign
-0.25529004876283584,-0.26838560563593516,Benign
-0.2535938094343612,-0.3098888394168059,Benign
-0.2138555555623628,0.09833147348668451,Benign
-0.25576983202841364,-0.03155643000129331,Benign
-0.27169552182381507,0.5442692188616586,Benign
-0.2525211844750287,-0.26607829286239665,Benign
-0.2519201654339958,-0.24839150672995497,Benign
-0.21706072137161725,-0.623493136571663,Benign
-0.2150719107031252,-0.1227029499226529,Benign
-0.2475170086265136,-0.3453086617320869,Benign
-0.2130008837562785,-0.3329175619330194,Benign
-0.24961008385597605,-0.1578603758872128,Benign
-0.24928461682018044,-0.14665481292993351,Benign
-0.20389052207050024,-0.1985740880419955,Benign
-0.2549603122239122,-0.26356307058096007,Benign
-0.25579115754635984,-0.20283251153115947,Benign
-0.2051306726765416,-0.22222298025274073,Benign
-0.19985561650404035,-0.18196921578242065,Benign
-0.19809536607822598,-0.22724410995820313,Benign
-0.18916875262674604,-0.11069976136144151,Benign
-0.1885690111158714,-0.24952422150793532,Benign
-0.2494268867053368,-0.32419699410636416,Benign
-0.2121118809270123,-0.3177964537689275,Benign
-0.2298893785044215,-0.24559542730430028,Benign
-0.2464579016316276,-0.38521869328003217,Benign
-0.24820587855407722,-0.33495267316280286,Benign
-0.2165053502516466,-0.2111071345105438,Benign
-0.21390256958957937,-0.30449623059792064,Benign
-0.25760044611670496,-0.3537551595915062,Benign
-0.2543853317437425,-0.3275513938735233,Benign
-0.25335001422185555,-0.30469165810418186,Benign
-0.2016472347486482,-0.2593196154817186,Benign
-0.22558139863908847,-0.28563173997655633,Benign
-0.21060876443122759,-0.3003976602318719,Benign
-0.21036541619079835,-0.22867661466413575,Benign
-0.2334764665221474,-0.28577999887817973,Benign
39.85976444323949,0.12535381373305693,Benign
-0.25235512873149596,-0.2931813364458399,Benign
-0.25202495261331903,-0.2382910673378864,Benign
-0.2041520053593275,-0.22340762117354765,Benign
-0.22058970538261846,-0.27998080588122676,Benign
-0.2004594213288382,-0.29769262644019673,Benign
-0.2005662568298697,-0.2787359674299894,Benign
-0.2058497018199185,-0.22312207794008265,Benign
-0.2550800369811393,-0.2989202192573328,Benign
-0.1985061581800201,-0.2255322863718472,Benign
-0.22920338642318064,-0.2344540164137066,Benign
-0.21434321061910994,-0.21672969252634633,Benign
-0.206278346931659,-0.2115814071082451,Benign
-0.21419065201855533,-0.2157388215692601,Benign
-0.20387045203214318,-0.2039895819424547,Benign
-0.20462299077487678,0.835094778325153,Benign
-0.1797685497776632,-0.2801652236644342,Benign
-0.20677105201412396,-0.23020127349112562,Benign
-0.20043947716553087,-0.2477113026688863,Benign
-0.2542705318215304,-0.30421653796972004,Benign
0.08477036344744195,-0.6032903181165938,Benign
-0.16273172691205912,-1.0684474362782965,Benign
-0.16168182095055242,-1.0417816578289336,Benign
-0.1613775528250728,-1.0768887548743677,Benign
-0.22991385952094068,-0.4535590778873822,Benign
-0.2632557384403522,-0.34647832501446096,Benign
-0.20168060219855247,-0.22939345401382213,Benign
-0.2545880819324025,-0.3564062867112618,Benign
-0.19619207894878035,-0.24437179107837229,Benign
-0.014326867551319247,-2.0285063199527573,Benign
-0.2036771642944203,-0.21429770496865538,Benign
-0.23623664526711846,-0.5528228102167678,Benign
-0.2544172189482944,-0.3079819643996618,Benign
-0.19210405852301687,0.4352608320228653,Benign
-0.1887302230537623,-0.2462385534254675,Benign
-0.2052550244846009,-0.23340449437371522,Benign
-0.2115027874830819,-0.17945076175487112,Benign
-0.22310820273636073,-0.49826805447332406,Benign
-0.24156103180440167,-0.3840605191310969,Benign
-0.21325323604122737,-0.1674020915298511,Benign
-0.21361985975769526,-0.14195780244331016,Benign
-0.2547582852593415,-0.29723520957752847,Benign
-0.21589988731339466,-0.20157306669482017,Benign
-0.08128251876597005,-1.3713347283411679,Benign
-0.16348193823409715,-0.9371233845053517,Benign
-0.24658084370110703,-0.14613029729335864,Benign
-0.22448637861237852,0.8479167445987278,Benign
-0.20058391751912674,-0.25238884487220853,Benign
-0.25315100381025024,-0.33915377156049065,Benign
-0.20440406690467264,-0.08783277420190128,Benign
-0.1964967791987388,-0.14922107809206814,Benign
-0.2543804410929276,-0.28177069129374865,Benign
-0.2536983088172156,-0.21160697598059972,Benign
-0.21623360774531908,-0.5672721260407491,Benign
-0.22306284457672013,-0.3310852807262957,Benign
-0.19401353165399948,-0.25375565208689893,Benign
-0.18951483000135794,-0.2851455423528281,Benign
-0.18884531576832642,-0.31597694509862284,Benign
-0.2045008951066161,-0.2051569119817386,Benign
-0.22957054497101922,-0.31039346900556125,Benign
-0.23397133003199885,-0.4294485273907497,Benign
-0.17215239768531018,-0.43421955672282025,Benign
-0.24249328300186526,-0.4074318819296952,Benign
-0.24636805694414746,-0.14070897598389032,Benign
-0.24349116746806215,-0.3607686316747239,Benign
-0.1887597476859765,-0.23554808552320644,Benign
-0.21157618788299645,-0.17146276965432955,Benign
-0.20658351362659877,-0.19887192343518387,Benign
-0.2129674503944344,-0.15426042664413495,Benign
-0.21702359465592697,-0.204958321537665,Benign
-0.1933576269986239,-0.22876369569665825,Benign
-0.21382493510186204,-0.2821949078664843,Benign
-0.17126687583099226,-0.2271202560942849,Benign
-0.2544328922246977,-0.2990155583703189,Benign
-0.20032616121217514,-0.2505809075737736,Benign
-0.25220345046577514,-0.3409783401739669,Benign
-0.20640224262519047,-0.24483955112028644,Benign
-0.2528295248022044,-0.30220984751195756,Benign
-0.17981121932462096,-0.39779990018081074,Benign
-0.18927591891325796,-0.3394867238338891,Benign
-0.16944906507118113,-0.32482948442098175,Benign
-0.1670731338672814,0.07293422389658528,Benign
-0.18017557831048023,-0.3531521305868806,Benign
-0.16867964452765807,-0.06702931630200046,Benign
-0.20092741077395418,-0.2393968537699869,Benign
-0.1834626486390344,-0.24303718289091233,Benign
-0.24099430064849825,-0.3976748293224568,Benign
-0.19668978084920105,-0.18686387903119592,Benign
-0.23007333850907477,-0.21455225100440015,Benign
-0.22160184228041765,-0.2815584468277658,Benign
0.06112769494351632,-0.2979509802400296,Benign
0.06389834634126884,-0.29814864864551577,Benign
-0.20788901830478765,-0.2160585255166835,Benign
-0.20038212146729456,0.029913596021333467,Benign
-0.19818732051833052,-0.18767708381925158,Benign
-0.1333156642556847,-1.18683868503227,Benign
-0.12214126890083335,-1.246381832949985,Benign
-0.11608194970122392,-1.230959170065659,Benign
-0.23283316110945934,0.501892393951272,Benign
-0.22155156685931157,-0.21318658482967717,Benign
-0.19821980056714186,-0.15599606946024033,Benign
-0.24838389796628413,-0.368743304663069,Benign
-0.2048908192687671,-0.7550540127959087,Benign
-0.19002195117761234,-0.21674631679468456,Benign
-0.2124322015147025,-0.21316147870657323,Benign
-0.19821980724501212,-0.21735042258509596,Benign
-0.24092672333976028,-0.2436748430671425,Benign
0.18088470743039808,-0.31984059112591173,Benign
0.1819774779995863,-0.26148363156520943,Benign
-0.2544399244471873,-0.24317258482693727,Benign
-0.25365503290643604,-0.30550636739263776,Benign
-0.23033596583513538,-0.24862297476627465,Benign
-0.2543082043463541,-0.3095306417613939,Benign
-0.22742874262596138,-0.2511220431713223,Benign
-0.2080950466286394,-0.17488224949901318,Benign
-0.19974457987668753,-0.20631875229813157,Benign
-0.2168753648832642,-0.3008104393385996,Benign
-0.20206520063707598,-0.16036959474137627,Benign
-0.2554485019469618,-0.3263626223694221,Benign
-0.2503425073510725,-0.3510381327092309,Benign
-0.20443128119710438,-0.1893671173762218,Benign
-0.2125996399351239,-0.027894390452449146,Benign
-0.236171497680501,-0.47844917497108774,Benign
-0.22427020807849846,-0.272240557751466,Benign
-0.22170863682786882,-0.27621213355503943,Benign
-0.20956749591979537,-0.2529079662789059,Benign
-0.2123915363082038,-0.2674388425959771,Benign
-0.21243196447025692,-0.2568126154432636,Benign
-0.20649513727086619,-0.20794044975965584,Benign
-0.22486870610006415,0.12256051177576428,Benign
-0.2172013547816918,0.09719379068460679,Benign
-0.2360202298168727,-0.5002520483374574,Benign
-0.17782708075364628,-0.4447753226429028,Benign
-0.17089321134760407,-0.5280754482945502,Benign
-0.17096095072064657,-0.49429615243809705,Benign
-0.24756786745364884,-0.3965144120062823,Benign
-0.22529493804520687,-0.5712157556300799,Benign
-0.23628712899033213,-0.16571444441295055,Benign
-0.19971576878887232,-0.2642813512378074,Benign
41.8999371135498,0.006471462494071915,Benign
-0.20082694088058778,-0.23553994298065464,Benign
-0.27550113894869194,-0.20346244608260763,Benign
-0.23138497249367992,-0.22908160310259154,Benign
-0.24686324379906133,0.5564765515740724,Benign
-0.2441399993679249,-0.40341617215577313,Benign
-0.2493856459119862,-0.36057169428873337,Benign
-0.25471337455920984,-0.335931203919133,Benign
-0.20223382626590353,0.27052671045790105,Benign
-0.176615774426906,-0.3657720771856491,Benign
-0.24792562505650084,-0.32382169645097914,Benign
-0.23654955436542854,-0.2784994697581129,Benign
-0.2079498365619154,-0.3324056091796893,Benign
-0.2057119498858851,-0.36840197322695717,Benign
-0.20830106754522107,-0.2418348535598446,Benign
-0.24595119643518007,-0.331234126678204,Benign
-0.22610470810564584,-0.5470378968460954,Benign
-0.1986812495383725,-0.1015160684235109,Benign
-0.25439824959070173,-0.2869283539080144,Benign
-0.25140797692738,-0.33384542848650606,Benign
-0.23168725384872402,-0.24811480339596406,Benign
-0.24851617781318752,-0.3280632871465181,Benign
-0.18303609041048055,-0.24478480827385257,Benign
-0.18010341535025812,-0.2900870330022937,Benign
-0.19556295771393195,-0.1638922130407875,Benign
-0.2064365352442872,-0.21918775343621755,Benign
-0.25080979759541455,-0.39109284566543934,Benign
-0.20911090832806023,-0.23966012730752,Benign
-0.21757638193408127,-0.20471512182360796,Benign
-0.221436965182714,-0.3151063611063412,Benign
-0.19915884704823542,-0.2649793546322859,Benign
-0.17974496286173916,-0.22668903211762667,Benign
-0.2521852859085477,-0.21710201742903265,Benign
-0.25027463384057375,-0.32555397219955096,Benign
-0.20772496234263746,-0.21890551803358907,Benign
-0.2601599285032688,1.232735777453826,Benign
-0.2471172286661224,-0.3712249052973755,Benign
-0.23713613538505954,0.000918138533281036,Benign
-0.2192146604985566,-0.2727293605527096,Benign
-0.2030075312078641,-0.15368489083497797,Benign
-0.19528644589577557,-0.18821000444751226,Benign
-0.21525812863982002,0.01983538933019108,Benign
-0.2100226380519001,-0.4336405996645198,Benign
-0.20665132484479204,-0.1869399791260358,Benign
-0.19951015956185317,-0.11884162598310656,Benign
-0.2502990936305345,-0.32940316141429626,Benign
39.8601760730777,0.13655264055950891,Benign
-0.21076788688917472,-0.5025787893373876,Benign
-0.22019723386820503,-0.3762515449835634,Benign
-0.23798929397849022,-0.2212500636552015,Benign
-0.22653296892204045,-0.09068531136522957,Benign
-0.2200694752848297,-0.2003025332713521,Benign
-0.21239153702328717,-0.26743885419948044,Benign
-0.20235977605492778,-0.25797158897004524,Benign
-0.20214179483014552,-0.2658242526214342,Benign
-0.2344015002730162,-0.24104842060410747,Benign
-0.20368182749620933,-0.2318462017245188,Benign
-0.1724972573053819,-1.0022467719235302,Benign
-0.24776402202872955,-0.3630071449905625,Benign
-0.2520590895353055,-0.29019068542668497,Benign
-0.14197201497161388,-0.9686276920243764,Benign
-0.20403887772693552,-0.21356596718734408,Benign
-0.24893560750059757,-0.336783417042697,Benign
-0.19567980807314395,-0.08975505462308737,Benign
-0.18577490042040176,-0.19193272320444302,Benign
1.5760937696720705,-0.35913719076550893,Benign
-0.18916928902564142,-0.1286784029990152,Benign
-0.1692813618941955,-0.7686446052625292,Benign
-0.12343818650915779,-0.7677659693149558,Benign
-0.1924958188470763,-0.4842842921529695,Benign
-0.16399894197102205,-0.46934229614668344,Benign
-0.16429273916713572,-0.41104054868475176,Benign
-0.21633314301429085,-0.18367280457298507,Benign
-0.20554443723420482,-0.19945095836851817,Benign
-0.21478315249238253,-0.2598044095776009,Benign
-0.19477096471122843,-0.25767456196591415,Benign
-0.19493892217481862,-0.26088326212143853,Benign
-0.23025797950930116,-0.2785985864223952,Benign
-0.19726615630973596,-0.29475213234694914,Benign
-0.2462262837248815,-0.3731437210674611,Benign
-0.24272360946026458,-0.3978564987565975,Benign
-0.23119436776880975,-0.16887633062093552,Benign
-0.21967692127477345,-0.24906904280628336,Benign
-0.19351407854328784,-0.2141076741778693,Benign
-0.19352689210318322,-0.2153939661761047,Benign
-0.2026740568021764,-0.2965336347926202,Benign
-0.16333299211015687,-0.8257580861189776,Benign
-0.21593573949052855,-0.4606467305475174,Benign
27.145339759057613,-0.38649828321250096,Benign
-0.20854776415548207,-0.6713614135167171,Benign
-0.20918341532120266,-0.6729784347498035,Benign
-0.19619150824063394,-0.15849961000770282,Benign
-0.18702000381098788,-0.2665145957883079,Benign
-0.18148196262195573,-0.22235222043357436,Benign
-0.19854065840754495,-0.30245383021771605,Benign
-0.1844324667054252,-0.28420012247831694,Benign
-0.23600677593613867,0.38987968286601676,Benign
-0.19905046136601842,-0.1974985236666544,Benign
-0.24857588404065373,-0.2984932797872818,Benign
-0.25335666325542816,-0.256840688980406,Benign
-0.25512692567217454,-0.27570596589609414,Benign
-0.24308490006434633,-0.40801031423624184,Benign
-0.24197187527009878,-0.3930633209122967,Benign
-0.25282477354584704,-0.25432231536520833,Benign
-0.21477537448231382,-0.2380901919999964,Benign
-0.25785704471257437,-0.25706979181529593,Benign
-0.1942450632770001,-0.22281641264908392,Benign
-0.25548175292372066,-0.08372127950314644,Benign
-0.25315720636900013,-0.3054184633000176,Benign
-0.25221637052583934,-0.32208965704633863,Benign
-0.23033429890854204,-0.6780387604303068,Benign
-0.2193794397825659,-0.22711873695253193,Benign
-0.2545545631785202,-0.25806965215897737,Benign
-0.21199285540651322,-0.22062728311755586,Benign
-0.2055254613083982,-0.2301514346734908,Benign
-0.24518360552015936,-0.6786363663307095,Benign
-0.21946267738755065,-0.7009840619605348,Benign
-0.20784414660388864,-0.23981842067142028,Benign
-0.2549777480280254,-0.2864647412634589,Benign
-0.21968166279067095,-0.1980653081933447,Benign
-0.20281661688303906,-0.24189406887168372,Benign
-0.18883024021253828,-0.4719230943358731,Benign
-0.19702344445604655,-0.270424385431735,Benign
-0.22330356486349567,-0.3863665658311945,Benign
0.1810429221302697,-0.37274163129401205,Benign
-0.19516663174692817,-0.20057638671408923,Benign
-0.2094262289159823,-0.36350139141064763,Benign
-0.20844303375884954,-0.3001258493026344,Benign
-0.19003699293106593,-0.14712358206827528,Benign
-0.19002778170799803,-0.19772343405503506,Benign
-0.22093501575761243,-0.29829711122792985,Benign
-0.20826481546294467,-0.30800526007228973,Benign
-0.19205209240194143,-0.27920303276544084,Benign
-0.15662739688542046,-1.182539472707145,Benign
-0.20655681498867556,-0.18535404234478267,Benign
-0.22409654557247627,-0.3048749871280228,Benign
-0.25944914215025006,-0.3413422917408276,Benign
-0.2553582367625922,-0.297148263975083,Benign
-0.25521251351381347,-0.3164025404701719,Benign
-0.19996406060007324,-0.11300263030421091,Benign
-0.19932135343114946,-0.2445935392980575,Benign
-0.1931987305707691,-0.23045806295774987,Benign
-0.1988003728882337,-0.2571144381318123,Benign
-0.21461456338949603,-0.22200985272184695,Benign
-0.24790579099558563,0.26784649444226755,Benign
-0.15967228946843076,-0.7206160957787756,Benign
-0.2090513823221353,-0.14335149554887228,Benign
-0.1925752375429665,-0.24079596363437353,Benign
-0.2519455537149887,-0.3339179389120643,Benign
-0.225122916684286,-0.2618633857619191,Benign
-0.2243880021054813,-0.022482681260172013,Benign
-0.1955717681037615,-0.3570228683847998,Benign
-0.19727719804565205,-0.1533923849490129,Benign
-0.21104823121238983,-0.3361197143989489,Benign
-0.2549769599276674,-0.4749713312995343,Benign
-0.21167928848598802,-0.1348987137759645,Benign
-0.23878824426450365,-0.4338987669718776,Benign
-0.19186430591717643,-0.2165733416840775,Benign
-0.21457655716107615,-0.3389267738704578,Benign
-0.18452894605453882,-0.2448556782786615,Benign
-0.2167935379285184,0.8378480392761002,Benign
-0.19844373883676467,-0.21357110002344373,Benign
-0.224083471077582,-0.21965411270413723,Benign
-0.23847776676486326,-0.20155899802258528,Benign
-0.20696133450406692,-0.17832227953839233,Benign
-0.20498983756706793,-0.11550794524186801,Benign
-0.255170525837313,-0.3013036241632611,Benign
-0.23241867581247747,-0.29123726214326184,Benign
-0.2449316622551865,-0.4510658121951749,Benign
-0.24383276294420764,-0.436337060842416,Benign
-0.23388039281854175,-0.29133319253194156,Benign
-0.24793805788645784,-0.3133475623285991,Benign
-0.20205977569771627,-0.7336795589538453,Benign
-0.15709922448934485,-0.6807145793813915,Benign
-0.24328425773123877,-0.38567101542847915,Benign
-0.24824376988214714,-0.35351249062192797,Benign
-0.20596280243960188,-1.105477628243396,Benign
-0.2241196249694022,-0.3379337821205376,Benign
-0.18307375315261745,-0.23736917049891354,Benign
-0.18145561506359484,-0.21095741765588769,Benign
5.2127146528933945,-1.4200534189334166,Benign
-0.06624354969295797,-1.3329172721597253,Benign
-0.1688773522942057,-0.6319747630190646,Benign
-0.13766806100086365,-0.6344912336782152,Benign
-0.21248676494260096,-0.5880403119526826,Benign
-0.04943998028918933,-1.359161817198107,Benign
-0.07496212220287271,-1.3916565091640793,Benign
-0.21127459321522835,-0.19104945009813834,Benign
-0.20777954520433764,-0.15005924180180252,Benign
-0.25522315343448737,-0.33190136231049966,Benign
0.3989367784987631,-1.259550480055179,Benign
-0.19812474730621463,-0.20816072534394425,Benign
-0.18576287513941755,-0.2731156186096771,Benign
-0.21462088888138983,-0.20461623099360826,Benign
-0.18689271571017935,-0.2763497494791743,Benign
-0.24806596976643291,-0.26778460157996525,Benign
-0.21290969363141354,-0.28272371079495073,Benign
-0.22443431706872663,-0.2604225568582804,Benign
-0.21985362947848805,-0.30883001356234135,Benign
-0.22051089830558965,-0.1695094628140834,Benign
-0.2549566196175429,-0.30932364686668673,Benign
-0.19930326986646246,-0.28467524164337216,Benign
-0.21379093501466084,-0.3748831384245701,Benign
-0.21888078469627856,-0.2599712565939522,Benign
-0.21174440767695507,0.07723686106069969,Benign
-0.19563036635634617,-0.3261502548099628,Benign
-0.17914204343763887,-0.34436519059262666,Benign
-0.2148642094737222,-0.03387899173001497,Benign
-0.20654269447122148,-0.18439579111570537,Benign
-0.19691184026202407,-0.13503854073278093,Benign
-0.22919266640573266,-0.1639550253598391,Benign
-0.2462860139775118,-0.39720192848258856,Benign
-0.197674256176311,-0.3329161796063664,Benign
-0.19401385747298833,-0.42152866626173674,Benign
-0.24036127012713848,-0.3627047008083684,Benign
-0.24351113555946938,-0.24981649038631074,Benign
-0.17547415599132674,0.508149907511813,Benign
-0.24136480783045092,-0.34551762455981216,Benign
-0.20640536927547376,-0.24476414490176648,Benign
-0.21535778642079684,-0.16631318507793116,Benign
-0.2515094436514193,-0.3216417828598175,Benign
-0.10071950791414716,-0.10183594294792019,Benign
-0.1793135940505428,-0.49847598823990463,Benign
-0.2025689375057269,-0.2048567743809984,Benign
-0.19155278346165946,-0.20952223382141402,Benign
-0.2553292718642737,-0.29967412945998334,Benign
-0.25194885288251795,-0.31186704107981295,Benign
-0.23795085216596146,-0.22541167139960075,Benign
-0.2542180262981404,-0.18584366226206547,Benign
-0.24268815651674852,-0.3734299091303001,Benign
-0.24830564650575532,-0.16289817494289607,Benign
-0.19495476646304907,-0.2140002752801888,Benign
-0.21036400470343944,-0.34242152521950736,Benign
-0.19229946236872447,0.005147631145865602,Benign
-0.2016220384405361,-0.2502065061049992,Benign
-0.2490731336355716,-0.34758666292390406,Benign
-0.22890003913207724,-0.22899742148947513,Benign
-0.1740831491675236,-0.4630432789175019,Benign
-0.20111942657991924,-0.30150407199259327,Benign
-0.20572350379916687,-0.13220630406283168,Benign
-0.20155861725399446,0.11193094801735919,Benign
-0.22016492461777182,-0.23078316015190944,Benign
-0.20570216609792252,0.7699410961910345,Benign
-0.2494715370728794,-0.33031252398877486,Benign
-0.22579282994812577,-0.26448745917022065,Benign
-0.2503079849040394,-0.3231828849954149,Benign
-0.17817651526003125,-0.2773483718227122,Benign
-0.1720468090951322,-0.2529679157603057,Benign
-0.17187872644366506,-0.2166131416720941,Benign
-0.19908038483664625,-0.1887518769323985,Benign
-0.186979422285113,-0.20262862810791776,Benign
-0.19010411955038622,-0.2610316541430476,Benign
-0.18510534442917542,-0.25363753084363194,Benign
-0.20339734039729598,-0.26104649377161127,Benign
-0.15956093391999612,-1.0612446071117356,Benign
-0.20295525069873724,-0.24527658450738152,Benign
-0.21230968606069323,-0.3506183900134021,Benign
-0.16006111425502315,-0.7954523883727233,Benign
-0.16327554251934134,-0.5591143170880432,Benign
-0.1495721755724568,-0.5957994036414844,Benign
-0.15877531810695494,-0.5110586715847397,Benign
-0.15052015205069277,-0.5904040536381578,Benign
-0.21942374091033467,-0.5767439249938325,Benign
-0.20764244000091936,-0.18753803501713673,Benign
-0.20789871429553036,-0.18997022422293783,Benign
0.04169635404727793,-2.3353379455371512,Benign
-0.12979891719026393,-1.0714369738669385,Benign
-0.12848543677947385,-1.0973066911355067,Benign
-0.10396561316690252,-0.9290848443593411,Benign
0.29888582342846215,-0.31588006841149896,Benign
0.31071552347273457,-0.24796755686209926,Benign
-0.20605157155506296,-0.2330749603647653,Benign
-0.20783240075254547,-0.2589752449134035,Benign
-0.19049627216634407,-0.2598083856124156,Benign
-0.20094106840643372,-0.17267317659482817,Benign
-0.23770835374730975,-0.45545361096136117,Benign
-0.20755698541636874,-0.3192339070540689,Benign
0.31053324637200597,-0.4570810371111044,Benign
-0.18784299027025972,-0.24412257430548995,Benign
-0.1884560884330811,-0.30717297856955383,Benign
-0.05716842060986898,-0.25994524207511005,Benign
-0.20617136104554082,-0.2551608766661,Benign
-0.18878345163748067,-0.23330545781869738,Benign
-0.21276675933286537,-0.24196467999971474,Benign
-0.21381789294213646,-0.2829074176488602,Benign
-0.20812346763731673,-0.202507486830817,Benign
-0.1961000253900212,-0.16784281122325445,Benign
-0.18606493264988988,-0.2714905333607843,Benign
-0.22503241449066058,-0.2527046299959852,Benign
-0.2541614165275572,-0.3257735876249823,Benign
-0.20430915993378143,-0.20439102766334613,Benign
-0.19784080884843927,-0.24249460342633902,Benign
-0.2538966040734736,-0.3237698521143685,Benign
-0.1931905045719179,-0.17832750518438975,Benign
-0.21217327354412374,-0.056348925976478934,Benign
-0.2412060240255989,-0.3091820091660276,Benign
-0.21761799129216366,-0.2648466069366878,Benign
-0.25866538189125476,-0.3491506310465177,Benign
-0.25763381197203594,-0.3501590532570001,Benign
-0.2048639442089253,0.16731511195276763,Benign
-0.2848647890932519,-0.8199385095527051,Benign
-0.21904184730373522,-0.5011517726265058,Benign
-0.2157662808665046,-0.4469261935651592,Benign
-0.21435769424316314,-0.5840135412831238,Benign
-0.20989139685799266,-0.6446311663228935,Benign
-0.20900306460212428,-0.5776504955834093,Benign
-0.2041647916023939,-0.2821141276918836,Benign
-0.19747391722426164,-0.4524035359008992,Benign
-0.20290840055978318,-0.13980469699766365,Benign
-0.24882425539140252,-0.35711599866453575,Benign
-0.252435460413021,-0.1774135705829484,Benign
-0.21341204634485808,-0.2770737743403264,Benign
-0.2417260130721002,-0.3503658480904831,Benign
-0.20667814564248513,-0.2564066478859535,Benign
-0.1759866684423847,-0.33845506133701386,Benign
-0.22375365792213003,-0.25638192577073365,Benign
-0.2125506414053757,-0.24503290479749484,Benign
-0.2500318368186359,-0.23369092741628752,Benign
-0.17281846590430475,-0.7617673470385222,Benign
-0.19628530178124987,-0.26207525199962617,Benign
-0.18391829614282212,-0.2182221999789325,Benign
25.990923735242596,-0.12367678754434631,Benign
25.992085062188508,-0.10982461413977669,Benign
25.992076313972824,-0.10851253105174324,Benign
-0.1876795185125996,-0.2700923055999527,Benign
-0.18828854107850335,-0.20879796011948412,Benign
-0.20733993417555566,-0.16649026142663081,Benign
-0.1955604880673293,-0.27845751031331223,Benign
-0.19088445609671673,-0.2185542151801518,Benign
-0.1935537548827162,-0.13118392396569414,Benign
-0.2543831776865903,-0.2804667293880527,Benign
-0.22588063897499466,-0.34072652316142316,Benign
-0.19567723901099263,-0.12053961182171644,Benign
-0.18544535634506154,-0.2113603394467896,Benign
-0.19187363463845106,-0.17694140875129036,Benign
-0.18974933693982277,-0.2012120574382453,Benign
-0.23005682132435223,-0.21968884625838797,Benign
-0.24527155173875126,-0.7292695715569341,Benign
-0.21887380099274545,-0.6372733806084704,Benign
-0.1984863509580138,-0.30681471507141955,Benign
-0.19623609372205694,-0.4747597658585466,Benign
-0.22146384008990186,0.03546388101009846,Benign
-0.2074919098790615,-0.23378513566282574,Benign
-0.20750248433514296,-0.23387550076310523,Benign
-0.23381496161130808,-0.3049291089190043,Benign
-0.19762624433313142,-0.2160184973672029,Benign
-0.19937128928968445,-0.6899996197755521,Benign
-0.13390233591673475,-0.27809632039997684,Benign
-0.1176348263656616,-0.2739332749537809,Benign
-0.1970069254846628,-0.22304248034062565,Benign
-0.21233228904427676,-0.2810450450571408,Benign
-0.20792446189316002,-0.23173842041977055,Benign
-0.22685319644292304,-0.7120407822384236,Benign
-0.21864774261907002,-0.5806072617771726,Benign
-0.19518403193203615,-0.37294760905038243,Benign
-0.20120079806372093,-0.12306847091056539,Benign
-0.24759258974215265,-0.28770842757702386,Benign
-0.23668196743487876,0.3213832653514157,Benign
-0.24500731269564355,-0.38485812843137585,Benign
-0.19171613001488733,-0.6278494816430065,Benign
-0.19458805331516793,-0.7341582263420771,Benign
-0.16804451453946728,-0.5922495079306619,Benign
-0.2123981022536618,-0.26496178030319506,Benign
-0.2167070551247206,-0.18981821190794557,Benign
-0.2138404590338489,-0.25781119067166036,Benign
-0.2029788644497347,-0.1291905146997778,Benign
-0.25339642516644595,-0.1940316130646784,Benign
-0.25172007154441617,-0.31549669370541256,Benign
-0.25812834036351123,0.21919785708855505,Benign
-0.2517095021665013,-0.31608064189397844,Benign
-0.20144938303684348,-0.17308019204459202,Benign
-0.20109454145762296,-0.2134455481524708,Benign
-0.19397237736361664,-0.06903433622657318,Benign
-0.19825916742270733,-0.3075279498779632,Benign
-0.2752553663278989,-0.22941473611541519,Benign
-0.23402389301174975,-0.2559429225759574,Benign
-0.20835955278407575,-0.28526993111266474,Benign
-0.2250892095506462,0.5614349150450234,Benign
-0.2086496614435075,-0.3525599954932446,Benign
-0.24969908864707957,-0.3176569103162423,Benign
-0.2270654465361098,-0.29136820255722756,Benign
-0.19102569447629789,-0.2023843910337126,Benign
-0.19649120142668638,-0.22170205208625426,Benign
-0.25319748516980806,-0.2735477189899453,Benign
-0.20839518876459026,-0.28370039693867694,Benign
-0.18438869509740166,-0.2641384169196753,Benign
-0.18501546954123843,-0.18845219278044686,Benign
-0.21020199116450516,0.2926884452149837,Benign
-0.22730557784306862,-0.2729839353338759,Benign
-0.2601399174125315,0.19877229500629875,Benign
-0.2527454576333068,-0.3299001961160021,Benign
-0.19444228123282614,-0.47081108939912886,Benign
-0.19534054030943868,-0.31334204670635807,Benign
-0.14039619346247606,-1.1065730322213594,Benign
-0.16324721554332128,-0.6625161472535297,Benign
-0.1969629537089604,-0.0796952061710757,Benign
-0.21310081408420134,-0.24307811376405014,Benign
-0.16475763681022504,-1.1214327163002182,Benign
-0.11707549117707915,-1.0737144709298525,Benign
-0.2389107248134793,1.1677657804553019,Benign
-0.23639515667529204,-0.26476684588284854,Benign
-0.23630085343748425,-0.3230261156778819,Benign
-0.23314695545115424,-0.44893504059789024,Benign
-0.24713710701445762,-0.23672129049475787,Benign
-0.2541547537839101,-0.3006516321072598,Benign
-0.20591604687526693,-0.23937019726412864,Benign
-0.08009740818058983,-1.7908617756489016,Benign
-0.21344438445096886,0.06801248014593393,Benign
-0.20389962312283644,-0.08512506092327247,Benign
-0.2030789380273536,-0.20510465078149182,Benign
-0.1787623058166114,-0.9948487859794787,Benign
-0.20384055895908737,-0.20898868160292836,Benign
-0.2755384918494972,-0.1755666192291492,Benign
-0.24758188523082242,-0.3479842279073386,Benign
-0.2462660152017323,-0.3564474871699297,Benign
-0.21457060186143112,-0.5767971889988323,Benign
-0.1989813724478713,-0.1273490626134379,Benign
-0.1910298735291217,-0.2889752063354361,Benign
-0.20746254722268678,-0.1958679453066178,Benign
-0.1903332789010375,-0.3435809571305405,Benign
-0.22823292123931932,-0.300931847688067,Benign
-0.21073998867812263,-0.22816244216140724,Benign
-0.18352149380150945,-0.20253227622632888,Benign
55.631670613221715,-0.017286764472930722,Benign
55.64413728354143,0.09556417314425576,Benign
55.64496323545685,-0.04044995799433145,Benign
-0.23167187590029878,-0.24817379806389364,Benign
-0.25231095422181693,-0.31168088748585454,Benign
-0.2546000695719461,-0.3059674232914,Benign
-0.20557336774687796,-0.19457766400135035,Benign
-0.18954618288255384,-0.1396108870194456,Benign
-0.1871093817973369,-0.19696023885804895,Benign
-0.2543230815765885,-0.2023998274879578,Benign
-0.25200340781732034,-0.3191108220311861,Benign
-0.24772747811923418,-0.34120241827351167,Benign
-0.18356755035187056,-0.11346428538991332,Benign
-0.24760090832513187,-0.3961347199894375,Benign
-0.21691291134743554,-0.2647668842932618,Benign
-0.2495004952296685,-0.3485222392061323,Benign
-0.19776354346270522,-0.17408295921132455,Benign
-0.18862363266622742,-0.22184489178351338,Benign
-0.135427020671878,-0.991827684789702,Benign
-0.20006214942242415,-0.10161317686290616,Benign
-0.2522001064914251,-0.3006086813021839,Benign
-0.25101095551116326,-0.31211415886106786,Benign
-0.25077503713872995,-0.3460264626595171,Benign
-0.20400169540593577,-0.1988983283097323,Benign
-0.25379321431840735,-0.24405041235159186,Benign
-0.19774840166505542,-0.13107245394525815,Benign
-0.12016328615402838,-1.4149991016768617,Benign
-0.11844990726523892,-1.4880320168708827,Benign
-0.2267599857009382,-0.29022514653436865,Benign
-0.1986220440055689,-0.24097668439635456,Benign
-0.18755125633844985,-0.2647219214868931,Benign
-0.2061514781098197,1.5554136558109208,Benign
-0.18441413494776726,-0.13209668912693592,Benign
-0.19855474806800222,-0.15443812803836626,Benign
-0.24669019930084457,-0.33654254816119894,Benign
-0.24526954641121457,-0.3809576112726685,Benign
-0.2405056852505552,-0.43506677953794554,Benign
-0.21615090061201844,0.4440606132863412,Benign
0.33827424806604,-0.6386474718651982,Benign
-0.09056521333820655,-1.6602187589864366,Benign
-0.08973679232068899,-1.610170887288646,Benign
-0.22552756033066512,-0.431683003645679,Benign
-0.22337032378488603,-0.5272741872615896,Benign
-0.16136362919067224,-0.45415759014369467,Benign
-0.22801680154026668,-0.30545699811967636,Benign
-0.2200756845885476,-0.2618258957244291,Benign
-0.21999609357635236,-0.2851023003164632,Benign
-0.21733425732003528,-0.2615937885123734,Benign
-0.19759804014421953,-0.26197898120369373,Benign
-0.18410325422758747,-0.3598902299609117,Benign
-0.2315497349441675,-0.2359259536474257,Benign
-0.22728777238954417,-0.1952152320824811,Benign
-0.22763482759106582,-0.26827419125196944,Benign
-0.202741114642958,-0.1654045525425691,Benign
-0.22238161184527927,-0.48813370053532634,Benign
-0.2187848038524872,-0.578207777104891,Benign
-0.1956096806652421,-0.2464680312767113,Benign
-0.2224836783370439,-0.22448555605350312,Benign
-0.20585949733817413,-0.005563407479343859,Benign
-0.18382255383217183,-0.2847772918815916,Benign
-0.21424132754424285,-0.3078056554130566,Benign
-0.25093070616641067,-0.288462670511492,Benign
-0.24951100961119782,-0.33921980490404885,Benign
-0.22697696973347248,-0.2557729535841084,Benign
-0.22321884856452223,-0.27805584129389593,Benign
-0.20960798616921553,-0.20303239374553678,Benign
-0.1945352657165732,-0.22406375380370114,Benign
-0.1928079068811394,-0.3416474044817696,Benign
-0.17089163872827168,-0.4060027399301019,Benign
-0.1984436333070644,-0.18919777720911427,Benign
-0.19271766180621294,-0.17522389595238635,Benign
-0.21705498806982484,-0.19646093146199825,Benign
-0.19180917390747096,-0.27121863819188907,Benign
-0.24508184334545188,-0.35542695992728507,Benign
-0.24716573535883035,-0.3450353615353027,Benign
-0.24190494878895702,0.1359603113992563,Benign
-0.23857607392310826,-0.4436434921429668,Benign
-0.18943304017810447,-0.18062311638247786,Benign
-0.18366304639534947,-0.15615604171935119,Benign
-0.25389214608779825,-0.3087231775681663,Benign
-0.2331938337024112,-0.20161149399772438,Benign
-0.19563633920767812,-0.4760944220650482,Benign
-0.23616130611286534,-0.382589353899688,Benign
-0.18417437041207532,-0.32830172041458566,Benign
-0.17426905894520545,-0.35400777090491437,Benign
-0.17430601558837033,-0.3462216185995459,Benign
-0.23515184041797094,-0.45909330287629657,Benign
-0.17577708219231344,-0.958495095476104,Benign
-0.174427810530825,-0.9643074749521269,Benign
-0.1825995328342212,-0.6408145523256364,Benign
-0.14212110162837258,-0.6121423653715838,Benign
-0.105964393426837,0.6766376723152656,Benign
-0.22895786962740128,-0.2779198808765312,Benign
-0.20652633758915515,-0.5790261672432466,Benign
-0.18359540534741975,-0.5275220157819209,Benign
-0.23322557521448115,-0.46037040146201547,Benign
-0.23379663891042315,-0.483527518341141,Benign
-0.23405596822214503,-0.45753084617046097,Benign
-0.18202646389401603,-0.3149415785031577,Benign
-0.22942757134393188,-0.26291685737115167,Benign
-0.24713859380890962,-0.35615685133045083,Benign
-0.23794641516248613,-0.21205595432509503,Benign
-0.21252006767130133,-0.23931479089931226,Benign
-0.20211844942717194,-0.2686535201761822,Benign
-0.22096849583208697,-0.3537485773496574,Benign
-0.23051492176395186,-0.26350406203312127,Benign
3.933606888042793,-0.3427291693993301,Benign
3.934287823424094,-0.2694762301877249,Benign
-0.24347058026988436,-0.35731558794142876,Benign
-0.21823358328826967,-0.3895508426125117,Benign
-0.2517384919903506,-0.33751047581527377,Benign
-0.21043592712785555,0.04803321180843345,Benign
-0.25473336517488665,-0.3053992238615325,Benign
-0.23526454496213767,-0.1757800412956432,Benign
-0.20894901928006204,0.27248836186160286,Benign
-0.1956728349789132,-0.18647047967904706,Benign
-0.2348121745576715,-0.27137292341069097,Benign
-0.20790677861278511,-0.07427527624675904,Benign
-0.24885285124378137,-0.37433042448220083,Benign
-0.20708862129418393,-0.19279165315834332,Benign
-0.21316101799980955,-0.11640015311644875,Benign
-0.19844383602672425,-0.13726300731434915,Benign
-0.22681141891237772,-0.23481126039183028,Benign
-0.2490238979444005,-0.3130854222289188,Benign
-0.23006191568838902,-0.2439921475757711,Benign
-0.25375162136488905,-0.30429488097728696,Benign
-0.22968697355910633,-0.30397732281017564,Benign
-0.20850917252381448,-0.2227680524741816,Benign
-0.24066802328571285,-0.42386756323573493,Benign
-0.18109317610235537,-1.0895362306359018,Benign
-0.2217111736130451,-0.17560636300672944,Benign
7.61081069632662,-0.10394821139580462,Benign
-0.20299997054662605,-0.23134999119007665,Benign
-0.22191056135304754,-0.2781151513250195,Benign
-0.21484323657514265,-0.16252866203666017,Benign
-0.20012835547958954,-0.2061193017478611,Benign
-0.2551037725926937,-0.2935818793185077,Benign
-0.25384584093566154,-0.3098026531485069,Benign
-0.20226704668903436,-0.2632248200561238,Benign
-0.183820749472274,-0.20286503481335022,Benign
-0.23674597524011753,-0.5477092631506255,Benign
-0.2390738159094918,-0.40263356301535486,Benign
-0.2378397349686913,-0.4116739168252232,Benign
-0.2333639982310725,-0.49881254438875167,Benign
-0.23999495715766125,-0.19345054958361071,Benign
-0.22525739332098557,-0.20788336811511932,Benign
-0.21212250705058983,-0.2529455112607918,Benign
-0.19749118367851015,-0.14817168673618228,Benign
-0.20709610988457072,0.05533193584928652,Benign
-0.2063675488718508,-0.21062203109750677,Benign
-0.19780611945739143,-0.3166304451484698,Benign
-0.20431544154132303,-0.2278744220298531,Benign
-0.20259740461449643,-0.24782442050261586,Benign
-0.1977173646657167,-0.18548278797184561,Benign
-0.1984546434857728,-0.3453703761172471,Benign
-0.17882206395091918,-0.35006991408630383,Benign
-0.1782258075855473,0.19125652970103266,Benign
-0.2065718599894591,-0.22369938889024713,Benign
-0.20537637298709255,-0.2161630275463992,Benign
-0.21766987164955856,0.19162413523505073,Benign
-0.2332259108674099,-0.46672791326395596,Benign
-0.23227051734835086,-0.4457910875572822,Benign
-0.21858165420328146,2.151958352163103,Benign
-0.19931623368354304,-0.25498857285541837,Benign
-0.1918879740827775,-0.2605847655791943,Benign
-0.19184388056578625,-0.2581640235745061,Benign
-0.253726714224842,-0.2539197312982623,Benign
-0.25316089133719794,-0.10540715812725904,Benign
-0.2021057630862877,-0.2329480462634681,Benign
0.4833171606110131,-1.6493967592224652,Benign
-0.20711315577791017,-0.22542165172010092,Benign
10.453663811042722,-0.3557797308130298,Benign
-0.24798714580599424,-0.39063282007141,Benign
-0.24677673673140277,-0.36775606731607946,Benign
-0.24853836280506864,-0.3582908661784641,Benign
-0.2581927389492945,-0.2752753718497693,Benign
-0.1835409629142259,-0.5965078961411244,Benign
-0.18339677008292707,0.053054215979435326,Benign
-0.2215783717632558,-0.6193066140224824,Benign
-0.22648225983710876,-0.2647044535930894,Benign
-0.22041268202981398,-0.22469708688239268,Benign
-0.18970156906124158,-0.23382917292374386,Benign
-0.19841204908452065,-0.4441094585332114,Benign
-0.2408604097955901,-0.4204044312529274,Benign
-0.16877145737492716,-0.7421923022766147,Benign
-0.21867388539016247,0.1545091622284261,Benign
-0.21208201945410599,-0.26357077398386697,Benign
-0.1939041698614853,-0.4241225999961102,Benign
-0.20860951655353827,-0.26169818300426423,Benign
-0.24220536582314972,-0.43217164992617874,Benign
-0.24240029600167315,-0.38181671198948464,Benign
-0.16832335451948952,-0.7078921008509802,Benign
-0.2351619465813143,-0.20733257888476972,Benign
-0.21921905793147936,-0.26447258377944505,Benign
-0.22466133003934624,-0.3333784106388299,Benign
-0.2042450555866437,-0.1909295263091812,Benign
-0.2513282588377475,-0.33842183358013056,Benign
-0.2502600626327171,-0.31450049558477605,Benign
-0.250563722550056,-0.24180152558445023,Benign
-0.1646306057604923,-0.5675144605416761,Benign
-0.20836873689071375,0.0822791456283269,Benign
-0.22838376596664206,-0.2524945500062885,Benign
-0.2146654274087057,-0.18156398842095586,Benign
-0.19698949455068582,-0.21958480070981107,Benign
-0.24830069798669818,-0.35533954780303145,Benign
-0.22363733357326102,1.0218121461352694,Benign
25.06456431304921,-1.2937464654587176,Benign
-0.1946025991773686,-0.2590871822300501,Benign
-0.19930201404982129,-0.19967514153119745,Benign
-0.20482929480437656,-0.21968943963405982,Benign
-0.2149643881457643,-0.15646391562995524,Benign
-0.21353436192177144,-0.29673885431641783,Benign
-0.17715451993383557,-0.8074307635522932,Benign
-0.21867467381942268,-0.6427036777882406,Benign
-0.2209100121656429,-0.5691635628027563,Benign
-0.20667181669401155,-0.7348824548883756,Benign
-0.21562195643987864,-0.263087644290866,Benign
-0.19607932682131715,-0.22013871440617813,Benign
-0.195269538325269,-0.5363203140717003,Benign
-0.20980745872911288,-0.1579110604037098,Benign
-0.25446090898566986,-0.2783266416994399,Benign
-0.2514355290194057,-0.3047359148598777,Benign
-0.24779047250119746,-0.3179827808506145,Benign
-0.22381076652939397,-0.1638904879688782,Benign
-0.2458085400966716,-0.4612321204553647,Benign
-0.20095542793650906,-0.2015329620274735,Benign
-0.20690916822972222,-0.2420468892453557,Benign
-0.19911367068325989,-0.16644095368912804,Benign
-0.19509590517065653,-0.1893437185742376,Benign
-0.19506564965994422,-0.18655640797465592,Benign
-0.1922972862967644,-0.264241634447148,Benign
-0.18276997492374114,-0.22977361332559787,Benign
0.29564357248805245,-0.4901611758077298,Benign
-0.24748145265986682,-0.336169736579546,Benign
-0.24689224115559383,-0.2489364698485851,Benign
-0.24637015532620637,-0.32184996030003954,Benign
-0.15249718518833827,-0.23605025618587894,Benign
-0.1797089599689981,-0.3548345767665228,Benign
-0.21030704540761594,-0.17809700686771207,Benign
-0.19830816776361584,-0.2130188751290723,Benign
-0.21324929166466156,-0.2005804875212757,Benign
-0.21161162955496543,-0.1471741105974857,Benign
-0.21741590278969958,-0.26685068318820465,Benign
-0.24874413038576754,-0.386557178017244,Benign
-0.2103245798716077,-0.17611731293490274,Benign
-0.1945743044695339,-0.23173150874657683,Benign
-0.1862307251142112,0.6909244631985473,Benign
-0.19483363926124245,-0.16626465698772405,Benign
-0.2192072491071015,-0.21527785156424914,Benign
-0.20687068272883402,-0.20378812724840628,Benign
-0.21254505643487145,-0.22181943499523044,Benign
-0.2534839966307256,-0.29958960635177745,Benign
-0.24128365688753517,-0.4314967320397362,Benign
-0.23679249090308296,-0.3727165167392323,Benign
-0.238546744455728,-0.43914049585833037,Benign
-0.15015375822164861,-0.8594273654282041,Benign
-0.16132395826591145,-0.43757678654893256,Benign
-0.18616457175669435,-0.29320266036919995,Benign
-0.16701710345871726,-0.378923814841711,Benign
-0.21006661033516497,-0.21806937614098945,Benign
-0.20715854853868276,-0.1732434626264862,Benign
-0.18798581926792418,-0.26024752962110737,Benign
-0.25331120704275945,-0.32644503416841425,Benign
-0.25215361557122606,-0.21373502010042975,Benign
-0.20087436457697047,-0.2213844157329284,Benign
-0.21956234818000037,-0.24811041001070855,Benign
-0.19023194270581756,-0.23897611230248308,Benign
-0.25242131570243787,-0.27282972651543075,Benign
-0.2509080961218188,-0.3179087586637804,Benign
-0.21095235161552434,-0.14445184182736798,Benign
-0.20489941493536723,-0.18906480381416838,Benign
-0.2010737586636793,-0.2233834212664199,Benign
-0.19938454698915778,-0.21915306225433098,Benign
-0.21055696317924363,-0.16621062908993342,Benign
-0.18266412715783284,-0.3096591410705837,Benign
-0.22137801874607563,-0.3330627427524205,Benign
-0.24730809214023097,-0.3403477169505207,Benign
-0.5858055026461789,-1.8073464374591321,Benign
-0.20472036766249757,-0.571447335602596,Benign
-0.18533363833975136,-0.49949114441430936,Benign
-0.22698444120286787,-0.2909793480558123,Benign
-0.19487887772658347,-0.34476657220717966,Benign
-0.17427798151090285,-0.1703499188406143,Benign
-0.1482280934443469,-0.5950099243095552,Benign
43.17275390418636,-0.1998604185620122,Benign
-0.21704109583309975,-0.6033361479272068,Benign
-0.23432072972416873,-0.4680492505287671,Benign
-0.2053002200157826,0.08787378084812046,Benign
-0.24826006984812904,-0.35394341187557243,Benign
-0.25122548047295223,-0.2998804913742938,Benign
-0.22640490310554337,-0.5861544813137416,Benign
-0.2253991914324267,-0.5322481688504238,Benign
-0.22516236870872108,-0.45906907392143026,Benign
-0.21019071520582436,0.1705938549326164,Benign
-0.20528110900718516,-0.43076224683272224,Benign
-0.15799100278636521,-0.48220302947496824,Benign
-0.21230337201476915,-0.22560978293413284,Benign
-0.22054146405007952,2.0702336138593114,Benign
-0.17185423560421026,-0.27081910607487925,Benign
-0.21371548421694747,-0.19519775157578742,Benign
-0.20644672091783864,-0.23048221801982427,Benign
-0.1888177322038581,-0.8864885824970351,Benign
-0.1875000149157024,-0.8874554934839891,Benign
-0.20540808567082425,-0.20999941892849253,Benign
-0.21093839413236667,-0.1007875311788097,Benign
-0.20193019910315652,-0.1687761352018044,Benign
-0.19718803049048383,-0.313213502823227,Benign
-0.1813461233343829,-0.27293801869419104,Benign
-0.18136731625482325,-0.26508918217826877,Benign
-0.23505143664044403,-0.2645483417947676,Benign
-0.21928010732478645,-0.27910230431322197,Benign
-0.20266062828126627,-0.17328478353249024,Benign
-0.20404890040834878,-0.22000929510612302,Benign
-0.24910466978025503,-0.34241959261256005,Benign
-0.25317688347599504,0.42342537650008477,Benign
-0.2505276632309858,-0.3150208137586833,Benign
-0.2243327841928745,-0.27673449153240703,Benign
-0.2190086978405291,-0.4071032976794927,Benign
-0.24226613938682326,-0.3268567752637936,Benign
-0.19896069929801202,-0.18096002704086014,Benign
-0.1947194610932474,-0.1346670326631791,Benign
-0.19408157462410386,-0.1895823367753261,Benign
-0.20859461992532666,0.10307802535335686,Benign
-0.1694978230179195,-0.12695788967480276,Benign
-0.1916559788524019,-0.33666570006838864,Benign
-0.17352939018494656,-0.38488010030337044,Benign
-0.22077916634506714,-0.3062606771068501,Benign
-0.133187209598221,-1.1734031074165814,Benign
-0.19404112559843953,-0.1973469142321676,Benign
-0.22379171089496447,-0.036746965427855716,Benign
-0.23454619502156374,0.549360672940614,Benign
-0.1867934218465461,-0.5673118745573178,Benign
-0.1409315852593225,-0.5890432601337543,Benign
-0.20587242855903998,-0.17957473302892416,Benign
-0.22164229777183247,-0.22389290484134777,Benign
0.18073240871274723,-0.35576722157232,Benign
-0.25240572144593987,-0.3162942288128215,Benign
-0.2082229925023813,-0.16247132016212867,Benign
-0.1720861226837032,-0.1476544233216206,Benign
-0.20036010436275753,-0.2425923157334931,Benign
-0.22485962605411555,-0.31566645767385637,Benign
-0.2134979979479398,-0.22377121965864152,Benign
-0.24846660537789172,-0.34347045815815386,Benign
-0.21966284292443397,-0.32667076442612347,Benign
-0.18832316810131228,-0.41674300813733717,Benign
0.28374828222463166,-0.10587746281907306,Benign
0.3011112733889774,0.021734807084398563,Benign
-0.1706368768655219,-0.4260243532846085,Benign
-0.2165745922102167,0.8003798676346429,Benign
-0.2348234194346578,-0.48293327119457957,Benign
-0.20344214537353486,0.41774272167213544,Benign
-0.21189060660738981,-0.10742306718003805,Benign
-0.19247094598126013,-0.25243485638306384,Benign
-0.21757591502659926,-0.12805913723367734,Benign
-0.20270135191014235,-0.21309045540034768,Benign
-0.2160348175535988,-0.18632138895851422,Benign
0.9807241549485601,-0.2831893731511006,Benign
-0.24626913292753574,-0.3747157366345129,Benign
-0.24536120984097898,-0.34131715968990645,Benign
-0.21916054327849419,-0.25828904879217185,Benign
-0.1899292311289114,-0.2595244115853215,Benign
-0.1964560582500034,-0.14982804455796978,Benign
-0.1861152287111659,-0.20348924720185282,Benign
-0.1836924727431716,-0.6406804132034206,Benign
-0.1935913373670837,-0.1555765059488699,Benign
-0.20030663988276248,-0.20623403104200957,Benign
-0.1925747455940075,-0.2494060979726677,Benign
-0.2070249910809204,-0.14787651699534968,Benign
-0.24613217802184914,-0.3782896902268077,Benign
-0.251547755961044,-0.32530229200080824,Benign
-0.25042941815948006,-0.3185593134097411,Benign
-0.24636276259800186,-0.35336924268342723,Benign
-0.20808147925135945,-0.038060392626705616,Benign
-0.2551257096078655,-0.2850579742937007,Benign
-0.25506377822378595,-0.30890394436898083,Benign
-0.20022609041170975,1.277548290430301,Benign
-0.19008298687795364,-0.22876892819076097,Benign
-0.19229705437706274,0.30559938171982537,Benign
-0.2248635366950328,-0.26332800621673697,Benign
-0.21232211278368895,0.3038831349401896,Benign
-0.21152922389191633,-0.6881843281156015,Benign
-0.24940048416297467,-0.35711799665754973,Benign
-0.24814726400206238,-0.3514678694596472,Benign
-0.21045003080683627,-0.1712484426157378,Benign
-0.21470814746405623,-0.2875625089167927,Benign
-0.2454088221984029,1.3364725176014134,Benign
-0.24565962063840407,-0.40131949173376535,Benign
-0.23699656020457244,-0.4571820985938854,Benign
-0.24080900241649233,-0.43675326306420176,Benign
-0.24149080178391408,-0.219500109891093,Benign
-0.2397231229244097,-0.3867649495017811,Benign
-0.22121714627296313,-0.32304495157846475,Benign
-0.19942645265425538,-0.2651414362394757,Benign
-0.24912422926196043,-0.34056228350309065,Benign
-0.22401347073917213,-0.2680221249772789,Benign
-0.25128715252325173,-0.3436807884449855,Benign
-0.20022617455183309,-0.2142954591045968,Benign
-0.19326635499930042,-0.21288386457120323,Benign
-0.25000815393737874,-0.37474429439082885,Benign
-0.20717461741547946,-0.12206507535431835,Benign
-0.19203421343550964,-0.16835256113242159,Benign
-0.191517810123877,-0.24368467239820593,Benign
-0.25303651525563403,-0.2600610158864526,Benign
-0.27967750746164444,-0.1591545864509596,Benign
-0.2215875055169677,-0.3765103979960599,Benign
-0.25081852843694896,-0.34013477483863364,Benign
-0.2011182099833591,-0.45948158508317316,Benign
-0.23514237475770144,-0.3881951351149209,Benign
-0.2397796759172585,-0.17827843760787826,Benign
-0.21107928821584782,-0.21913745503920667,Benign
-0.22884788623082095,-0.2520110043001095,Benign
-0.23600938112419462,-0.07593009795294181,Benign
-0.19896750126533774,-0.2788989671672158,Benign
-0.1611725952796014,-1.072267575575999,Benign
-0.19991118039967706,-0.25486184025765984,Benign
-0.19763521085632568,-0.23755162380651793,Benign
-0.19137526967161086,-0.24101458294633352,Benign
-0.19158637268045778,-0.20096129649800804,Benign
-0.15353477501972046,-0.28362778864253047,Benign
-0.11781003501054123,-0.22681598138257417,Benign
-0.1417268647588171,-1.0226207730735908,Benign
-0.15845478921121478,-0.6591707548357029,Benign
-0.19700742003795477,-0.7127821611539388,Benign
-0.2123325070897032,-0.2810485832330652,Benign
-0.2020955335628656,-0.27662713294972374,Benign
-0.1773169756168494,-0.7115083869715352,Benign
-0.19079885559940873,-0.14184291365943102,Benign
-0.2545713932126124,-0.3223057776986705,Benign
-0.25350267269551185,-0.304820216661536,Benign
-0.21152642385074544,-0.22972504977302213,Benign
-0.19636621418552036,-0.2327243561347642,Benign
-0.25339439909972056,-0.18743401413090155,Benign
-0.2028098968751656,-0.28058013324956493,Benign
-0.22194243759615143,-0.3085599827905699,Benign
-0.22563543617765672,-0.25779139607532314,Benign
-0.22335388509589763,-0.21832011995975517,Benign
-0.25085076047354626,-0.32627016542429105,Benign
-0.24966365901491633,-0.3336303152919782,Benign
-0.20636581992241224,-0.2321923053705344,Benign
-0.2105468164020598,-0.12576218078007612,Benign
-0.2416699670831126,-0.42128746730221683,Benign
-0.20853602759557116,-0.18521837099337593,Benign
-0.2554318324411248,-0.2761875686874512,Benign
-0.12788142758838636,-0.7260322030550689,Benign
-0.13061797411789675,-0.8077308443401539,Benign
0.19622749223957522,-4.006276578927986,Benign
-0.21504171279770287,-0.13623931168503958,Benign
-0.20036760247353327,-0.16634218658559552,Benign
-0.2011331857405361,-0.46302869671545155,Benign
-0.2410139507880904,-0.24795556386673337,Benign
-0.27538300792958936,-0.19561193376366684,Benign
-0.2296930050254599,-0.2775014057841973,Benign
-0.2554875198294462,-0.17047430551255088,Benign
-0.25332895476848244,-0.26875872929321026,Benign
-0.1939479893914001,-0.41349164029616053,Benign
-0.20716455914050586,-0.17111313812588627,Benign
-0.2467947967031086,-0.3287921372440729,Benign
-0.24868130429928936,-0.32110099335055836,Benign
-0.22629842930346125,-0.3054514719996396,Benign
-0.2563891126164262,-0.3950245266594913,Benign
-0.09035991807224127,-1.0122974972451246,Benign
-0.04475733103414348,-1.0044637677951085,Benign
-0.2262421867575553,-0.193740905216354,Benign
-0.19261422969735922,-0.2092399001085861,Benign
-0.19265767410590734,-0.20327449492176625,Benign
-0.1969965663259041,-0.1482635506827454,Benign
-0.2535492327656142,-0.31665681195425227,Benign
-0.1686141113942709,-0.7449870526991903,Benign
-0.2192644547629487,-0.5783034074381916,Benign
-0.21834695077304764,-0.5056422331851792,Benign
-0.16867379777838407,-0.7437175766504103,Benign
-0.16074544645045966,-0.7216898978203162,Benign
-0.217810981298464,-0.5912950527898642,Benign
-0.21659838415196905,-0.5795118253047636,Benign
-0.2070405152480681,-0.2248830714764356,Benign
-0.20183298901563126,-0.21866659363723914,Benign
-0.19904801284689627,-0.7281942723109924,Benign
-0.27517752988261435,-0.250803317988907,Benign
-0.24187943714265459,-0.4455807069714307,Benign
-0.21457737396103074,-0.20579173277350396,Benign
-0.1775872456641083,-0.7001278903897337,Benign
-0.20063686582235632,-0.17886270233603654,Benign
-0.18906027647706145,-0.2271539537773139,Benign
-0.1890586606295842,-0.227097783402346,Benign
-0.24060262738557336,-0.23731775787462875,Benign
-0.20622494496608965,-0.20986063252838427,Benign
-0.2410000041289758,-0.37833723216441767,Benign
-0.24074762720594448,-0.4373395567314493,Benign
-0.21021455209741108,-0.22268652088966823,Benign
-0.17694985183833073,-0.29608594120081944,Benign
-0.2147114039275273,-0.3885276594099911,Benign
-0.1862154711624395,-0.34627452363888794,Benign
-0.2546179482672406,-0.2837004468890062,Benign
-0.25103953550015373,-0.3428069200616056,Benign
-0.20694679688302334,-0.29013194294995176,Benign
-0.22786272165213747,-0.2596107307015219,Benign
-0.24804793407165737,-0.35734249951370484,Benign
-0.21357900483425685,-0.07060915502354614,Benign
-0.20224022090084764,-0.2563831376602413,Benign
-0.23156446806862604,-0.48050581611233184,Benign
-0.23016157330993503,-0.5055214299826662,Benign
-0.21055576938005133,-0.28186939391694493,Benign
-0.20807554005964451,-0.22874900321447222,Benign
-0.2518784687228985,-0.32045181897259123,Benign
-0.25060926143927803,-0.34178687258715035,Benign
-0.2479740539880279,-0.33388826502413266,Benign
-0.2469772040550391,-0.35670391571757654,Benign
-0.24699275978275786,-0.38250510185522796,Benign
-0.24696123803308745,-0.36676863776847174,Benign
-0.2053564791592448,-0.2164323718265117,Benign
-0.19904307309752506,-0.19833526114082653,Benign
-0.2553238934460591,-0.3000158860799687,Benign
-0.2066870172924275,-0.30202272918108075,Benign
-0.1903085579248603,-0.29695043491502265,Benign
-0.2097246896370427,0.22286434470235586,Benign
-0.2059484525647449,-0.21372111930509152,Benign
-0.22688555750487552,-0.20116788802246965,Benign
-0.19563078328207195,-0.19641082759249778,Benign
-0.25151757001570063,-0.3218269123798866,Benign
-0.2088867657984434,-0.17614692738683088,Benign
-0.25472585613636267,-0.20568831595534534,Benign
-0.24181213445678004,0.21950126530933736,Benign
0.07041573140405219,-0.2597594438791858,Benign
0.07170363013419546,-0.2828613000130951,Benign
-0.25575349379991774,-0.2035052580833708,Benign
-0.2547571594848841,-0.27184062835204936,Benign
-0.21735812113632905,-0.6299298726578519,Benign
-0.21612707369468206,-0.640530953213466,Benign
-0.19472979008028718,-0.1747176883530449,Benign
-0.22142468938491813,-0.09761158471491636,Benign
-0.23474196638724915,-0.4758718359577308,Benign
-0.23347852659920984,-0.4888809994810011,Benign
-0.25024173969062163,2.527145695912438,Benign
-0.16400780633288273,-0.8990794973532399,Benign
-0.20349995032302218,-0.2331014827704528,Benign
-0.24787511298767265,0.05033067174537806,Benign
-0.2503628588793075,-0.316579023840374,Benign
-0.24910727703310948,-0.334527611311316,Benign
-0.25875797373458015,0.1697438520290396,Benign
-0.13415192962867628,-1.0698159428727099,Benign
-0.13407392720723102,-1.0832949064067794,Benign
0.3104779410550226,-0.45110015091254496,Benign
-0.23203613490134364,-0.283765274641217,Benign
-0.20161402300790968,-0.22040889355383317,Benign
-0.2269689524417563,-0.48940353393114494,Benign
-0.2544116632123056,-0.2587530037950189,Benign
-0.21647977074686897,-0.07947624921029255,Benign
-0.23602196420485907,-0.20824296187976768,Benign
-0.22075443488912364,-0.5716743757935321,Benign
-0.1252120583894425,-0.4655864969239315,Benign
-0.09395684504678858,-0.49437701745201224,Benign
39.82847113726454,-0.20098406859380333,Benign
39.82773763148685,-0.10791056857089783,Benign
-0.254259281960851,-0.2995153057579951,Benign
-0.2528522589430862,-0.3510217265313403,Benign
-0.2552828856579304,-0.2921861974843504,Benign
-0.20465045772609908,-0.2816432010049403,Benign
-0.19973150289676353,-0.2377883497011754,Benign
-0.20944445631677808,0.6652039514823569,Benign
-0.2087025302428877,-0.6920785723279306,Benign
-0.16127085089576132,-0.19993176123795034,Benign
-0.22503471610822956,-0.08293276078458445,Benign
-0.2205773536842765,-0.2416197862992287,Benign
-0.2552585005316026,-0.31461486475734085,Benign
-0.2541103600294312,-0.29227942748508867,Benign
-0.25216177187293637,-0.24522862744079937,Benign
-0.2256709145934437,-0.28235663561415714,Benign
-0.2516885469174831,-0.3215447739598109,Benign
-0.2380763276440129,-0.2449627077478246,Benign
-0.2359981174512633,-0.3668830478428693,Benign
-0.18595131736217443,-0.7305011062862988,Benign
-0.2476772249601928,-0.34190701546790947,Benign
-0.24648736074170252,-0.33314531534155517,Benign
-0.21156084534183378,-0.22741908083576579,Benign
-0.2542946652714504,-0.3055453096442935,Benign
-0.252767041766826,-0.28409566919262114,Benign
-0.13093622701658228,-0.7438278286144504,Benign
-0.21330114457455682,-0.21605646989420416,Benign
-0.2316572258392351,-0.43682077271859265,Benign
-0.17880619927881922,-0.42640639758040255,Benign
-0.23006295480422098,-0.37952149407001057,Benign
-0.1945540570582061,-0.2549398217513291,Benign
-0.22584473040480124,-0.2955847887355804,Benign
-0.25890067102362985,-0.3367365641058829,Benign
-0.21010514538920727,-0.1859343347859319,Benign
-0.18684375392465427,1.800501197295108,Benign
-0.19930575696212063,-0.24598517340600137,Benign
-0.2515768103073192,0.010206460899194867,Benign
-0.19938144513421086,-0.1959395359832139,Benign
1.556489615585109,-0.40956037839174175,Benign
-0.20805627274686309,-0.08290382405352886,Benign
-0.25145475450591437,-0.33518277273078123,Benign
-0.28077266786315175,-0.23393295829930144,Benign
-0.25408105287029925,-0.20002382448022524,Benign
-0.20647050515073634,0.10091906173802537,Benign
-0.1963221579739666,-0.15495751267628377,Benign
-0.1972179912063837,-0.305241029260792,Benign
-0.1744666310050512,-0.3272178601759958,Benign
-0.1869859728488214,-0.27447564228982935,Benign
-0.20580213310392195,-0.2677117750535967,Benign
-0.24655443534432409,0.055964950763716076,Benign
-0.20812098993130168,-0.23838147548076985,Benign
-0.2300157702671501,-0.21768397404487552,Benign
-0.21850238269286013,-0.24901864172534027,Benign
-0.25189245121334225,0.10438617011400364,Benign
-0.24366050780989343,-0.3904076641696229,Benign
-0.24246362952551537,-0.3846264353836535,Benign
-0.2236461959222453,-0.18996341532217922,Benign
-0.21612311240089305,-0.26181790890468176,Benign
-0.2260147537348407,-0.0768738924339855,Benign
-0.17344581690687164,-1.023189590752394,Benign
-0.20486401165823354,0.3611675684494598,Benign
-0.25484148666248335,-0.28593252826480836,Benign
-0.21077817025896817,-0.18119063429133808,Benign
-0.1965889921476381,-0.2072790569425713,Benign
-0.208865306094543,-0.16954926437102089,Benign
-0.21975453156538732,-0.286575909647443,Benign
-0.19208400021478675,-0.1825795331918695,Benign
-0.18581709939440982,-0.21313754218736153,Benign
-0.21471338265835085,-0.6381569808391858,Benign
0.45293866232193264,-1.7486354232750099,Benign
-0.21187256629220613,-0.34038748061566976,Benign
-0.1946192858148867,-0.32320189975010577,Benign
-0.2230037932047075,-0.30462633553130786,Benign
-0.25159382525571844,-0.39906738466554625,Benign
-0.1687299879425895,-0.48168522615158893,Benign
-0.23449243272087117,-0.43389552443761364,Benign
-0.20710059167581465,-0.17831246061285264,Benign
-0.18187368131961812,-0.2615399694220187,Benign
-0.19459058596949672,-0.2143550296879069,Benign
-0.19092872119956517,0.0871664664193929,Benign
-0.18563978942556678,-0.2180013165807697,Benign
-0.21418614998740038,0.12049326291222416,Benign
-0.23234126864425592,-0.2928849868708828,Benign
-0.19551649358954615,-0.22205821093610958,Benign
-0.19516663174692817,-0.20057638671408923,Benign
-0.23700510008102793,-0.5186753451329753,Benign
-0.2752640052553597,-0.22942583808185196,Benign
-0.18522164198369512,-0.41785490515402635,Benign
-0.1742039421653936,-0.4565101574354974,Benign
-0.16293208303048326,-0.49629398929873186,Benign
-0.16301810453793492,-0.46896789431166586,Benign
-0.18831789596801082,-0.305550874356142,Benign
-0.20367285453593698,-0.04563368652460392,Benign
-0.22073808850391188,-0.1546697932613471,Benign
-0.20422772385383478,-0.27618571402291126,Benign
-0.20441577405514977,-0.22769238227319233,Benign
-0.189448314606791,-0.20981727921861507,Benign
-0.25506308058465565,-0.28671820144818716,Benign
-0.26634969032804007,-0.9343406404503171,Benign
-0.2632488769254119,0.7896121905919762,Benign
-0.2532717346074451,-0.29536529797025546,Benign
-0.20233262955991965,-0.2755500097892421,Benign
-0.20303359938174603,-0.2795709259356578,Benign
-0.17689469329596305,-0.29094113849633424,Benign
-0.2289225931987718,-0.3027103808896573,Benign
-0.20829625050118108,-0.19604147338454864,Benign
-0.19655143978934814,-0.25619893775384434,Benign
-0.2559514319087653,-0.11417890943198727,Benign
-0.24183823840033877,-0.38686054799912173,Benign
-0.20481668742637282,-0.3508174287218938,Benign
-0.2531073468097923,-0.324492643407762,Benign
-0.2572946165905043,0.14853567351050956,Benign
-0.20895366784699265,-0.2723574810958584,Benign
-0.25502841356478095,-0.278397833799662,Benign
-0.19202438596522528,-0.2782355064805694,Benign
-0.28294053354350746,-0.26419302048292775,Benign
-0.24354264588552585,-0.41618844120820686,Benign
-0.19851910881571008,-0.23395223158764264,Benign
-0.26033647385695224,-0.2630987107282112,Benign
-0.23024088870463308,-0.2659138236978971,Benign
-0.21072770943486369,0.6431816391545296,Benign
-0.21410869819163425,-0.17147193859737755,Benign
-0.20215372227123637,0.21745496622777052,Benign
-0.17725969926906754,-0.7281760217561409,Benign
-0.24645469287230062,-0.327731831110589,Benign
-0.21641826702887385,-0.40597846856780795,Benign
-0.21455403498124184,-0.17962703645492592,Benign
-0.20005020584266162,-0.22148023809567285,Benign
-0.20108527392856934,-0.13005218794978804,Benign
-0.13624883802976687,-0.9409683250626475,Benign
-0.2036034411165847,-0.7157462892236403,Benign
-0.19674801947578108,-0.10184243059885537,Benign
-0.27511617748795913,-0.25894124035143723,Benign
-0.25208259848044384,0.14495387447254277,Benign
-0.21030578165616284,-0.2702286118334744,Benign
-0.20466337971538018,-0.221349285650515,Benign
-0.24203578172324583,-0.7190206696254522,Benign
-0.16161638848879709,-0.8951472926609118,Benign
-0.21117512350327228,-0.4925606443894554,Benign
-0.20959880717468082,-0.6036656172630662,Benign
-0.19369192982127753,-0.770131017344637,Benign
-0.24970918326153663,-0.35694637375685007,Benign
-0.19557120807054326,-0.1472884819742047,Benign
-0.2547730574525576,-0.19439956456446544,Benign
-0.25249631956172475,-0.3301449840420104,Benign
-0.2202840030469499,-0.33765718304343295,Benign
-0.2217967279284235,-0.30736915876940696,Benign
-0.2108613047264592,-0.21469575578247274,Benign
-0.1987756465759033,-0.24708231355448634,Benign
0.30227933225259196,-0.592887630120119,Benign
-0.25027934030468346,-0.3872576423116153,Benign
-0.25140337296218385,0.004464535635273522,Benign
-0.216499150678288,-0.17719056550612916,Benign
-0.19101225558613513,-0.21145638534703712,Benign
-0.2070163763869048,-0.16975064881406224,Benign
-0.2162526653665738,0.22880512889121754,Benign
-0.11753481158975373,-1.549258550257486,Benign
-0.20246003150286737,-0.28105964086229246,Benign
-0.21286347957906138,0.10160510059731719,Benign
-0.19998352922793106,-0.2010032136742265,Benign
-0.18990191372248907,-0.18137533177768347,Benign
-0.18235305059039414,-0.2390660788466503,Benign
-0.2117259130970078,-0.2837241180835523,Benign
-0.2155648070591898,-0.1451827617503809,Benign
-0.22024410203221903,0.07306776385492243,Benign
-0.23877284636051666,-0.1911193728897037,Benign
-0.25483800707400533,-0.28009785189706987,Benign
-0.18566717025497337,-0.26723766646342,Benign
-0.18572801365049155,-0.2573344960052145,Benign
-0.1669005816819653,-0.47628790693402245,Benign
-0.16178259083020516,-0.7583774447655892,Benign
-0.22535604918815458,-0.31850921652485853,Benign
-0.2498338823607993,-0.31811807399219416,Benign
-0.20902111194829168,-0.19500108700893548,Benign
-0.24788005224883336,-0.3153950625026588,Benign
-0.20745766791146825,0.13578296245361465,Benign
-0.20089725391993885,-0.21823061411034989,Benign
-0.22173447475488134,-0.319054889419914,Benign
-0.1480278749759345,-1.0715316748775294,Benign
-0.2291295525117354,-0.5474628115551174,Benign
-0.16424113526277215,-0.6293841674363296,Benign
-0.16448524394516303,-0.5854346162840833,Benign
-0.21842003269854204,-0.21052842088982834,Benign
-0.07254825497150968,-1.5136739694055557,Benign
-0.028415239647818745,-1.5214111294272168,Benign
-0.042935247847277876,-1.5808708254281978,Benign
-0.04017294014241092,-1.6041148617610983,Benign
-0.19034627911775723,-0.3163802103414758,Benign
-0.2494082271114184,-0.30598103314847486,Benign
-0.20990081734292929,-0.2875230176200217,Benign
-0.20956450110848832,-0.10889325896507766,Benign
0.17992221307616144,-0.34130152679736603,Benign
-0.2477499556337745,-0.3512991584871588,Benign
-0.22142896449548563,-0.06846214048940619,Benign
-0.2102933449352434,-0.2890813183962516,Benign
-0.25132281533467443,-0.333213982226777,Benign
-0.25694703113337986,-0.2936104679915538,Benign
-0.20420915036602497,-0.15098610821370584,Benign
-0.2100821909637971,-0.2808066428482025,Benign
-0.16134872692932853,0.20486297150021932,Benign
-0.21683879225404795,-0.5662770141680468,Benign
-0.20932082527663154,-0.31040212361846614,Benign
-0.23772383877090086,-0.2747484698938219,Benign
-0.18924774325249358,-0.3054480717618758,Benign
-0.287766618759862,1.364437088257151,Benign
-0.22529112641962734,-0.2458476796219913,Benign
-0.196503729091452,-0.20050645663756475,Benign
-0.20393532420126254,-0.10305320804510953,Benign
-0.17222028605854872,-0.18512929737303171,Benign
-0.19173920120169213,-0.28742705128725005,Benign
-0.19223536031335822,-0.2070207184249554,Benign
-0.23159512885924374,-0.3437093783667091,Benign
-0.20543084971719572,-0.27004754465751574,Benign
-0.25238396456246837,-0.30215599756050476,Benign
-0.25237217663672484,-0.2912697435744971,Benign
-0.2077755773163502,-0.09096946739703511,Benign
-0.20525532086516432,-0.24913323460960735,Benign
-0.19895941718343146,-0.19087226236200372,Benign
-0.2055036358584904,-0.003303473248121152,Benign
-0.19608748438538307,-0.19697775632314862,Benign
-0.19612306199775453,-0.19212235307114978,Benign
-0.20859892190251364,-0.21384108487756281,Benign
-0.2539905047161161,-0.3254975264940034,Benign
-0.25300210088834263,-0.27590510766911525,Benign
-0.1999628270995927,-0.11443730677377996,Benign
-0.20950118693666345,-0.13750174575258733,Benign
-0.2464304434037704,-0.2027112050425377,Benign
-0.2029127979273523,-0.1660217021891605,Benign
-0.24879641585200585,-0.3415449283657154,Benign
-0.17830538934231957,-0.2941878154238903,Benign
-0.2484215745857526,-0.39155078702597007,Benign
-0.24732773252096962,-0.36401729178853537,Benign
-0.24724413537160983,-0.3842375913246407,Benign
0.3191094240210431,-0.45887659753824556,Benign
-0.20131957932497743,-0.4186954067052086,Benign
-0.20360659280053647,-0.22189840154367496,Benign
-0.21271599445907077,-0.29999252422781375,Benign
-0.2008044106448019,-0.1920275700939096,Benign
-0.21186235792597496,-0.3522743807470306,Benign
-0.19823796792948883,-0.4578364335571237,Benign
-0.20687492980089248,-0.3723680682549676,Benign
-0.22320743510940744,-0.28485838042820233,Benign
-0.24304127003261508,-0.40149388939278435,Benign
-0.20585282045316428,-0.3799433577359595,Benign
-0.24258492156480196,-0.32196241077794713,Benign
-0.2197890054493093,-0.3989334835281606,Benign
-0.23584534690074535,-0.07976200998385674,Benign
-0.14054645910031824,-1.2755093467422032,Benign
-0.14029879803324044,-1.1582536894181936,Benign
-0.2545171533384378,-0.19401720806515216,Benign
-0.21678972050421907,-0.3059965247350316,Benign
-0.2127184650553776,-0.29097770734748796,Benign
-0.21781164437445474,-0.28206532705892684,Benign
-0.20010032207321019,-0.007479976634141661,Benign
-0.24725047267470007,-0.35232014157764546,Benign
-0.18111031746767342,0.12066216115310803,Benign
-0.17147328804100573,-0.41195495045111336,Benign
-0.2463373315638342,-0.23115588331120793,Benign
-0.233295860581181,-0.21629379244247196,Benign
-0.23167235526474875,-0.24541141760720409,Benign
-0.19707577669076287,-0.23766058130192239,Benign
-0.19733520632063958,-0.17893829752288357,Benign
-0.19710096630490703,-0.23114430385277654,Benign
-0.21640657328925056,-0.2532710653896001,Benign
-0.2025948292630891,-0.28770932209342315,Benign
-0.20301638127994584,-0.5669895045469986,Benign
-0.2749688662533631,-0.24048928790567556,Benign
-0.1803489047061897,-0.34876337877284463,Benign
-0.2149689827035089,-0.26742901130277014,Benign
-0.2396736875124602,-0.1300106964869613,Benign
-0.20469642721594744,-0.17968857938733915,Benign
-0.20957370732613023,-0.17613186554499247,Benign
-0.22798075312286326,-0.23381009799276142,Benign
-0.22189119803389482,-0.27920252297555626,Benign
-0.22289073014868704,-0.11221694459419573,Benign
-0.24897262899172257,-0.3628608125277387,Benign
-0.19371936740864787,-0.2357662147064527,Benign
-0.2141279632038015,-0.29454722491870156,Benign
-0.23100112533046716,-0.2338856260716718,Benign
-0.25468088432228453,1.1692474721402417,Benign
-0.2542197266133647,-0.26931566870058343,Benign
-0.19802960102397424,-0.11532056116849977,Benign
-0.15914081280104667,-0.55396767264651,Benign
-0.1462855755859025,-0.5185361565238245,Benign
-0.1624414635939074,-0.6121498166004993,Benign
-0.19524570147893558,-0.24004508398873922,Benign
-0.23508632578037894,-0.3717378285215853,Benign
-0.2064191075873998,-0.6900572055705743,Benign
-0.19374135202605078,-0.2325648425751816,Benign
-0.20408305540470154,-0.2305678049091363,Benign
-0.21466729228458398,-0.20998073457143066,Benign
-0.21108875978965366,-0.28466420164763184,Benign
-0.2518866505971482,-0.3283791358110446,Benign
-0.2506913998546444,-0.32428428564453354,Benign
-0.2191253058541899,-0.1878059478341834,Benign
-0.2559760424521292,-0.22499691414752396,Benign
-0.2541626312865293,-0.25117201144840673,Benign
-0.2534743311994315,-0.31399444279700134,Benign
-0.2523392744824507,-0.2973149704821912,Benign
-0.35601986974397165,19.91424404808389,Benign
-0.21826084311874652,-0.12499442276347354,Benign
-0.2186134158038471,-0.09164296683145173,Benign
-0.2039483132488164,-0.16287289370210678,Benign
-0.2435016408692545,-0.36815701170268633,Benign
-0.20393945719282502,-0.2550740512228502,Benign
-0.21156826767334627,-0.4209153130264002,Benign
-0.18922974532726436,-0.3161708470274462,Benign
-0.22077730943639606,-0.2855087032891621,Benign
-0.18880809536545012,-0.27644206779754377,Benign
-0.21467483301586848,-0.460270172544075,Benign
-0.20805257906410143,-0.13107051005078862,Benign
-0.21643999929051003,-0.10721909199716877,Benign
-0.20008469404993245,-0.21518811767100074,Benign
-0.25372591417194296,-0.0398615307680092,Benign
0.9531077552775371,-0.38181868902766375,Benign
-0.24962562884708223,-0.36826730588927237,Benign
-0.187993715136255,-0.27801463100171075,Benign
37.17682638506142,-0.14590731738038692,Benign
-0.26528522168298563,-0.29720741495130093,Benign
-0.20072320049992184,-0.20073674789731788,Benign
-0.2773468719141278,-0.3727337242332713,Benign
-0.15814234360848545,-0.37088328660020004,Benign
-0.15778813866586275,-0.447247020306292,Benign
-0.2090996353964445,-0.6473763429068455,Benign
-0.21218433755909977,-0.38082518654591296,Benign
-0.2097469463216604,-0.2047871858351547,Benign
-0.20249382151445997,-0.24486447510752404,Benign
-0.18148858388324832,-0.2910501673182023,Benign
-0.1767783686461675,-0.2450359318606961,Benign
-0.21095577804596014,-0.164527587157615,Benign
-0.25492401228838024,-0.295160142726724,Benign
-0.20436479666199528,-0.22074752752498544,Benign
-0.16391270991961673,-0.25662281588522273,Benign
-0.1339500306474683,-1.1581217271462971,Benign
-0.198100580619099,-0.8512023467301166,Benign
-0.19959236946943512,-0.25989313140354264,Benign
-0.18714168558772373,-0.21463874048718237,Benign
-0.25343571693435685,-0.3063052675091025,Benign
-0.2078388784456921,-0.2135418166622709,Benign
-0.18995828860403216,-0.22204856831301895,Benign
-0.2183117093160294,-0.11644523565844178,Benign
-0.19144725255620806,0.4317841763726269,Benign
-0.2111494073470735,-0.19155741395276724,Benign
-0.2028920735972598,-0.19987729405637916,Benign
-0.19743843701343575,-0.2038638678194378,Benign
-0.23275830162036432,-0.24380330162741004,Benign
-0.22034059863912225,-0.2657988832308757,Benign
-0.2203389621722644,-0.26648021486704565,Benign
-0.22049643915123912,-0.23110575520327892,Benign
-0.0850215148180908,-0.4507897533737843,Benign
-0.2021696608162974,-0.2703149203809637,Benign
-0.2156391492392376,-0.6352287478102989,Benign
-0.21431651380846578,-0.6511499054024011,Benign
-0.21539280577609024,-0.514152273635385,Benign
-0.21447902558748735,-0.6244122299407991,Benign
-0.2144257291649168,-0.6278238395619495,Benign
-0.21426381301554642,-0.6667164580583599,Benign
-0.2509057829958007,-0.33409388685994235,Benign
-0.2509513419529894,-0.32054282118340727,Benign
-0.2284980529997545,-0.2567060051609752,Benign
-0.2109557289331807,-0.2806219229522923,Benign
-0.25379875587637574,-0.3083083028814998,Benign
-0.23424687114673792,-0.2240782057584336,Benign
-0.23085799952974936,-0.32453965014699926,Benign
-0.25419575982879405,-0.31054516392955755,Benign
-0.21072825774819223,-0.18337909795219698,Benign
-0.19772811289528378,-0.17386760001554638,Benign
-0.19685153635911712,-0.2189865501076378,Benign
-0.17660465233608108,-0.5684357074633655,Benign
-0.13620448419060116,-0.49566404748703075,Benign
-0.08714220608234967,-0.33926038612993187,Benign
-0.2216314044258732,-0.5438263355539253,Benign
-0.22758851174922579,-0.4045309978253697,Benign
-0.22944995755193826,-0.43667997536843023,Benign
-0.2755416654955742,-0.20522804010910983,Benign
-0.2285110445841705,0.06310354801001056,Benign
-0.22852717210768783,-0.189241112524093,Benign
-0.1488183423172814,-0.7420611784672841,Benign
-0.15571371355374594,-0.4486827574955923,Benign
-0.15168305804709123,-0.26091550499969646,Benign
-0.24601458095640197,-0.3599882345427351,Benign
-0.24609076950758002,-0.227250499921945,Benign
-0.1874731463863727,-0.38425575978222726,Benign
-0.22733739602168193,-0.26910353526769054,Benign
1.5835814929004168,-0.32444143067531883,Benign
1.588059763891559,-0.3117362540057816,Benign
-0.2033460147561514,-0.2192829057429822,Benign
-0.21049190021564843,-0.24668443414748267,Benign
-0.20331337381503578,-0.38814522227650455,Benign
-0.21668218961496785,-0.46294100143316314,Benign
-0.1576970442945677,-0.6906673637270707,Benign
-0.13013902781137113,-1.198493908400823,Benign
-0.07918642314697646,-1.2551224922751991,Benign
-0.1918500885713785,-0.6736420707303691,Benign
-0.1952830862385405,-0.24466177540662193,Benign
-0.22201806463111326,-0.27887256985441966,Benign
-0.20845589385594798,-0.2359545458127749,Benign
-0.2482686550749792,-0.3945299722986048,Benign
-0.19352864371885478,-0.27100090991409026,Benign
-0.2448292109260982,-0.4068465005285898,Benign
-0.19461881112735277,-0.2892636748700483,Benign
-0.18536077024942296,-0.2976186054722993,Benign
-0.19980455477267992,-0.1404235036896987,Benign
-0.23264432904893995,-0.3127705836593818,Benign
-0.2163422679210773,-0.29670550916077115,Benign
-0.25140018126265923,-0.32667572163226966,Benign
-0.2554620179560609,-0.24355718036524482,Benign
-0.2275843894244473,-0.3061745428452354,Benign
-0.2027385115135657,-0.22030073447974682,Benign
-0.18191828252599573,-0.22510792973016025,Benign
-0.20664385372663516,-0.1656904302248835,Benign
-0.25465990288711543,-0.2566839471759555,Benign
-0.25541341780111515,-0.061897316192342317,Benign
-0.2532137856532026,-0.32671870111149603,Benign
-0.2532047150600006,-0.3153798601597508,Benign
-0.21975194024191758,-0.48855763282401216,Benign
-0.2053641633866989,-0.20608694418227907,Benign
-0.23210200877149978,-0.2552571243561929,Benign
-0.20643323968772875,-0.21630670435533217,Benign
-0.2064112721834834,0.31289155562797943,Benign
-0.19923471268870163,-0.2603564017501959,Benign
-0.19920339127446077,-0.25314737573175683,Benign
-0.24785842171881028,-0.3728107403520548,Benign
-0.20292159475069926,-0.2164762595505356,Benign
-0.19619477123091103,-0.21462993977703632,Benign
-0.19440071857196034,-0.1622955664263148,Benign
-0.20364489242963904,-0.4660750984437158,Benign
-0.23757855998289487,-0.010546729805923154,Benign
-0.15123322167185727,-1.005298980207776,Benign
-0.20691122943815346,-0.7664301942700448,Benign
-0.1967716552547108,-0.20576195044549322,Benign
-0.25359212318806806,-0.21049898580020268,Benign
-0.2540837098013103,-0.30974568354858784,Benign
-0.2475629273830497,-0.3939284577673001,Benign
-0.24773180340751666,-0.358081854897114,Benign
-0.21786462236017107,-0.08269071479298144,Benign
-0.20158003455315876,-0.2670293952174807,Benign
-0.21788977194780645,-0.1378310834866643,Benign
-0.17254155941887472,0.21684306938427314,Benign
-0.19259943986658654,-0.3794773985435712,Benign
-0.19884827082501821,-0.39599201478208657,Benign
-0.20201328062656942,-0.19262476443040788,Benign
-0.29704321228695263,-0.1764968205442807,Benign
-0.2520392018750403,-0.2982582404659086,Benign
-0.2369233160715323,-0.39214482610139956,Benign
-0.23527099037849258,-0.4813916307605378,Benign
-0.22720161005139866,-0.21773694552128542,Benign
-0.2510374701682695,-0.32277286654353193,Benign
-0.24410729468147904,-0.27141353419670955,Benign
-0.2517185553959263,-0.3128947389847983,Benign
-0.2500019755280839,-0.37169379738912545,Benign
-0.24961295546126688,-0.3138769221025845,Benign
-0.2724522253932217,-0.44498822110689695,Benign
-0.13902331968617465,-1.0643593580913362,Benign
-0.08206121311083482,-1.0993018434486466,Benign
-0.1971314717988378,-0.5117551090762444,Benign
-0.20445696125262292,-0.7055254719131447,Benign
-0.23353012952762087,-0.41008993725135584,Benign
-0.22295791961203112,0.16549314222487618,Benign
-0.2339998783636735,-0.4453283752781616,Benign
-0.19429589240595416,-0.18806606945011498,Benign
-0.1972177911828609,-0.3052438613986547,Benign
-0.17608647055575155,-0.1471381099600696,Benign
-0.2077750039520241,-0.22464036605032506,Benign
-0.14616416045473657,-0.4679624062857696,Benign
-0.1458159610740096,-0.5227581851630364,Benign
-0.2231099391325931,-0.1837809889645455,Benign
-0.21230638491447767,0.14918765087500685,Benign
-0.1865540613563716,-0.31406905170006555,Benign
-0.1354187452964651,-1.0369610160007412,Benign
-0.1956884495686798,-0.24093562968788573,Benign
-0.1994311718678067,-0.1955615075607411,Benign
-0.1953641561544259,-0.20378600714053055,Benign
-0.25977538103814707,-0.31884738119647754,Benign
-0.2077535380637078,-0.40230570191904164,Benign
-0.20441374122447656,-0.2998521263779428,Benign
-0.16302586422691914,-0.3332456737875388,Benign
-0.19724763904858741,-0.2025668519495454,Benign
-0.16320541138722638,-0.11492168010963813,Benign
-0.22050163735605924,-0.26455842785368555,Benign
-0.2181384788126456,-0.29844097524270413,Benign
-0.21234019278274205,-0.21767470533927216,Benign
-0.21669620749167223,0.1581772123951524,Benign
-0.201196620427929,-0.18605874482058835,Benign
-0.2022875280980802,-0.20215921777581083,Benign
-0.20830212912633347,-0.1742896522207015,Benign
-0.25843211142082756,-0.14804455997569801,Benign
-0.2620889772220723,-0.2959714740356754,Benign
-0.20409527446524536,-0.2013779352839862,Benign
-0.22073514851833698,-0.14690869118108676,Benign
-0.2056009952986465,-0.09932369178966148,Benign
-0.20645753255955276,-0.23716448172428994,Benign
-0.20483554180048952,-0.20454468999643316,Benign
-0.19910417251876145,-0.19550307680591297,Benign
-0.11310125170016261,-1.4642467995729154,Benign
-0.19520752618902867,-0.19250342183656674,Benign
-0.19057888642818857,-0.16670264274177404,Benign
-0.25469683052844866,-0.2987270676460679,Benign
-0.274199762895125,0.056789723009842384,Benign
-0.2068943354617208,0.6908256447288015,Benign
-0.18350502001855123,-0.2819852981460577,Benign
-0.18360726816453116,-0.26368110118071464,Benign
-0.19035776306688576,-0.29155519344751385,Benign
-0.24167053015366627,-0.44925904814103584,Benign
-0.20529164447527462,-0.7440683297534986,Benign
-0.19937437800357552,-0.1967601493028567,Benign
-0.19666878628835602,-0.3110487267235667,Benign
-0.18065892814709159,-0.33126197089077414,Benign
-0.24503576852852163,-0.07400374700005084,Benign
-0.24308230998351027,-0.35926940405479035,Benign
-0.2176205397196696,-0.17069574353854042,Benign
-0.04351601903184668,-0.17114628144951632,Benign
-0.03194673713720492,-0.2178564749073528,Benign
-0.032074539805994784,-0.2397770007802092,Benign
-0.03192434331567537,-0.2804149625529794,Benign
-0.03208998063359851,-0.23785246788254188,Benign
-0.2548097814223674,-0.33460260861649094,Benign
-0.2519904663028151,-0.47887498986412913,Benign
-0.21117143122356896,-0.14474121889361222,Benign
-0.20673332251463708,-0.31945976335679643,Benign
-0.2043777017079949,-0.23510321358787764,Benign
-0.2550727263020862,-0.21181139779595057,Benign
-0.20019709101773525,-0.2554074412140699,Benign
-0.25540453825953846,-0.1841886649958312,Benign
-0.254868941220357,-0.28627524371492413,Benign
-0.2536851017122209,-0.27105431976230326,Benign
-0.25316541699087,-0.31757784681377177,Benign
-0.22981719711519108,-0.27925485178506465,Benign
-0.21693948293888365,-0.30740845937121225,Benign
-0.253346881139299,-0.07213492661076554,Benign
-0.18837009831764082,-0.32416086413562545,Benign
-0.17787504238612792,-0.34068340650128903,Benign
-0.20721406837773163,-0.22734560493148837,Benign
-0.224688487929608,-0.2950627210957551,Benign
-0.21768880599350227,-0.09128610178451542,Benign
-0.2453959112655906,-0.3830661596244211,Benign
-0.1467839765880042,-0.6839733372465052,Benign
-0.23524571686396595,-0.23493819146893508,Benign
-0.21946414327500371,-0.26933886733471385,Benign
-0.24260838672659082,-0.40651785614301117,Benign
-0.19077905576756682,-0.19064080312732626,Benign
-0.19941381646340217,0.8804929291724597,Benign
-0.19081083452678754,-0.28104920989562004,Benign
-0.21699192340707427,-0.4333890780850914,Benign
-0.16699435175288824,-0.47044240395672327,Benign
-0.1671471355294066,-0.4343595604590091,Benign
-0.24202073387971973,-0.3831415348374969,Benign
-0.24213403594949917,-0.3545860795304746,Benign
-0.232957958638854,-0.41740592751449385,Benign
-0.21689464623059032,-0.19540532995177823,Benign
-0.24958924779751002,-0.3063963616816313,Benign
-0.2278439092622677,-0.2697414636173294,Benign
1.5766598714255955,-0.40939156863140086,Benign
-0.25073044041122994,-0.31575308442130046,Benign
-0.2110661503015759,-0.15573896639615567,Benign
-0.24810077849532153,-0.34049784711305286,Benign
-0.2220509965556692,-0.22299965878459904,Benign
-0.20175612045078214,-0.16187954829051254,Benign
0.31961986371106305,-0.46851677407563275,Benign
-0.2473941748668544,-0.3381515214309043,Benign
-0.2311772578682058,-0.2716939097388334,Benign
-0.22285124245869142,-0.24882041770105856,Benign
-0.22843657988339633,0.7307419883327462,Benign
-0.25204868269305786,-0.3416361678975947,Benign
-0.2541387319598435,-0.21188722759038622,Benign
-0.25323473237067484,-0.16042790681260574,Benign
-0.23875709908903367,-0.19301203668864664,Benign
-0.22543863419301968,-0.6158305746702574,Benign
-0.2502759092690363,-0.36291425912159586,Benign
-0.2265707540256153,-0.20623422110275194,Benign
0.29892324633720013,-0.34706790984257047,Benign
0.32788147459308975,-0.3919864315497235,Benign
-0.18131259783521442,-0.5768160852178533,Benign
-0.23561260906494433,-0.4044695786628638,Benign
-0.20997141799433,-0.19849611256501146,Benign
-0.21778167706289323,-0.30080476439169934,Benign
-0.20167871942693363,-0.1746157797034768,Benign
-0.19606439828252184,-0.21142689870769177,Benign
-0.19970667683928087,-0.20144663044438055,Benign
0.19675208151512374,-3.9956827203059357,Benign
0.715413949253839,-4.102904453878645,Benign
0.7191041426554052,-4.048014150911597,Benign
-0.3089755371486126,-0.3353384530902187,Benign
-0.20108630668554112,-0.16408520165228116,Benign
-0.2184170315280241,-0.205497311264964,Benign
-0.22433071297398838,-0.14119022631571118,Benign
-0.19516911306947063,-0.2078009120115599,Benign
-0.20564433290120818,-0.23532021611556408,Benign
-0.19858673166180404,-0.21652601472967722,Benign
-0.21604757858864057,-0.4827352270521507,Benign
-0.24734307923461424,-0.3491453217985639,Benign
51.86677916479716,-0.12802822026554406,Benign
-0.1692174515955185,-0.5716936905514546,Benign
-0.2515250569941244,-0.340722714821395,Benign
-0.2653076635901324,1.5664325757383715,Benign
-0.2508772254642033,-0.352366379763189,Benign
-0.2815809858464835,0.5927691402166825,Benign
-0.17862842090178885,-0.26817571724574585,Benign
-0.20055539308438294,-0.28106784066696894,Benign
-0.1844497610176899,-0.38408854296102257,Benign
-0.16459677969087227,-0.15471493933625777,Benign
-0.2087292901620745,0.41785956677129144,Benign
-0.21022479352166012,-0.20244851712029513,Benign
-0.2156232738000234,0.08776921363463916,Benign
-0.19501728148472902,-0.02832947677401052,Benign
-0.24717096246231618,-0.3425663991777875,Benign
-0.19292145122159565,-0.33382191750780166,Benign
-0.21812738901332904,-0.2634347042190457,Benign
-0.1980396419443344,-0.19499104464440395,Benign
-0.2165650220177884,-0.38270373518318723,Benign
-0.2044127502268082,-0.12800217201200192,Benign
-0.24589697950555126,-0.37574519072734114,Benign
-0.1780290108352816,-0.3868665264148974,Benign
-0.19744281706943362,-0.29487506459845236,Benign
-0.25341269957763674,-0.3163885382769313,Benign
-0.25222991834183933,-0.30784516764260095,Benign
-0.20530882661573283,-0.7363435514390726,Benign
-0.20536786994140985,-0.7361947519711501,Benign
-0.20638778065376465,-0.16112943845533018,Benign
-0.19053692894679045,-0.2407324378941855,Benign
-0.18506537544937812,0.42384861906480786,Benign
-0.18594249525862802,-0.2086117509985936,Benign
-0.19211368008118745,-0.4835579621544494,Benign
-0.12417119644005783,-1.4213622948473918,Benign
-0.22775895003214477,-0.542123247100411,Benign
-0.15770432707432264,-0.3913621346619529,Benign
-0.21819554608393063,-0.6035253491703265,Benign
-0.19351391680695598,-0.3366040040555731,Benign
-0.16688990170761775,0.3024678706686892,Benign
-0.20955843851437517,-0.20145614811668897,Benign
-0.20892666992125228,-0.16505528538432732,Benign
-0.1995410263453103,-0.1688533456377339,Benign
-0.25894014416902117,-0.22080117314505385,Benign
-0.25643339317707536,-0.38932055462756937,Benign
-0.20251582297113765,-0.273714193000317,Benign
-0.18363434312592067,-0.28891699512934194,Benign
-0.18868849084690908,-0.18911196760719193,Benign
-0.16756232892497364,-0.683900308485395,Benign
-0.2009504684859967,-0.8163442427138312,Benign
-0.19892026230860255,-0.8639810063136324,Benign
-0.1459593700230597,-0.48236568955510817,Benign
-0.2024102970653679,-0.19521400543856365,Benign
-0.20883915175888645,-0.21223701554024582,Benign
-0.2540967529447681,-0.30203182564725506,Benign
0.45248180976634256,-1.721486344838953,Benign
-0.14883932510561565,-0.8834502399923752,Benign
-0.19372547444224247,-0.3017903530781126,Benign
-0.24318223980754736,-0.124205728626207,Benign
-0.22898757926951752,-0.49974952451071813,Benign
-0.2206306541895063,-0.33189201307420313,Benign
-0.21377312054200523,-0.19087343714052796,Benign
-0.23833483931617594,-0.3244183253052701,Benign
-0.20377681148538376,-0.284473588973767,Benign
-0.2045589151981902,-0.21716612857233764,Benign
-0.255596261563886,0.09852342129173912,Benign
-0.1910962149354599,-0.15931638282486926,Benign
-0.2538291819006521,-0.30396874822005365,Benign
-0.22970330334949648,-0.26956320985190224,Benign
-0.22130615649491048,-0.2711742696766927,Benign
-0.221296865483802,-0.26860859606629495,Benign
-0.22133631787107316,-0.25973857883410345,Benign
-0.13678314607908745,-0.7614270149748106,Benign
-0.21988328243749672,-0.5672802975958146,Benign
-0.2184966931565902,-0.6049012978918676,Benign
-0.218300284079786,-0.5799601996668122,Benign
-0.1617832882492282,-0.5236700179182487,Benign
-0.2175660248982493,-0.1797701923454511,Benign
-0.25442370996086167,-0.17979230929143702,Benign
-0.25473483019165694,-0.3124294059153656,Benign
-0.22610968370222922,-0.3294657337900802,Benign
-0.14944588719365146,-0.1977212449499589,Benign
-0.12734931626301813,-0.20535760734328012,Benign
-0.13793088290516511,-0.16387122097990922,Benign
-0.24670215628328873,-0.39859184545939785,Benign
-0.19807342662392413,0.015461614648135837,Benign
-0.1887296716529856,-0.22665512443958352,Benign
-0.1887546236831275,-0.22790306419133446,Benign
-0.20106772294387865,-0.1523166665622518,Benign
-0.2501322342154336,-0.3390332125579631,Benign
-0.2333665207418878,-0.21630632938322156,Benign
-0.20739066614890087,-0.20769261644218537,Benign
-0.19761554825780653,-0.09360994782477344,Benign
-0.2594237103913027,-0.16350346898628706,Benign
-0.19806062325087337,-0.22992948050977485,Benign
-0.2552829569866302,-0.3096485352111886,Benign
-0.19984093666016603,-0.26455931702797314,Benign
-0.1970900283409571,-0.3147287018315692,Benign
-0.20860108413168008,-0.22212250047824877,Benign
-0.2448349425759583,-0.4022677822078238,Benign
-0.2102941863375979,-0.2096310832168214,Benign
-0.20880688747032397,-0.28554717145274333,Benign
-0.1982939589534824,-0.235485147116011,Benign
-0.2040737443755013,-0.21215155801723015,Benign
1.5815985041618184,-0.325776510481853,Benign
1.5806692674971898,-0.5259593766161634,Benign
-0.20733820219761112,-0.1816285723149229,Benign
-0.1855503509292711,-0.4152045291006743,Benign
-0.22296604200314044,-0.24115856896916466,Benign
-0.1899882044364713,-0.23756024783734814,Benign
-0.23539265253887579,-0.17912598796114557,Benign
-0.21934650764662764,-0.2470078028818095,Benign
-0.2468420707719382,-0.3199858189050709,Benign
-0.24537193840842503,-0.3797974412939599,Benign
-0.21338473877603845,-0.28616353088563423,Benign
-0.25339959986859967,-0.294497522030737,Benign
-0.2534399553220708,-0.3006117556966451,Benign
-0.21303605124385525,-0.306682028576991,Benign
-0.19755386580886375,-0.27189037594260257,Benign
-0.18206325839834459,-0.3879262270960415,Benign
-0.16707629509746813,-0.40589738269309916,Benign
-0.19483061262180934,-0.24829626728229778,Benign
-0.2476866265932337,-0.3717014550571693,Benign
-0.21149968914547587,-0.21353834908760355,Benign
-0.25313115985405876,-0.18323988033388106,Benign
-0.2574462141447066,-0.3335974305788647,Benign
-0.2559167181587824,-0.4097022077168372,Benign
-0.20087056168025738,-0.2213716551249952,Benign
-0.19362207729884326,-0.26241796237714027,Benign
-0.20775007573390208,-0.2635922632271808,Benign
-0.2536112563916454,-0.32057433542753033,Benign
-0.24454996382453495,-0.3891413289719934,Benign
-0.20781258857061066,-0.1789301755338833,Benign
-0.18832026851361253,-0.2869788686491521,Benign
-0.2265412893688601,-0.2550601450295046,Benign
-0.20200896912938382,-0.22269002876736413,Benign
-0.24654982403004655,-0.3330602761283986,Benign
-0.20832680131012943,-0.14163962611909606,Benign
-0.20544809303679518,-0.06596595932566851,Benign
-0.27368503209405215,-0.20325411158378662,Benign
-0.21497450927827885,-0.11005344636668521,Benign
-0.24291740707416012,-0.2593578974246081,Benign
-0.2064891077411949,-0.46072618590513525,Benign
-0.21502355877303242,-0.3718324247841828,Benign
-0.23181957978611958,-0.14678761932887346,Benign
-0.2549244093160754,-0.2250462920948911,Benign
-0.2012434976490304,-0.27940840789649635,Benign
-0.22093331414981046,-0.2539772509215482,Benign
-0.19391217026889387,-0.2649527860104336,Benign
-0.18987102523716964,-0.25671619310727856,Benign
-0.21733216026455449,-0.030256050478967206,Benign
-0.20447671456690047,-0.087821239716728,Benign
-0.24951833332924328,-0.28859041579201034,Benign
-0.039957189837254416,-1.6399243480854477,Benign
-0.206240590529277,-0.22249108338815352,Benign
-0.20488224819010345,-0.3095984606935039,Benign
-0.22432361374589588,-0.2834731703799195,Benign
-0.2001050557766093,-0.2594328783746261,Benign
-0.2346304008996644,-0.33883995649935855,Benign
-0.20976654794817365,-0.20130752340689997,Benign
-0.2452494492478378,-0.4449114527313089,Benign
-0.24428285419735646,-0.3822735775528846,Benign
-0.21222526383764714,-0.13805154381332843,Benign
-0.19466369198177302,-0.20003818229781625,Benign
-0.2089526483545477,-0.2504803403623825,Benign
-0.2034833265943336,-0.19785513862759813,Benign
-0.1961825682397648,-0.18272990564408592,Benign
-0.19597277521538942,-0.20998324101398014,Benign
-0.21016788088683833,0.3694473276647466,Benign
-0.211250281019587,-0.3046832544417872,Benign
-0.24927802871630134,-0.32959167506422726,Benign
-0.1776706656751199,-0.24821512360332398,Benign
-0.25502505233327305,-0.2910851666330638,Benign
-0.20719884345497078,-0.16530380146898724,Benign
-0.18792389720734284,-0.28230607968410193,Benign
-0.1869838496160317,0.7444041123301613,Benign
-0.2366426910209122,-0.43293034054569135,Benign
-0.20193129076317012,-0.1992848538845695,Benign
-0.24529646691650767,-0.382555314963116,Benign
-0.2543696776683356,-0.21996534028523898,Benign
-0.2528656653427803,-0.2899157359416661,Benign
-0.23117391505721727,-0.21357916588773074,Benign
-0.23667565783887282,-0.27040406717423443,Benign
-0.22286021062325792,-0.23963720836502014,Benign
-0.22159700821573255,-0.2683882503269946,Benign
-0.2547672495640018,-0.28213246771768163,Benign
-0.2029948626957659,-0.1669878123410043,Benign
-0.20329770504267616,-0.19388980457448876,Benign
-0.1969358831821748,-0.23710488348022002,Benign
10.202614062864273,-0.17972851992152192,Benign
-0.16681979447683837,-0.569687877166719,Benign
-0.13328113456162033,-0.6599795991188241,Benign
-0.20987392809010155,-0.6694306593371511,Benign
-0.19726628961111026,-0.294749940665445,Benign
-0.17805716916622033,-0.44578341654384357,Benign
-0.24232579278969726,-0.4389910576320992,Benign
-0.2149163301064696,-0.16581815414505183,Benign
-0.19826387347664878,-0.18891440278641106,Benign
0.04927062930135014,-0.34057726636447644,Benign
-0.21206177700374584,-0.1892813991649865,Benign
-0.21001890254708788,-0.22839256118312187,Benign
-0.21722546854890784,-0.1829299356746224,Benign
-0.19859582782966198,-0.2621539848505215,Benign
-0.1989024954070105,-0.1748889851878282,Benign
-0.19877936361215467,-0.20746292511929576,Benign
-0.19945113642123843,-0.15161630058690537,Benign
-0.19614370714449866,-0.21559179644188153,Benign
-0.19628002478963436,-0.20976198175287747,Benign
-0.2533666633608216,-0.31519215751005986,Benign
-0.25287029881030915,-0.3329551222618977,Benign
-0.2520671255472412,-0.28965683869096065,Benign
-0.25190975084009415,-0.29062565376330696,Benign
-0.2519882153763894,-0.27211099301046926,Benign
-0.19641518213856535,-0.1631605185906512,Benign
-0.25549444652088815,-0.18026612876311515,Benign
-0.2538840129484163,-0.2946465691280503,Benign
-0.23408048312972798,-0.19458263212214896,Benign
-0.2056315491544311,-0.17397439035500775,Benign
-0.2067198277298173,-0.21582418368221182,Benign
-0.2539160898425718,-0.29679043166578695,Benign
-0.2525857874297289,-0.3316263543509519,Benign
-0.25223185973324624,-0.3437743966886793,Benign
-0.19518157736050554,-0.25059921421610126,Benign
-0.24023202573997512,-0.44427594287007743,Benign
-0.2327639367442233,-0.4243544638057241,Benign
-0.23887947146924082,-0.42375077986672544,Benign
-0.24372818645964542,0.44655898870906013,Benign
-0.2400673626447491,-0.07503476522205325,Benign
-0.22004031766875934,-0.21150812527110385,Benign
-0.2219150794931033,-0.4463934758849754,Benign
-0.20254880998995117,-0.23064082497313976,Benign
-0.20569930921971277,-0.23268513720043388,Benign
-0.21716106633367455,-0.2614089818849532,Benign
-0.25428798802100283,-0.28118449912045157,Benign
-0.19992867294496278,0.19593853740439618,Benign
-0.22705297412990325,-0.08199990849812273,Benign
-0.22967485083619324,-0.3004695878434456,Benign
-0.2400885386852862,-0.3685164800535517,Benign
-0.20654397306494976,-0.2342547258176016,Benign
-0.25368131140540795,-0.2890710068899975,Benign
-0.25215367384059234,-0.3029337999348811,Benign
-0.25254876163337997,-0.2742536705888847,Benign
-0.20939947758808392,-0.8419557702463834,Benign
-0.17379083648940408,-0.6924255727848522,Benign
-0.207793524684529,-0.3913451705226882,Benign
-0.1929203273155984,-0.3414556934604946,Benign
0.30873420736063983,-0.34874479909387823,Benign
-0.23834648066544947,-0.5206317600530991,Benign
-0.22218396005623167,-0.2702199078174211,Benign
-0.2133157303735837,-0.2895062072405638,Benign
-0.05363871274349829,-1.1094637219873327,Benign
-0.1901713598635463,-0.698192181151328,Benign
-0.15071937045479128,-0.599400666113459,Benign
-0.17924806762280632,-0.7335276884771785,Benign
-0.1351907764130871,-0.6775674755734831,Benign
-0.13137769221076936,-0.6421407615031497,Benign
-0.1901480470944742,-0.7187655558170937,Benign
-0.17094673876869987,-0.6738637445440335,Benign
-0.1886291548890923,-0.7003269707307292,Benign
-0.20880411400021034,-0.220367105133356,Benign
-0.2528075266692536,-0.34959551976293474,Benign
-0.2529150312880145,-0.3183485394068166,Benign
-0.25292734332409417,-0.31311285377720294,Benign
-0.19093981513967515,-0.2911148049944839,Benign
-0.16910459969628724,-0.34759404316087233,Benign
-0.23467978389940533,-0.3533565291172872,Benign
-0.19411124434979324,-0.30931635384349343,Benign
-0.21166923250577593,1.0352726088247988,Benign
-0.19319786823647614,-0.20048161798986977,Benign
-0.1931665261231714,-0.2085886392183849,Benign
-0.2068136932682025,-0.15853457809534033,Benign
-0.19642464193737974,-0.23841590519768718,Benign
-0.19295967316328005,-0.1560899478114331,Benign
-0.20385331700647233,-0.2227480973941299,Benign
-0.21674862932119135,-0.1840330228994919,Benign
-0.2245511088270696,-0.17633799723025015,Benign
-0.24799679737529778,-0.4196044744560205,Benign
-0.25076083311295577,-0.21895740345385908,Benign
-0.18448855382232499,-0.28869762950381916,Benign
-0.21730066024769262,-0.30025404841877373,Benign
-0.21189390083439968,-0.3520156383427841,Benign
-0.23417710653027302,-0.2917670957625778,Benign
-0.22599741100549664,-0.23079060585559938,Benign
-0.22625823361077882,-0.19982647358483357,Benign
-0.24959252882588043,-0.3648323457115984,Benign
-0.20319422836120363,-0.7356487565563237,Benign
-0.09149193760965588,-1.2808395177209015,Benign
-0.14149016932084457,-0.6443105143831875,Benign
-0.2501836861134456,-0.3400870864915765,Benign
-0.26144313479701936,-0.3934368143870249,Benign
-0.18539481765023333,-0.3691175343785002,Benign
-0.17208752180319994,-0.35098862248892343,Benign
-0.18687727394864656,-0.33503629509018334,Benign
-0.20656894250815072,-0.3329342857618618,Benign
-0.19630362244811275,-0.41102392597353876,Benign
-0.25099359993905346,-0.3266224650507302,Benign
-0.2529200801260122,-0.3049657374148561,Benign
-0.19384466232140884,-0.18445807322668742,Benign
-0.2244340551708193,-0.21248249325013097,Benign
-0.20742392395599255,-0.2665910481926907,Benign
-0.1899863662045991,-0.4005568372114511,Benign
-0.15089014514193894,-0.41095797742359763,Benign
-0.15091089765107799,-0.42183304335745836,Benign
-0.1962831449718795,-0.4120231129422095,Benign
-0.191062547281055,-0.23035609682750688,Benign
50.94880556057028,0.3415241774402828,Benign
-0.22898610909544154,-0.26487346500761544,Benign
-0.20152940883102954,-0.29518901280932275,Benign
-0.21145300393189712,-0.17810462867026833,Benign
-0.21510681180526875,-0.12125338386279629,Benign
-0.20179208692415815,-0.22956897946808838,Benign
-0.199362337089299,-0.16468205522338647,Benign
-0.1897347930527015,-0.22205310899836875,Benign
-0.2752030815563253,-0.20167289323884321,Benign
-0.27097971585806163,-0.2132423368631682,Benign
-0.24771676413229182,-0.37391998751239963,Benign
-0.18112481052010462,-0.2819456594283266,Benign
-0.24287401873545586,-0.4199042416583971,Benign
-0.2104669158155858,-0.2197829660806742,Benign
-0.21884819932132474,-0.6141974267790774,Benign
-0.2012792049498802,-0.3286247729880288,Benign
-0.2422898572550338,-0.35169971773846453,Benign
-0.22574487748885258,-0.06782923206969706,Benign
-0.21905697217272946,-0.29614964489110573,Benign
-0.2020523048812707,-0.19729728254204124,Benign
-0.18754630133556854,-0.2534695749388581,Benign
-0.21694212094367638,-0.3592505992242966,Benign
0.44569824162506705,-1.6586015618443537,Benign
-0.17308626898287444,-0.9361627347731348,Benign
-0.1270140252565071,-0.8914045264339809,Benign
-0.1691814365150678,-0.949052887261182,Benign
-0.1678295712116545,-0.983788399243054,Benign
-0.17282912366003725,-0.9323957549059338,Benign
-0.17144599448023423,-0.9688897435664249,Benign
-0.20988518799493136,-0.20409165869516058,Benign
-0.22106247494929424,-0.33331014216086413,Benign
-0.22156318979273865,-0.24042133600052779,Benign
-0.2213500226593293,-0.28399311236643887,Benign
-0.20041591540668535,0.5015469040616675,Benign
-0.17604480407671305,-1.0126478829273642,Benign
-0.2035441372184509,-0.22623781494812428,Benign
-0.18879311093858298,-0.4448821791361356,Benign
-0.19549855403842142,-0.16141972967131182,Benign
-0.19603811642307603,-0.21168365182261242,Benign
-0.18947678339654317,-0.25450419034742067,Benign
-0.19479821628256455,-0.21898268926473816,Benign
-0.20222537718558667,-0.2500587839482469,Benign
-0.1874239776531786,-0.2790350038228077,Benign
-0.23429892218977802,-0.461488741732217,Benign
-0.17617660157170034,-0.3138937095569862,Benign
0.3201737977247205,-0.4721582921306894,Benign
-0.11946913232023039,-0.3075494946070224,Benign
-0.20678155216094352,-0.3072305178302709,Benign
-0.20020063531927848,-0.23301421749447324,Benign
-0.19653496846269045,-0.2266670686557918,Benign
-0.20012912837421262,-0.11269521953485627,Benign
-0.19842527682805847,-0.08385431829727485,Benign
-0.1710897587204894,-0.37460018253178967,Benign
-0.19678446732211732,-0.2574383524783275,Benign
-0.24962085256500566,-0.3470870630316116,Benign
-0.17446962026485782,-1.0260168984308862,Benign
-0.20461272424446672,-0.20741588810808737,Benign
-0.2008526034183032,0.5779189794039238,Benign
-0.22915016319658954,-0.10811700725403937,Benign
-0.2124565579441444,-0.2490052046638489,Benign
-0.20216612565686037,-0.2719731522877756,Benign
-0.19722008653068202,-0.3049504067200001,Benign
-0.14025700532543733,-0.19620695848674882,Benign
-0.2050386319533916,-0.23160770752644125,Benign
-0.18542198110890695,-0.18511838659120655,Benign
-0.24943033645861035,-0.33716236226645907,Benign
-0.25356407916748674,-0.2647997589846044,Benign
-0.24971065230177464,-0.33378086468313195,Benign
-0.25311023585970166,-0.32177018077562786,Benign
-0.2056001806291795,-0.20298941738242662,Benign
-0.2067515827342741,-0.19901191238441113,Benign
-0.2347902189753802,-0.4888741067782235,Benign
-0.19140883218884114,-0.11636073368934667,Benign
-0.19087335428402646,-0.2132140518994032,Benign
-0.2113715479523133,-0.2711543415242628,Benign
-0.20582694877617322,-0.39969800502316105,Benign
-0.20501646627600587,0.02367061790373728,Benign
-0.19134544728223588,-0.3279807105484858,Benign
-0.18600271609090466,-0.37166559727660115,Benign
-0.21340228166000144,-0.17878015011426227,Benign
-0.21091174276340663,-0.22495244548401844,Benign
-0.21200450842415205,-0.2462386373280363,Benign
-0.20319338155829003,-0.0513527174282289,Benign
-0.193608460934016,-0.20935710167780902,Benign
-0.20107076480563935,0.15622882001247826,Benign
-0.18025849277009637,-0.19104187550493462,Benign
-0.1990829892166425,-0.16775710553990084,Benign
-0.1994328042158515,-0.21066542405561842,Benign
-0.18262085309911996,-0.24670959341091941,Benign
-0.17785319534120891,-0.6491766739694899,Benign
-0.21731333961993837,-0.1211757861162542,Benign
-0.23139408404774936,-0.23030185986770363,Benign
0.4535470793622567,-1.7376653245333387,Benign
-0.14887638930248917,-1.1947360368126014,Benign
-0.14776096698174296,-1.1736009528971953,Benign
-0.2364794911708493,-0.508531273877272,Benign
-0.20207600239391063,-0.24091768768804042,Benign
-0.22635549322897797,-0.554750902408826,Benign
40.3972967269314,-0.02244612792463624,Benign
-0.2385189166630402,-0.4209444520684526,Benign
-0.2284813362330198,-0.471688003580048,Benign
-0.23091141314631813,-0.48225964504909846,Benign
-0.24393945709116024,-0.3717100310511733,Benign
-0.24282816787910022,-0.35508675851180266,Benign
-0.20779014731410844,-0.08868471467465529,Benign
-0.15393794964722218,-0.5191555166464876,Benign
-0.21988698998217807,-0.5515261535411574,Benign
-0.22634150492094046,-0.26322228935056796,Benign
-0.1938692053981456,-0.13178864741082685,Benign
-0.19741012209916375,-0.21012166769499724,Benign
1.573470513968529,-0.23090747216799343,Benign
-0.2036957766021803,-0.292463196320346,Benign
-0.22018211775802948,-0.3008243775831309,Benign
-0.19725357967423268,-0.29605576766069064,Benign
-0.1846197266768319,-0.33640308493832416,Benign
-0.19368582217891936,-0.1366508152661133,Benign
-0.2069585287437062,-0.712400033446171,Benign
-0.21483016152064946,-0.14745569438057643,Benign
-0.20012527591493715,-0.19988681783300713,Benign
-0.19403652831326224,-0.1969664827983047,Benign
-0.1953382182536048,-0.2565477098542951,Benign
-0.2508839567605589,-0.2633128188936051,Benign
-0.25948094248438675,-0.31958402967971816,Benign
-0.25341432984460094,-0.32907329213508557,Benign
-0.2498864162987416,0.08716241609640879,Benign
-0.1971611951972974,-0.23054547315194196,Benign
-0.2522035304355437,-0.25849082804644724,Benign
-0.2517120713009894,-0.3229583385834369,Benign
-0.2013856886771519,-0.18046328274120932,Benign
-0.21977117373096458,-0.21394770383630998,Benign
-0.24869962861127892,-0.36447074177804356,Benign
-0.17026861410541183,-0.5942273440042499,Benign
-0.19937831984101387,-0.22215097982212698,Benign
-0.2082424040017631,-0.7201745572720899,Benign
-0.20710015008525642,-0.7014219244663081,Benign
-0.1537678785412661,-0.6472245254205775,Benign
-0.15774789033220815,-0.6014946154982729,Benign
-0.24802609918476465,-0.39693139089140084,Benign
-0.2208032744750765,-0.15246161013041223,Benign
-0.1906120991074116,-0.16302550743884814,Benign
-0.23581561976068527,1.3941528106266325,Benign
-0.25493946232725967,-0.3093523562879458,Benign
-0.351093044652546,-1.6870561175775602,Benign
-0.21730201609119074,-0.18749683578847826,Benign
-0.18850142547528628,-0.8943468434672288,Benign
-0.2530030434148618,-0.2226451364401228,Benign
-0.19265946990855773,-0.1754112161480917,Benign
-0.2235559913821691,-0.33376165922142864,Benign
-0.267302708611135,-0.6558390834636301,Benign
-0.2128293372450497,-0.15593392070507772,Benign
-0.16547270280048823,-1.1072160374144986,Benign
-0.16821354963615723,-1.1148069377741554,Benign
-0.2096462380592185,-0.19595044026604122,Benign
-0.19753744231159476,-0.1921813482382786,Benign
-0.21193235854973044,-0.409153126139761,Benign
-0.19820476034143142,-0.49864823251864115,Benign
-0.1972758586745791,-0.1398484759099971,Benign
-0.18710226889952875,-0.22761510062851778,Benign
-0.2021057630862877,-0.2329480462634681,Benign
-0.20392586039039973,-0.24463734408242516,Benign
-0.19407001230762455,-0.24520490745788978,Benign
-0.22000433689212423,-0.0674826853166571,Benign
-0.21463121870540944,-0.2042945819898047,Benign
-0.20501206341406358,-0.2737984231304387,Benign
-0.19767617102691987,-0.2139563598887443,Benign
-0.17582139136124628,-0.36868543939166304,Benign
-0.17582983759526233,-0.36663066050221005,Benign
33.44591559275385,-0.0954299926164461,Benign
0.45369519956604465,-1.7341017427642522,Benign
0.2908658227202006,-0.49879891925432807,Benign
-0.20698901096121525,-0.1987987394648556,Benign
-0.17394317138252935,-0.20615014904651102,Benign
-0.16702920586069758,-0.16259675811360066,Benign
-0.20056345355857147,-0.23735344199984887,Benign
-0.2277962379821933,-0.20082478354706518,Benign
-0.20896856810138148,-0.2517105733276856,Benign
-0.10030191611411288,-1.155644885107186,Benign
-0.1419996777907917,-0.8111090177165172,Benign
-0.24452556256342453,-0.36343406577675463,Benign
-0.23569270669219566,-0.43386829166647695,Benign
-0.19841045333518928,-0.17839561970196688,Benign
-0.20424523558242255,-0.20650073469090185,Benign
-0.19985753198474887,-0.1861496271411291,Benign
-0.1999394892613161,-0.1583488030290645,Benign
-0.20396041129814338,-0.19272046636067958,Benign
-0.25248412314900043,-0.32482194269260695,Benign
-0.25118771107293036,-0.3434140179936076,Benign
-0.2058928977886305,-0.2180752471822739,Benign
-0.18596341325142307,-0.278604192449628,Benign
-0.20754669511025117,-0.08081967988177186,Benign
0.29434038063523726,-0.4637948639117301,Benign
-0.20708971703820278,-0.22128923124442546,Benign
-0.21788752251308077,-0.27300504378419815,Benign
-0.1859133029552367,-0.5748231130735022,Benign
-0.2005815613504707,-0.2095783179622748,Benign
-0.19291402279119677,0.5003072419135912,Benign
-0.18467343319779705,0.35400822669664694,Benign
-0.2044005896671466,-0.08823573064591311,Benign
-0.1502162593554059,-1.2453814225374067,Benign
-0.23385895489124822,-0.26490371010851166,Benign
0.3187301167279635,-0.3817997769863122,Benign
-0.25197571207398944,-0.34087937390184797,Benign
-0.20645059363942775,-0.1859157316319081,Benign
-0.18579410847129832,-0.27006502440017743,Benign
-0.1954177707051294,0.23068601798896898,Benign
-0.18837345677369996,-0.7133979569763313,Benign
-0.2060663454751013,-0.2681725065057214,Benign
-0.16714196449568192,0.1501630919161975,Benign
-0.23352229889148943,-0.4007615848623047,Benign
-0.25250314125025386,-0.24937959670580953,Benign
-0.2540849342331387,-0.31830220476121124,Benign
-0.25415763468405395,-0.30733089559843346,Benign
-0.24246648942971047,-0.382441230841389,Benign
-0.21609334260404123,0.08417327218088355,Benign
-0.206000632613309,-0.1885648590877879,Benign
-0.19718823051400663,-0.31321067068536435,Benign
-0.24677946593755035,-0.3462257090466291,Benign
-0.24556330799909998,-0.3595352978241549,Benign
-0.1410507955710166,-1.287129043689509,Benign
-0.17259132456157605,-0.8120029246912998,Benign
-0.17323471105189145,-0.5469309399978647,Benign
-0.20681124877078857,-0.25386831952965355,Benign
-0.21263586304689439,0.015517132483802452,Benign
-0.193546914773922,-0.2190886675209313,Benign
-0.18270142891559293,-0.2859554351896469,Benign
-0.21404899478075254,0.1365273060578892,Benign
-0.23049884793236522,-0.2634235426569122,Benign
-0.24500753476629164,-0.38290162814802764,Benign
-0.2185793794923882,0.36820540998096757,Benign
-0.24576508093393082,-0.4186742545257238,Benign
-0.2053724273577306,-0.1984511581740981,Benign
-0.2588075637421315,-0.29815307866710933,Benign
-0.2530268210504151,-0.16966377787468206,Benign
-0.20916543995552186,-0.22240008529423233,Benign
-0.2554325296237527,-0.17737256207715085,Benign
-0.2598771659139232,-0.30253553594677374,Benign
-0.23977805242615402,-0.18208329387672428,Benign
-0.22867850329325806,-0.2915827071845759,Benign
-0.19747772800601365,-0.1366658416631844,Benign
-0.19546591527013435,-0.2643592918790445,Benign
-0.1953988463612805,-0.27950520226893627,Benign
-0.2110431932955538,-0.14613827602261525,Benign
-0.20367615383942692,-0.31727121053124024,Benign
-0.21799859757025464,-0.5828675458960223,Benign
-0.20540391266914193,-0.19238955708923203,Benign
-0.20376159901434374,-0.18929129435420136,Benign
-0.221994607740188,-0.27011392979354854,Benign
-0.19412704984569104,-0.12010774125574789,Benign
-0.20510079882503746,-0.21560004945816028,Benign
-0.23517141636581235,-0.1891228925646739,Benign
-0.21503174985441376,-0.15344277678817836,Benign
-0.20956794994653444,-0.06297432625436815,Benign
-0.20126141716209314,-0.1940771575304485,Benign
-0.1960274429193743,-0.211507359898552,Benign
-0.21855741539596668,-0.2525470198178325,Benign
-0.20741518014478266,-0.7272803432757446,Benign
-0.20872496003895463,-0.22760878143974236,Benign
-0.19944844956409868,-0.29798973045510063,Benign
-0.23046957301715545,-0.26202152922093364,Benign
-0.25376669718919515,-0.30654112586178844,Benign
-0.2549191181790116,-0.2646514118048974,Benign
-0.253650327654684,-0.2975824755561614,Benign
-0.2089958991923741,-0.1208562115724167,Benign
-0.21017386855673698,-0.212555775140456,Benign
-0.2011454831142185,-0.2004526448766186,Benign
-0.19181583229882093,-0.21488636068630793,Benign
-0.1823979503444221,-0.21823235840104302,Benign
-0.19573657987306642,-0.2492376851088746,Benign
-0.23823446601721426,-0.46341651618694696,Benign
-0.19952837215140584,-0.18216269551745867,Benign
-0.214781844755536,-0.17815482738695387,Benign
-0.1586679041463191,-0.703170486332586,Benign
-0.20740190562556662,-0.22522030472563506,Benign
-0.25242553684510255,-0.28355610251923324,Benign
-0.1995501910183965,-0.21266118378958565,Benign
-0.19414711755583017,-0.21639696543286405,Benign
-0.19412070138004728,-0.22882524015732672,Benign
-0.18900269504867404,-0.3046717374807475,Benign
-0.2502017865463023,-0.3510435878555156,Benign
-0.2529896972938417,-0.49134222773138886,Benign
-0.22919904302484345,-0.2253543293537873,Benign
-0.20726748100887007,-0.16141929794434656,Benign
-0.25435286357803455,-0.2997753521698297,Benign
-0.2534458121485344,-0.25279259517924846,Benign
-0.21239211415058648,-0.2674482191192075,Benign
-0.20212648039735867,-0.2677257563911188,Benign
-0.226056940912329,-0.2509390292728802,Benign
-0.24737666058909408,-0.3487605561183572,Benign
-0.20418161846327357,-0.13431631705340186,Benign
-0.2145528169860629,-0.23790318931855353,Benign
-0.19314891428025027,-0.24503581246047715,Benign
-0.18572890928936192,-0.2576918894940745,Benign
-0.186860692820372,-0.10786023011996694,Benign
-0.19646767152264857,0.10003226450265408,Benign
-0.24563257454260698,-0.36343905289923395,Benign
-0.22949671512815584,0.22054000874332694,Benign
-0.18969381358811582,-0.42307187813511815,Benign
-0.18257528753830599,0.07700360945298063,Benign
-0.24123169453436263,-0.39746847104301514,Benign
-0.23838537723848416,-0.2559747712504974,Benign
-0.2019544711092079,-0.24555379912478623,Benign
-0.11672502537630745,-0.6167045982908002,Benign
-0.2326022561142176,-0.20948497679235287,Benign
-0.20612685936119254,-0.22161346277508287,Benign
-0.2106776290954396,-0.23707511500724612,Benign
-0.25464179399229314,-0.3055744841246681,Benign
-0.2024081093915434,-0.22062443497000267,Benign
-0.2062878462582065,-0.2319385117096943,Benign
-0.25038153292805854,-0.335167968849332,Benign
-0.23966359186413663,0.9882162107738094,Benign
-0.2546767561179534,-0.25797686347268517,Benign
-0.23520210993320917,-0.19942566103718157,Benign
-0.2515244176383711,-0.31379225248671927,Benign
-0.21983544217907997,-0.2641232717256106,Benign
-0.22460755537030064,-0.194080650932366,Benign
1.5835611139115693,-0.2798997768222241,Benign
-0.25399352831994904,-0.3150268763982576,Benign
-0.25328319666226806,-0.32681509183279284,Benign
-0.20799704107898787,-0.21858205673568995,Benign
-0.19402136176869977,-0.2084497414027609,Benign
-0.19106056448705508,-0.268397833003514,Benign
-0.2043948524953216,-0.08026036552599745,Benign
-0.214263598889268,-0.2329597153590261,Benign
-0.1785292574200199,-0.4046600736280726,Benign
-0.16134096799793937,0.49840234272258943,Benign
-0.17449401371540682,-0.37309634918477136,Benign
-0.17448048096289717,-0.3802760658248489,Benign
-0.1663079722648086,0.364434656267585,Benign
-0.18619939239005656,-0.23518924982375336,Benign
-0.2341503554386773,-0.30278798662495165,Benign
-0.2465370702450031,-0.16681552289179669,Benign
-0.24308720024486197,-0.4066689639341455,Benign
-0.24298899422634745,-0.43163947911099915,Benign
-0.23132302749509942,-0.26821203846235675,Benign
-0.22545215030918167,-0.2113939842260017,Benign
-0.17412685238415804,-0.9994738809952972,Benign
-0.17037652558125452,-0.7440806053894798,Benign
-0.216448160457259,-0.28929754028032045,Benign
-0.2122864286871954,-0.2973506644237469,Benign
-0.20344267293010268,-0.400717303094859,Benign
-0.24819876246956912,-0.3501183982006048,Benign
-0.2292211684246951,0.19357554031561303,Benign
-0.1702907043280603,-0.3387661224217731,Benign
-0.22235299985670035,-0.35399840576987057,Benign
-0.2285529088371718,-0.4766403014066446,Benign
-0.2011853387617398,-0.09565092393818761,Benign
-0.18667662639897578,-0.07557235244760814,Benign
-0.2449938210359622,-0.38033573810947,Benign
-0.2269349787554169,2.6102603750111535,Benign
-0.20778405278035522,-0.1909045420010965,Benign
-0.23531534017504038,-0.16904184991896656,Benign
-0.2133829103366075,-0.277596575467196,Benign
-0.2143043060765805,-0.21154525023538853,Benign
-0.2520677500206397,-0.29820248241843295,Benign
-0.23900206028718046,-0.11604908046264782,Benign
-0.21728711713413845,-0.2843002090057691,Benign
-0.16956028932537368,-0.43079118195528626,Benign
-0.1699336805126513,-0.3610760894587279,Benign
-0.1695855975942871,-0.42957394354886386,Benign
-0.22470273557515122,1.3532469824277624,Benign
-0.20999927867662976,-0.4682681935705883,Benign
-0.199322353842907,-0.21131067425912758,Benign
-0.24740690452820036,-0.29177486493756166,Benign
-0.24560363299080235,-0.37140845348444274,Benign
-0.2297240973899225,-0.2888166863293138,Benign
-0.26921508379296,-0.4666891774213326,Benign
-0.21778840336884814,-0.0448397982879875,Benign
-0.2002041350189398,-0.22539786972978162,Benign
-0.21414568633621028,-0.1927102868351877,Benign
-0.2286544168978868,-0.2531542177839071,Benign
-0.2515050257149166,-0.32013253796854724,Benign
-0.2514775283570903,-0.32957653532218373,Benign
-0.2514572928477843,-0.3304211391915384,Benign
-0.25274908054621753,-0.17810088221622236,Benign
-0.25132222585675223,-0.3398729636875283,Benign
-0.2475301564900702,-0.3409255136687594,Benign
-0.2145759536346911,-0.30510529435195083,Benign
-0.22675653563864115,-0.18943832151014517,Benign
-0.24085263848300087,-0.3692187379998619,Benign
-0.23965641053518566,-0.43827439244626404,Benign
-0.24936910376329463,0.08042469904297035,Benign
-0.23829341398633014,-0.31709724932963546,Benign
-0.2442464966192012,-0.4112436534673077,Benign
-0.24563607823042535,-0.37600568450869465,Benign
-0.028664946327816635,-2.45290504577995,Benign
-0.20971098572804117,-0.18485239748482304,Benign
-0.2095678694898521,-0.1621570029615046,Benign
-0.19868071366194526,-0.16571419843483023,Benign
-0.1934732170509367,-0.19312328124261874,Benign
-0.2365841761564153,-0.4729092250893089,Benign
-0.2547494489045239,-0.30492203939626,Benign
-0.2561101566171856,-0.10661376175552449,Benign
-0.2552525807358165,-0.29130734895292415,Benign
-0.2162925763019158,-0.13268231245109077,Benign
-0.2501166928725218,-0.3086993455431529,Benign
-0.20591782709483603,-0.2027665659670995,Benign
-0.2060177741245691,-0.29500764057480955,Benign
-0.25095023135552647,-0.31909394356941845,Benign
-0.22839139221798016,-0.2944384256525203,Benign
-0.2016752475636079,-0.41780457560803885,Benign
-0.2539171029324859,-0.2568624251215487,Benign
-0.21994511895815533,-0.15940287726740213,Benign
-0.2105198582670198,-0.165195744463114,Benign
-0.20430669617716588,-0.21014913858357331,Benign
-0.2003819691336617,-0.19898979774961195,Benign
-0.21509009469645968,-0.25337348002368115,Benign
-0.2078825213203323,0.6036654294692159,Benign
-0.3180317952518562,-0.30357344064060965,Benign
-0.21349174037618152,-0.332849092332892,Benign
-0.25128592947777084,-0.6169165977290033,Benign
-0.11594922886014561,-0.670549362907291,Benign
-0.20625194840336875,0.02142032700046738,Benign
-0.21831213772779862,-0.24057126286018055,Benign
-0.2494250103441928,-0.39800146333929937,Benign
-0.25205292815540575,-0.3108550264493454,Benign
-0.23609407712637895,-0.4647189464847727,Benign
-0.22209219646858827,-0.16612923590121154,Benign
-0.2546305459547077,-0.29555190790868974,Benign
-0.17317538034057176,-0.2334636358599491,Benign
-0.24974932503017522,-0.37957376623427747,Benign
-0.2538870477216877,-0.30572172236962997,Benign
-0.1977484826246539,-0.2812820746006951,Benign
-0.19659327989365696,-0.12226991157016594,Benign
-0.14712599313745173,-0.5498607271251247,Benign
-0.17275502269375925,-0.5680806182355038,Benign
-0.24732103784029014,-0.39195929936009294,Benign
-0.24618548925538558,-0.36303429807215337,Benign
-0.2115571593481637,-0.1566476472957594,Benign
-0.19395179962846584,-0.21494629552249364,Benign
-0.2529932553337615,-0.3146201875047751,Benign
-0.2517190369319384,-0.3204222845761165,Benign
-0.253142357674761,-0.3080969249794655,Benign
-0.20467126645796882,-0.22241543385024432,Benign
-0.10306401058103253,-1.3362333094652903,Benign
-0.14197767281653625,-0.774590177419017,Benign
-0.19568817099329514,-0.1740917346914964,Benign
-0.21960798300747347,-0.31242021247269935,Benign
-0.24660652108163622,-0.38361565814991067,Benign
-0.2461994034007756,-0.35132882612655925,Benign
-0.19544997313375342,-0.3223102866005601,Benign
-0.20147053940193016,-0.19528889724649176,Benign
-0.1929404931271044,-0.4639746789302979,Benign
-0.15347128652976635,-0.487339467686346,Benign
-0.23099581862866045,-0.23403250715585427,Benign
-0.2218109722303959,-0.23643017642101596,Benign
-0.2549024085670997,-0.29306961671555026,Benign
-0.2538804717802116,-0.31017778446769856,Benign
-0.23720658430594557,-0.45322791378158467,Benign
-0.18919247163133235,-0.42238548990956876,Benign
-0.20829570595334151,-0.2916252465512306,Benign
-0.2195811594015133,-0.291322342191518,Benign
-0.21848427748032065,-0.3458625869825869,Benign
-0.21752681037926003,-0.24999731086591367,Benign
-0.2006024916515131,-0.30879491006462484,Benign
-0.1983245728952105,-0.22751403097436557,Benign
-0.1920025273471855,-0.17280323351744814,Benign
-0.17737723931552257,-1.1697810409534954,Benign
-0.10193180625052432,-1.431650121948775,Benign
-0.2144545042777317,0.12985815346203164,Benign
-0.17808052145034145,-0.17583989787333057,Benign
-0.17690523071091444,-0.17699300985615057,Benign
-0.2547488874655252,-0.3041148320775284,Benign
-0.21328933323931631,-0.2110930368722263,Benign
11.277763834446576,-0.09857004544233995,Benign
-0.21190540971157912,-0.18671279865906107,Benign
-0.21895942988664238,-0.23626421777617024,Benign
-0.1923511840058828,-0.2704266837566707,Benign
-0.2362045782404368,-0.4170762809364275,Benign
-0.21033009516186874,-0.21139766176816394,Benign
-0.20280986354982203,-0.28058068116994095,Benign
-0.21908070213508332,-0.004874270473399064,Benign
-0.20379029825365888,0.12377426657672995,Benign
-0.22213439748204317,-0.292740345793994,Benign
-0.21779880019549694,-0.30325695659122526,Benign
-0.22101310761960422,-0.14784269848580817,Benign
-0.1336076197953801,-0.6893953272811195,Benign
-0.20607930899905466,-0.2767672996731245,Benign
-0.21964981816317417,-0.1759526944973615,Benign
-0.19522640512053369,-0.19348129928010596,Benign
-0.2561227520166726,-0.19839615184103734,Benign
-0.2538670376515487,-0.31062210547435515,Benign
-0.25857308722192124,1.0483727483140715,Benign
-0.21055673334371558,-0.1929920909440846,Benign
-0.21897054485551223,-0.18340895944072613,Benign
-0.23158214978097227,-0.5159797920274073,Benign
1.6016033410729014,-0.46424899292603194,Benign
1.6109490813590648,-0.35456424646339985,Benign
1.6118429822945797,-0.5488930917730678,Benign
-0.206604146329151,-0.1645110451849842,Benign
-0.19035189446627737,-0.29134183093831995,Benign
-0.1798680484881906,-0.3039976242635187,Benign
-0.22777402135463048,-0.4842011614687132,Benign
-0.218643014840849,0.44695377516968726,Benign
-0.1982648893714128,-0.2969691177952343,Benign
-0.20798106131273233,-0.22022397139058525,Benign
-0.18974422441782898,-0.23124227022595492,Benign
-0.253975338545822,-0.22369840814033723,Benign
-0.2024326213055588,-0.45535764414002944,Benign
-0.21342749150766224,-0.255719771259287,Benign
-0.25536236715456984,-0.25121715524181354,Benign
27.006198478009274,-0.02930705007706141,Benign
-0.21890992971575013,-0.1878908008023735,Benign
-0.2206316383770508,-0.20041648984808877,Benign
-0.24900245185729397,-0.34789524225769686,Benign
-0.2053393206275946,-0.21899016007886743,Benign
-0.21157654238083518,-0.18225321625516536,Benign
-0.2124274574387523,-0.2569855587996837,Benign
-0.20406473160724586,-0.2195279506005094,Benign
-0.21714022868562785,-0.3543087105485947,Benign
-0.18732821707914307,-0.3307800170956791,Benign
-0.18699059552045583,-0.26029447032290526,Benign
-0.20088695532168283,-0.19801662446344032,Benign
-0.218110961960702,-0.61940362994069,Benign
-0.26280105175949475,-0.9169699992284192,Benign
1.6337095367416388,-0.9197811978506037,Benign
-0.2113862869811615,-0.7007091743653427,Benign
-0.2002000191109273,-0.21133048522740933,Benign
-0.25495546819439097,-0.30326524187985476,Benign
-0.20628033612531077,-0.047642820411815556,Benign
-0.23545358837212343,-0.43135548831347237,Benign
-0.25554672544069007,-0.2019065154595646,Benign
-0.20066232834433653,-0.2111049194565561,Benign
-0.22576055483347385,0.5131321936546456,Benign
-0.18386269304907601,-0.24519598896538297,Benign
-0.18384047135639395,-0.2557170342279175,Benign
-0.251148268896073,-0.2799610045527127,Benign
-0.1873885052444575,-0.24889539223116916,Benign
-0.2173072461684199,-0.2949433271139418,Benign
-0.20762749369967626,-0.7246975162344267,Benign
-0.23392024230038658,-0.2926546092663157,Benign
-0.2752323622854993,-0.237825014190113,Benign
-0.23407482618899048,-0.25878134466259095,Benign
-0.2069262095978999,-0.18629943984725864,Benign
-0.26166799690299314,0.24519748104793804,Benign
-0.2437996866164186,-0.27229455487936743,Benign
-0.23888552636548602,-0.4383616418184118,Benign
-0.24258374864632457,-0.3029883863308448,Benign
-0.22530032963091634,-0.2681594162365424,Benign
-0.22198971944274815,-0.2707576370746823,Benign
-0.25525415559236003,-0.2572263831936563,Benign
-0.2537946458586734,-0.2693088194817992,Benign
-0.1917921511201652,-0.3933360731102263,Benign
-0.21891462860663166,-0.5174035791875536,Benign
-0.2021204132619166,-0.22536266167879257,Benign
-0.24883497727809578,-0.37154300542797164,Benign
-0.20062829278101754,-0.6069026293700802,Benign
-0.19830205849173363,-0.4907394498679896,Benign
-0.2371385840158093,-0.20507349213131154,Benign
-0.20797857050742724,-0.5294435359150087,Benign
-0.21201702608418482,-0.2773298136079916,Benign
-0.2551733186176995,-0.2698369938697116,Benign
-0.2539903689525274,-0.25935454301195343,Benign
-0.22468813144580765,-0.2778950756089457,Benign
-0.24214625587998312,-0.21437326662125933,Benign
-0.19510796715866785,-0.24622972135725482,Benign
-0.18295159082543327,-0.27001754222447544,Benign
-0.2752916576503038,-0.2212414336540577,Benign
-0.23402337689363176,-0.2559000517806872,Benign
-0.23420781453610062,-0.2146052051060611,Benign
-0.20656694089660954,-0.18129868878963554,Benign
-0.2218509507207709,0.556319005956615,Benign
-0.19015732903864951,-0.34387494717051914,Benign
-0.2027388414450542,-0.2620402724250625,Benign
-0.17843074697252656,-0.23173223977018076,Benign
-0.20729942209103022,-0.3655773936649902,Benign
-0.23973338577114472,-0.3431929462959637,Benign
-0.24796515333714086,0.08028544670253214,Benign
-0.22909274432858948,-0.20715554310730389,Benign
-0.19399937651328383,-0.2769957580137603,Benign
-0.2069730176244661,-0.2215046726728346,Benign
-0.18907275693550113,-0.24211834797530127,Benign
-0.18043358911227436,-0.2489412300422274,Benign
-0.21075298197512263,-0.6451063818547166,Benign
-0.22094446022837438,-0.3502821042688122,Benign
-0.21821179510664934,-0.36464549916752026,Benign
-0.22634124906797462,-0.3288687476521372,Benign
-0.20381582919420582,-0.20860716468526652,Benign
-0.19573647445872405,-0.19652244554162263,Benign
-0.253323509553101,-0.2703391835763061,Benign
-0.2515311846766017,-0.33364596007735253,Benign
-0.2094270817742822,-0.19146341636951605,Benign
-0.20286114727298252,-0.41951110095925287,Benign
-0.23813483575815003,-0.3758197388326578,Benign
-0.2411460413323967,-0.39933515992846874,Benign
-0.20663998321469576,-0.18801558601530077,Benign
-0.19281129784280554,-0.18685457420177928,Benign
-0.2552916346702878,-0.3058449620954238,Benign
-0.20024318616424827,-0.051325033642928314,Benign
-0.18985252540296205,-0.12445433160618741,Benign
-0.21138924481491764,-0.23001852237849843,Benign
-0.21038112182721236,-0.16921866159674542,Benign
-0.2634932689782978,0.10348903056440541,Benign
-0.2068051612266243,-0.22098743256404182,Benign
-0.23707749976652182,-0.191946985920034,Benign
-0.23158849081710212,-0.5633744909052687,Benign
-0.2031750475706475,-0.20139731535324287,Benign
0.046176127770994044,-0.13670360609071194,Benign
-0.13646017571497207,-0.8992820572166397,Benign
47.023475559232274,-0.5697545068778517,Benign
-0.2548139103443826,-0.29591761463821054,Benign
-0.2358630151491775,-0.1605345307009327,Benign
-0.16512823448623704,-0.5329071018509978,Benign
-0.15627622647353895,-0.5324915066682793,Benign
-0.2674475420551992,-0.9562286390264703,Benign
-0.2525082808413767,-1.0403445197317018,Benign
-0.211162928841332,-0.5335097053492501,Benign
-0.23960849831917197,-0.3872351144537238,Benign
-0.1986720496246608,-0.21322167376492585,Benign
-0.20099177144035293,-0.20462532683240436,Benign
-0.2126449848568717,-0.20657544678427447,Benign
-0.1829883594128289,-0.13936581273508544,Benign
-0.1965996985710137,-0.28297962182063435,Benign
-0.19777676900105912,-0.7911633931101153,Benign
-0.25102100115139525,-0.41499922139896633,Benign
-0.20794555275533455,-0.3326008985944343,Benign
-0.17846998699210492,-0.33445064046671186,Benign
-0.23706976365511073,-0.4802149081273122,Benign
-0.23537310797756264,-0.5163221555152478,Benign
-0.19982574466337436,-0.23676010580817977,Benign
0.29530463701282655,-0.41376270172124885,Benign
0.31676222146975824,-0.4478415765998035,Benign
-0.20028513320181404,-0.21908891697575444,Benign
-0.19461852426470264,-0.20868740072518385,Benign
-0.22513083856291063,-0.2186183348857653,Benign
-0.19319449787480358,-0.23349646334911933,Benign
-0.2120702734299493,-0.25821143973643085,Benign
-0.20871895932167794,-0.33820064663252436,Benign
-0.19317927193959628,-0.2761437553927138,Benign
-0.21349151065546035,-0.1526521085502701,Benign
-0.19719091321907958,-0.3128251521603598,Benign
-0.19800369392757405,-0.454933116987092,Benign
-0.19554477674729184,-0.41737999863498876,Benign
-0.19782994629610134,-0.22376639741957513,Benign
-0.21589193218770883,-0.13537243309759084,Benign
-0.25323769776460625,-0.3287016719444046,Benign
0.06014119636356148,0.0338558484666444,Benign
0.06795280682763231,0.511501001077513,Benign
-0.2552720385504387,-0.22527511843005493,Benign
-0.20653712182922412,-0.23786056027433908,Benign
-0.2550047804252243,-0.30267700750139903,Benign
-0.274615337351373,-0.16901730113964922,Benign
-0.19649114638984813,-0.25776030745665474,Benign
-0.19647990457693965,-0.26415328315980147,Benign
-0.20762548451457238,-0.2285395928591013,Benign
-0.23476919527261697,0.7781117099639223,Benign
-0.21582828991708797,-0.2364338273266943,Benign
-0.24812269446300367,-0.36420335611593,Benign
-0.21641105395346333,-0.2071468830460296,Benign
-0.254536801895347,-0.2983926709604573,Benign
-0.25367879786754616,-0.22931716165172233,Benign
-0.19962064380927955,0.025966882265197912,Benign
-0.19195337808929694,-0.12061825370703616,Benign
-0.24485587579594917,-0.38978597768347273,Benign
-0.12309493178952546,-1.3744195716221463,Benign
-0.21333056036446746,-0.20809820440182866,Benign
-0.2283282714950721,-0.2599004420593101,Benign
-0.22466136893397257,-0.26915873052351885,Benign
-0.17589668163905395,-0.7540674980232395,Benign
-0.1698929302373306,-0.72471810707623,Benign
-0.21249128281738633,-0.1660608183104153,Benign
-0.25539662135918734,-0.2810405879189241,Benign
-0.2478302862466099,-0.3507264862753468,Benign
-0.2553505565037311,-0.29859228949109246,Benign
-0.1964269875524139,-0.1428680782461965,Benign
-0.19441876395537047,-0.30859922095815256,Benign
-0.24368812818866906,-0.32572741771130514,Benign
-0.2442149821530646,-0.39903872751424946,Benign
-0.22483346653819683,-0.6545235713133547,Benign
-0.1769256584553592,-0.27527461967850375,Benign
-0.22140325317547122,-0.2711926534902948,Benign
-0.21678142137489817,-0.6854491774731268,Benign
-0.11148082026338228,-0.7788420992892489,Benign
-0.1998214831555883,0.5216106064089032,Benign
-0.25343362638587646,-0.3282824644404244,Benign
-0.25248328499866346,-0.33120447826064764,Benign
-0.20091614446828376,-0.18891609330074816,Benign
-0.18749344116655892,-0.22352601490207136,Benign
20.543597735485214,-0.17419075553269206,Benign
1.5942142777556036,-0.44197668046288974,Benign
-0.25096393580363535,-0.2846692405680883,Benign
-0.2364841690589398,0.5687269056652541,Benign
-0.24941436378545134,-0.3542191866749824,Benign
-0.20655401087528108,0.041217344819103864,Benign
-0.25438468792718105,-0.29681561822883723,Benign
-0.2038922764917483,-0.20819079014787922,Benign
-0.196658231244586,-0.123115902789265,Benign
-0.1876179610230399,-0.2780637361970327,Benign
-0.23982097474627875,-0.4304752355885358,Benign
0.16106822358293346,-0.623178707376328,Benign
-0.22881399565794852,-0.2571884427089539,Benign
-0.24687627381379418,-0.37221518863134995,Benign
-0.2471564050641757,-0.28947871552192805,Benign
-0.2472723878482157,-0.2594587975331809,Benign
-0.24717677248961217,-0.3859673186346154,Benign
-0.2128563363572941,-0.16827352688749161,Benign
-0.19327573853814772,-0.22841960214297888,Benign
-0.21501208876960123,-0.14360850798399935,Benign
-0.22488958860822095,-0.1955728722047409,Benign
-0.23552031017807665,-0.12118382822069611,Benign
-0.2495381078414946,-0.30336988853261515,Benign
-0.2551487927337084,-0.17517266112256571,Benign
-0.2558614970489744,-0.027463190092029497,Benign
-0.1472700016779648,-0.9171212788702802,Benign
-0.2056901043763004,-0.6653779392465607,Benign
-0.20721364552710503,-0.634460959743524,Benign
-0.2540965112165894,-0.3170174962871283,Benign
-0.2530307557209371,-0.2798201843613836,Benign
-0.19952849153475208,-0.23956562872013318,Benign
-0.2454173833236641,-0.4314361051912576,Benign
-0.21530456804889156,-0.14051822482735657,Benign
-0.2195510124175827,-0.2896070310303354,Benign
-0.2090578060720652,-0.3114412288814178,Benign
-0.20739600712225553,-0.21756943010726118,Benign
-0.25103777133454347,-0.28919545613821335,Benign
-0.3279451150603052,-0.7295138444575576,Benign
-0.27672411567188654,-0.5801576541345297,Benign
-0.28538666515450833,-0.7703083886711148,Benign
-0.19797499477126004,-0.2100707504363259,Benign
-0.19760136085817276,-0.5411500665630301,Benign
-0.19736765969153147,-0.505828444806195,Benign
-0.19246910527806724,0.13942054875689303,Benign
-0.24478071930671938,-0.35901268682039167,Benign
-0.24235169841256723,-0.4170287874344788,Benign
-0.22770737349357326,-0.30850395705946304,Benign
-0.24279615196981633,-0.3268165295282755,Benign
-0.2044829141497762,-0.1876939572117044,Benign
-0.23403356469979072,-0.24067950190414117,Benign
-0.21995930281090076,-0.2464169537468113,Benign
-0.2496786540903912,-0.4153572352085985,Benign
-0.24820153285221297,-0.48058301896466427,Benign
-0.1720037265538804,-1.0453860989409796,Benign
-0.17117506084626757,-1.056223803184542,Benign
39.857693043573676,0.11501665814219898,Benign
-0.2550431911869634,-0.3030813931682289,Benign
-0.24941789421550636,-0.35980614734067823,Benign
-0.19799897995555912,-0.26354201882387407,Benign
-0.2585261315217648,-0.6492663331403796,Benign
-0.1705317533628559,-0.627489408229144,Benign
-0.19930541923759543,-0.5385201022186923,Benign
-0.2466432318980241,-0.5887737007776502,Benign
-0.25313600224340843,-0.3257230424405924,Benign
-0.21555449878780666,-0.3136797672459643,Benign
-0.2525341413375288,-0.7011967077476104,Benign
-0.25330931570695386,-0.31638872906770427,Benign
-0.20256181978670632,-0.22002500355985208,Benign
-0.18719301336454344,-1.293849700631534,Benign
-0.19904876728699392,-0.31413975741273387,Benign
-0.19544146993189368,-0.3086713742526624,Benign
-0.24453232195158578,-0.35904106106099204,Benign
-0.20675079195095913,-0.3162721642541912,Benign
-0.21712321749326213,-0.49923834544761486,Benign
-0.20223988362205803,-0.23012825342727922,Benign
-0.19516663174692817,-0.20057638671408923,Benign
-0.2753370766988586,-0.20406189419312418,Benign
-0.25339498808183725,-0.6887264637925045,Benign
-0.24951389776642308,-0.3539722698458156,Benign
-0.24877322336220387,-0.32832557590405304,Benign
-0.19952556888199208,-0.5154140758652613,Benign
-0.19387407346151153,-0.2082314533394572,Benign
10.202932552212902,-0.20563295478330337,Benign
-0.200952513280134,-0.16781450200213277,Benign
-0.213168230554172,-0.5618487401167982,Benign
-0.2178327961134005,-0.6925207432952464,Benign
1.5715293024905739,-0.0078958976243885,Benign
-0.24934877055120214,-0.3571440842665878,Benign
-0.11863366677138433,-1.530581416860298,Benign
-0.2143187203809306,-0.626661026041927,Benign
-0.24536598718907623,-0.34823288578986017,Benign
-0.25007206063015536,-0.2664540201278825,Benign
-0.24890255358546465,-0.7238665284613865,Benign
-0.18887140196134014,-0.3054986397208371,Benign
-0.20545523085115558,-0.511309430179402,Benign
-0.18277172580154355,0.8981207918357452,Benign
-0.22861691205561022,-0.5527930524958077,Benign
-0.1860949862499253,-0.54003345699822,Benign
-0.25772622700125924,-0.3855392505028531,Benign
-0.20616789894188342,-0.7102722175768384,Benign
-0.20615953425774253,-0.26137348296768004,Benign
-0.15953644071030992,-0.9568156031446707,Benign
-0.2582536700044213,-0.6531156358054837,Benign
-0.2290136239834404,-0.5556009722843908,Benign
-0.2852448949998795,-0.8407883793841923,Benign
-0.20946011794292474,-0.5081450178467889,Benign
-0.197323454118745,-0.20495184778773345,Benign
-0.2160666463003943,-0.29046294556030156,Benign
-0.22309188170884975,-0.19383767465007734,Benign
-0.2183930203407068,-0.14938772535820255,Benign
-0.01050345592736853,-1.7572899074459534,Benign
-0.15281454084656965,-0.9065885238376876,Benign
-0.15073698001604385,-0.9901896815399064,Benign
-0.09880306494995546,-0.9004560057789471,Benign
-0.22797255110631806,-0.5561976778375265,Benign
-0.19120261491083024,-0.2606721092026218,Benign
-0.2149851959172275,-0.2890312690783025,Benign
-0.21773726127586027,-0.15324578396532115,Benign
-0.24090770152433366,-0.4410730519745099,Benign
-0.22641553517289761,-0.2698744183641547,Benign
-0.20122146598543766,-0.20420293471671958,Benign
-0.25110060583329225,-0.3284172955804664,Benign
-0.20909062660820446,-0.3545432195147205,Benign
-0.19608286837460934,-0.19325605458215026,Benign
-0.21458791924541712,-0.6667381413011385,Benign
-0.20121371963165124,-0.24047708284047833,Benign
-0.19347739825527308,-0.34113293601029104,Benign
-0.24745221673339018,-0.3741904898537468,Benign
-0.21000254443237995,-0.3562760302899663,Benign
-0.23521346753664085,-0.1834611065612841,Benign
-0.2364411735460057,0.006335294465449666,Benign
-0.20806815418079586,-0.22213347345658044,Benign
-0.25304779739111705,-0.31323277989769793,Benign
-0.20047093157943294,-0.3438456799819696,Benign
-0.19732417794606327,-0.25756334195307046,Benign
-0.19983434577989215,-0.5693441186671704,Benign
1.0091304055438,-0.33912949018061034,Benign
-0.20388969708963328,-0.23663623189678634,Benign
-0.2539920277939692,-0.30156617251824264,Benign
-0.19198706314964908,-0.18526937177815755,Benign
-0.25443854121227866,-0.3588985168616206,Benign
-0.21353168951058715,0.18358198241552226,Benign
-0.2085436247832279,-0.07208466174283125,Benign
-0.2550935867758764,-0.31846035388400246,Benign
-0.2218716526749689,-0.2647169060505446,Benign
-0.25892636366331484,-0.645693227183504,Benign
-0.21432443675715723,-0.2469077672330289,Benign
-0.20320835347229493,-0.8641210672026713,Benign
-0.23431426584877862,-0.9162825559720971,Benign
-0.23585229179092923,-0.6339603913381173,Benign
-0.2309816236714654,-0.2776409383772728,Benign
1.5551434557755541,-0.41057281019783826,Benign
1.556388726856649,-0.4166098102046549,Benign
-0.25511160233071545,-0.3087150006813381,Benign
-0.22166730163667625,-0.559886506984626,Benign
-0.17133904236771838,-0.4235987545187451,Benign
-0.25490461803987763,-0.31202336581779083,Benign
-0.2551853019049759,-0.09686305791482318,Benign
-0.195347162435553,-0.18232316205354998,Benign
-0.21331670869986874,-0.5172928369136964,Benign
-0.2091712704152998,-0.7558032109539876,Benign
-0.2310878763224626,-0.48694989268622957,Benign
-0.19449240996530173,-0.2234319872528649,Benign
-0.19669019832900336,-0.3311587984141752,Benign
-0.23078260382986768,-0.5525158849383192,Benign
-0.20261129758974225,-0.42290860593840185,Benign
-0.2403702671945453,-0.3768318116466117,Benign
-0.2497155630480521,-0.5248054168853131,Benign
-0.21888907824753878,-0.19588823134893577,Benign
-0.20185453932668967,-0.255000593391111,Benign
-0.21190316214874003,-0.6384216747906925,Benign
-0.14139232356664516,-1.3049767232149183,Benign
-0.10401054754243322,-0.9774934943654169,Benign
-0.19317707589456048,-0.9576388728925577,Benign
-0.19051449389037295,-0.9584861552331508,Benign
-0.27251661115127085,-0.550036409393421,Benign
-0.23226698432325557,-0.21123255009004352,Benign
-0.23233154922816848,-0.27842251615164704,Benign
-0.22869085649809856,-0.6045599005135798,Benign
-0.1983887645509745,-0.23123220089636473,Benign
-0.25515896589331416,-0.3102219686066127,Benign
-0.1987494645213163,-0.48955514598713495,Benign
-0.23435319171538688,-0.22950898373386242,Benign
-0.21021945186378724,-0.22228616921675273,Benign
-0.2120008323887636,-0.21209898520958775,Benign
-0.22163603051690414,0.029834516137143722,Benign
-0.1812944745374184,-0.35116326317212876,Benign
-0.17529541200043935,-0.716163364204574,Benign
-0.22439054550399665,-0.4972753723227343,Benign
-0.20308311269505108,-0.25754250824699415,Benign
-0.20901756322047815,-0.19460642010587384,Benign
-0.18111562569185555,-0.2601945843525466,Benign
-0.2509375415927857,-0.3484859820894544,Benign
-0.21376216566416567,-0.49234073401385825,Benign
-0.20841172298411825,-0.2472789336947177,Benign
-0.2064543231233565,-0.4981320567570208,Benign
-0.2213522170981272,-0.5663336176515167,Benign
-0.20721662205637698,-0.18876105380093045,Benign
-0.2505280822357963,-0.3519982607063887,Benign
-0.19558175182238588,-0.23120235675928857,Benign
-0.20024667975327762,-0.22199440599790954,Benign
-0.23758922407452387,-0.20398655264178633,Benign
-0.25313077448563537,-0.6089440205631466,Benign
-0.23930945442999918,-0.3975067141612873,Benign
-0.23878177625843017,-0.4131736873004433,Benign
-0.2094771012800481,-0.4904927722595283,Benign
-0.20966799599342087,-0.23350290977016178,Benign
-0.2173966825461587,-0.30527100628609494,Benign
-0.21195336645898602,-0.30474853520276524,Benign
-0.1999837309069198,-0.4822701269380332,Benign
-0.23429692119860626,-0.4679300269019979,Benign
-0.18885695747208586,-0.41810121412009094,Benign
-0.24724560769805154,-0.33334923466112293,Benign
-0.19662562796725677,-0.5323132747781868,Benign
-0.19883168626934786,-0.23043368404629538,Benign
-0.25455944993822294,-0.30799061949718265,Benign
-0.1997260305210519,-0.27281761571121615,Benign
-0.22629153183415399,-0.2998439739634671,Benign
-0.20140568196443606,-0.27513539376313606,Benign
-0.19974740827381807,-0.2707681097243509,Benign
-0.19719691487431812,-0.20130371084085583,Benign
-0.20943625483871464,-0.5087798691173789,Benign
-0.11070784056350363,-0.8470243149146445,Benign
-0.18713264896074805,-1.2112642610270337,Benign
-0.1480371675998602,-0.9650880100579096,Benign
-0.2095412011595266,-0.14773424275164126,Benign
-0.27391077788454105,-0.8161571396546269,Benign
-0.20971217949707735,-0.23257567862078404,Benign
-0.2506174658886897,-0.3386921583405543,Benign
-0.2127108395169076,-0.4859558074509551,Benign
-0.22901632926841947,-0.27454484267871765,Benign
-0.19343904425374545,-0.8416441808507,Benign
-0.22489513266034164,-0.5455410875021925,Benign
-0.19585642810991963,-0.25219743412820683,Benign
-0.19858203792734988,-0.5226943324410934,Benign
-0.193633484090775,-0.22602721152508146,Benign
-0.19624097585510228,-0.08909002547078042,Benign
-0.2418305357891997,-0.25274498309629057,Benign
-0.19149103478695165,-0.27344144113274355,Benign
-0.25496061239879936,-0.31357976027231904,Benign
-0.21111194362266159,-0.5071691215027844,Benign
-0.19495216511916985,-0.22711224200701866,Benign
-0.2172705058833683,-0.3178396595084336,Benign
-0.2494975552551177,-0.34526002794500005,Benign
-0.24757290893238226,-0.7476069700285954,Benign
-0.25303119041418076,-0.6082679728459955,Benign
-0.253044254951149,-0.3008826479797346,Benign
-0.2321705532766572,-0.7879953833121567,Benign
-0.21781149635931146,-0.20789025039323067,Benign
-0.1951882378726394,-0.25272068613774407,Benign
-0.15273299647187544,-0.9752493487228222,Benign
-0.13068595473315517,-1.0248619995016033,Benign
-0.2233822983412451,-0.8445548233561969,Benign
-0.22329338696298554,-0.5555326705700988,Benign
-0.1488373937867056,-1.310838253017722,Benign
-0.19927102589183024,-0.23514028949861124,Benign
-0.1839550205507364,-0.5412730287775922,Benign
-0.22542543587881061,-0.2514897709447584,Benign
-0.24515067486431205,-0.37576491378392035,Benign
-0.2188016903221156,-0.5122771369889181,Benign
-0.1912550776581634,-0.2441556480749667,Benign
-0.2116428292592863,-0.5097661513778188,Benign
-0.25494994523974485,-0.3118187648423382,Benign
-0.21670744993178961,-0.7067192480050917,Benign
15.658460832479893,-0.26411701479609134,Benign
-0.19865078507972353,-0.5229582777838536,Benign
-0.19367247055077158,-0.23426079829241392,Benign
-0.20692574199982086,-0.23953004672256162,Benign
-0.25401147088159864,-0.2957883737751919,Benign
-0.22594910147638061,-0.2750338596269399,Benign
-0.22283110869044476,-0.29174178502010883,Benign
-0.19840859803747432,-0.9462430051605348,Benign
-0.2315562078330471,-0.7093713583387508,Benign
-0.1509037739319691,-1.3761564176018222,Benign
-0.20217523582805577,-0.21710296027201795,Benign
-0.20732603548093712,-0.5016341443342933,Benign
-0.2123010874068649,-0.5024950056198534,Benign
-0.21148962325344292,-0.714120370633268,Benign
-0.22705055309921576,-0.25572527168012704,Benign
-0.19601263779959002,-0.21950995490777914,Benign
-0.2023392795851244,-0.5215930437718131,Benign
-0.23602595337344115,-0.7531150066804873,Benign
-0.21359315508623997,-0.7331970852162697,Benign
-0.1906882070944598,-0.6779143746968151,Benign
-0.20731008553151115,-0.7046640584339745,Benign
-0.237102920292525,-0.6697248879943053,Benign
-0.2114899417726345,-0.2887053795576489,Benign
-0.24520057215353958,-0.2246447117423124,Benign
-0.19832585839857997,-0.19955016273034615,Benign
-0.25486454200685477,-0.3125283350924203,Benign
-0.23615257264255304,-0.22165227689389225,Benign
-0.25064098105818966,-0.34256128618429804,Benign
-0.19623145091594257,-0.2278061941956082,Benign
-0.2001822817093899,-0.5350595434760124,Benign
-0.22634047992340572,-0.2698452277788455,Benign
-0.20139087468408134,-0.209364820846495,Benign
-0.19885297147239975,-0.49629900595424925,Benign
-0.22920182866925984,-0.6367754084591654,Benign
0.31786180183998336,-0.7470526666677756,Benign
-0.22470999868978922,-0.5607011348438334,Benign
-0.1968055365640649,-0.19935015933514852,Benign
-0.18660249501488071,-0.16971450937126994,Benign
-0.23109750754304118,-0.22580359926455515,Benign
-0.19979057844841072,0.02064906526641808,Benign
-0.21233064156094794,-0.31241213802111767,Benign
-0.23834171940153043,0.6351402145881473,Benign
-0.26539110721698655,-0.4666092777228433,Benign
-0.21165384799738654,-0.20098866384855726,Benign
-0.25287628929433265,-0.608612122585936,Benign
-0.20717867867251277,-0.21827417795872267,Benign
-0.24232859809108884,-0.4023283346241896,Benign
-0.19699025942582307,-0.5175025928330728,Benign
-0.20909188657646544,-0.4981993166653646,Benign
-0.12893241491972285,-1.0055566366683497,Benign
-0.21063074053350161,-0.20939647296485436,Benign
-0.2545024519899542,-0.31533979080814145,Benign
-0.20422700689496345,-0.22139384177203308,Benign
-0.20507208922415276,-0.5156697411643699,Benign
-0.20021660572660116,-0.22086588331070428,Benign
-0.20560809145170175,-0.5232025528089268,Benign
-0.2329726585701593,-0.2416538108896402,Benign
-0.25527839966372085,-0.30023452544723295,Benign
1.5765968410537794,-0.1837058373104948,Benign
-0.20974570313441082,-0.48605965666252726,Benign
-0.035547883755801986,-1.7608536141368463,Benign
-0.15970252699869,-0.9772889637059822,Benign
-0.18360419773988224,-0.5357503047064417,Benign
-0.20575679755648202,-0.20481108909046228,Benign
-0.1962362294286352,-0.21353633148327125,Benign
-0.2341272616338955,0.0423730534355665,Benign
-0.25796412625455656,-0.6577133310396254,Benign
-0.20322510443230726,-0.12448947513957427,Benign
-0.2523461825533864,-0.30106327264993193,Benign
-0.20980866946993482,-0.3284414702629538,Benign
-0.2164896491608672,-0.5257127871542764,Benign
-0.2272856706724794,-0.19513041504022927,Benign
-0.24818472704923406,-0.3730268192855586,Benign
-0.24673664245537744,-0.49728334347296016,Benign
-0.2518172217915878,-0.6170452929134077,Benign
-0.060017430392556706,-1.3526300815114594,Benign
-0.21212959961052674,-0.28675063220294505,Benign
-0.2536456993440326,-0.6930029083585874,Benign
-0.21331670869986874,-0.5172928369136964,Benign
-0.20240942318496152,-0.2153031291652452,Benign
-0.25223275466634,-0.6154641388706078,Benign
-0.18206007249356548,-0.9764003129698574,Benign
-0.2042265300589844,-0.2213922417504084,Benign
-0.21676679944761063,1.0734767519563015,Benign
-0.220949645864362,-0.5606929935259408,Benign
-0.22194943734474987,-0.5067248439886636,Benign
-0.20850898763961925,-0.2446645750907539,Benign
-0.13680834854691779,-1.397420024202578,Benign
-0.2530519101687882,-0.32592628327746964,Benign
-0.0887291169204466,-2.822271306228474,Benign
-0.21302405018438855,0.12830482906824112,Benign
-0.2561656371996385,-0.670737206956729,Benign
-0.19893490848617512,-0.2938363785158308,Benign
-0.21223954485176988,-0.3100285935574576,Benign
-0.2276195718409344,-0.2526367865946658,Benign
-0.21974110330502603,-0.5926528775418933,Benign
-0.2509629758325394,-0.5687785512408023,Benign
-0.2447980269648993,-0.27038192298301766,Benign
-0.20316316765057993,-0.25563981226611776,Benign
-0.21354081645271678,-0.07746310989509099,Benign
-0.21331670869986874,-0.5172928369136964,Benign
-0.1846932860428888,-1.1629898389591524,Benign
-0.1257588024231317,-0.871977603152304,Benign
-0.2168283407372968,-0.630688389970912,Benign
-0.18481542399056708,-0.90377153357567,Benign
-0.2289854470261588,-0.21521170049854277,Benign
-0.25521969524236127,-0.30965248516397004,Benign
-0.2041174960597975,-0.5687009548828295,Benign
-0.21235455025049188,-0.29164037182229485,Benign
-0.2076808346333959,-0.2780286890969489,Benign
-0.21036587553647695,-0.27847602721230413,Benign
-0.1804306315754336,-0.28913270053784335,Benign
-0.1804306315754336,-0.28913270053784335,Benign
-0.1816125695769908,-0.13367477802736538,Benign
0.07520421234399799,-0.3124867534489178,Benign
-0.2176985036107554,-0.6452323455936229,Benign
-0.2058024907702656,-0.48171686537471803,Benign
-0.19793158926101115,-0.22185061878582463,Benign
-0.24071794038906355,-0.20071448052072577,Benign
-0.24725670302735014,-0.6545288607272269,Benign
-0.21148749910172632,-0.4802275011826422,Benign
1.1156657683815807,-0.3696260139127384,Benign
-0.22559109520076961,-0.2352038269434533,Benign
-0.21732462577739547,-0.21459621298028483,Benign
-0.248129826177362,-0.6408521327013058,Benign
-0.19262561414379772,-0.24173044635880228,Benign
-0.2353218681995322,-0.10989207240636414,Benign
-0.23661354955731656,-0.5171350195685944,Benign
-0.19851985035060782,-0.5254952590856089,Benign
-0.21440705289765283,-0.24567941647256292,Benign
0.08010866950872587,-3.7463082751286643,Benign
0.08015974121854483,-3.457296578642949,Benign
-0.21516268067615046,-0.5136887744520628,Benign
-0.24060973206495256,-0.1615102934961318,Benign
-0.20629505466335757,0.24881729181599688,Benign
-0.21226363267424583,-0.18907625361826144,Benign
-0.2091000884017291,-0.2884986113530837,Benign
-0.20070666949359947,-0.7574244763076367,Benign
-0.23272071378270298,-0.5384627980223432,Benign
-0.23502248822633837,-0.235602396434315,Benign
-0.258459161484952,-0.34336492333620655,Benign
-0.21379185585409044,-0.20527548655893174,Benign
-0.2508706631229975,-0.6173124586751154,Benign
-0.19865749141064595,-0.5230692732205307,Benign
-0.20207339373134198,-0.2768255574226944,Benign
-0.20160624486608045,-0.29471891818899726,Benign
-0.21252920155052948,-0.6480022094292518,Benign
-0.18066835840016157,-0.6608493904899205,Benign
-0.2100039001711034,-0.21557243000355084,Benign
-0.20127005121825156,-0.5069265717273632,Benign
-0.2277681217184633,-0.5606302671388655,Benign
-0.22156277290149073,-0.2652916243542513,Benign
-0.2549974735950667,-0.2761675118795093,Benign
-0.2547821878423646,-0.3127802700262,Benign
-0.2067059041815046,-0.5066922201344146,Benign
-0.19112336183957124,-0.7187822075449818,Benign
-0.23005331382868918,-0.7885996950600385,Benign
-0.2384877937113613,-0.42405749900248124,Benign
-0.23809540181744066,-0.40523213624199544,Benign
-0.21418695607316846,-0.6491561478357198,Benign
-0.20067180488367176,-0.2949805943257793,Benign
-0.21092993889627254,-0.20035104402049453,Benign
-0.21186453476168002,-0.31513187321906555,Benign
-0.25485979052226426,-0.31332653634849444,Benign
-0.2519411197796778,-0.3291032382815199,Benign
-0.21027474221431514,-0.24540670698434144,Benign
-0.21507414992529147,-0.24402937914913944,Benign
-0.21631738533270772,-0.39684115953813054,Benign
-0.2196698102521615,-0.2285317128099437,Benign
-0.21830528288332623,-0.6316718353408332,Benign
-0.2539856707095694,-0.679470472849392,Benign
-0.21552377490168734,-0.5195478485480108,Benign
-0.1816513193240102,-0.36603292812478333,Benign
-0.2503480259224816,-0.3260594055188951,Benign
-0.20235095474798667,-0.176399568652699,Benign
-0.21238739077891705,-0.4822065241606186,Benign
-0.19416757485558786,-0.5012397600086068,Benign
-0.2327628978669058,-0.24142716200029263,Benign
-0.12487545620342339,-0.6040633171903248,Benign
-0.2526269395923318,-0.6093598438495698,Benign
-0.22797273817914618,-0.556199166602613,Benign
-0.22216836987209515,-0.21068695937982038,Benign
-0.22477121256091823,-0.24245201950558806,Benign
-0.19527607777814396,-0.5205038079242349,Benign
-0.21802874770383704,-0.5758250506214403,Benign
-0.19300604551068593,-0.31643615644826484,Benign
-0.21923478064980406,-0.37442281687990825,Benign
-0.23522671573605802,-0.4512658919671008,Benign
-0.23550985309273897,-0.49137940588689594,Benign
-0.19914008236522332,-0.2601138648564931,Benign
-0.19983099636593046,-0.519586709386976,Benign
-0.25388229391274864,-0.320534991626192,Benign
-0.2247559906089055,-0.5019271885970175,Benign
1.579612328805842,-0.30891943326494553,Benign
-0.2028407639898692,-0.2107065203826946,Benign
-0.2075360008537808,-0.2302352437828817,Benign
-0.2155044336269374,-0.21954705039354036,Benign
-0.20877683786742474,-0.48209230409220855,Benign
-0.19838485386482196,-0.2099313439355415,Benign
-0.16292972203435505,-1.054893386534967,Benign
-0.25442702395295236,-0.30037102937312904,Benign
-0.3414413582908647,19.787491811401765,Benign
-0.0976216882375058,-1.5154479185943277,Benign
-0.21849982040609478,-0.26961359240482485,Benign
-0.21335691347917965,-0.3354929798961019,Benign
-0.20639929098502877,-0.22144018650801572,Benign
-0.3130861226136012,-0.9708834783930821,Benign
-0.20338550273019462,-0.23022655144902962,Benign
-0.1934874254118508,-0.5046321793622384,Benign
-0.1883966724467713,-0.507325921650446,Benign
-0.23520733417361483,-0.19404443259472656,Benign
-0.24415916392108858,-0.40117163599378014,Benign
-0.2515538579872777,-0.6099945313735429,Benign
-0.2515244679937723,-0.3050330957383003,Benign
-0.2057697387338944,-0.48126988092354367,Benign
-0.2552796555034058,-0.30043363676324736,Benign
-0.2176268374717465,-0.27747821687430185,Benign
-0.21170017090343157,-0.20365045056777423,Benign
-0.2526356203973835,-0.3180961222317231,Benign
-0.21493747287010193,-0.3065297029387048,Benign
1.5799583771697234,-0.3438198237713126,Benign
-0.1980266843799211,-0.9528491866934483,Benign
-0.1961890623315364,-0.6650195801337728,Benign
-0.18415898908983397,-0.3729534214480287,Benign
-0.21493200509587568,-0.19722892628492505,Benign
-0.21818102321353766,-0.22635221562672392,Benign
-0.22389936211626565,-0.2631610992666882,Benign
-0.252271142424,-0.32751437139362843,Benign
-0.2490710150891204,-0.6218791019437457,Benign
-0.2137909674572314,-0.7250315958624849,Benign
-0.20210125291582454,-0.20488921065827911,Benign
-0.25410168570305663,-0.24262327434603642,Benign
-0.1997907661244921,-0.5192571632353281,Benign
-0.22775587877834969,-0.2694227927553734,Benign
-0.19864429183392018,-0.5231844740288094,Benign
-0.23113884344421695,0.6047297195653736,Benign
-0.21621996928034382,-0.6881493844940038,Benign
-0.2455708352465132,-0.393518905725984,Benign
-0.2453765422596819,-0.40232140007902645,Benign
-0.21740050048709142,-0.2892940611773074,Benign
-0.25188172114088037,-0.6184978842504031,Benign
-0.2199369442941083,-0.6746978265030845,Benign
-0.2314650493936574,-0.5974537830834202,Benign
-0.2578000325364765,-0.3558894265200949,Benign
-0.19819382684702633,-0.33738539049541083,Benign
-0.2099262908259943,-0.5276239341864302,Benign
-0.20879910635195764,-0.24363861265262826,Benign
-0.2476961189704891,-0.37799770410946887,Benign
-0.24650073636034142,-0.37055663804336003,Benign
-0.19116414654517216,-0.6309925541381693,Benign
-0.24519663668879996,-0.6790634598922888,Benign
-0.21719235049465374,-0.5097736509292548,Benign
-0.19640001197577944,-0.5175195001630088,Benign
-0.1990151392437624,-0.21340910322296866,Benign
-0.16803129755770774,-0.6446864705469654,Benign
-0.1952053955778007,-0.5173439614367163,Benign
-0.25397691628624347,-0.314376364447561,Benign
-0.2455660285355533,-0.25764136831908424,Benign
-0.2538836614538005,-0.28300125670721993,Benign
-0.25353740068005354,-0.31519458724182037,Benign
-0.19195957027457544,-0.3152905064218015,Benign
-0.20426440147838903,-0.5607443210922275,Benign
-0.21652603915052238,-0.19142060524325089,Benign
-0.19640001197577944,-0.5175195001630088,Benign
-0.21168454419631852,-0.509854624062649,Benign
-0.2507240968469319,-0.6293695504255824,Benign
-0.19640001197577944,-0.5175195001630088,Benign
-0.21480446880263154,-0.27362729178642486,Benign
-0.21172109799342811,-0.2378305965784491,Benign
-0.23723082814925484,-0.2612993912567406,Benign
-0.20733422428725504,-0.5102735420313272,Benign
-0.26326311172731925,1.7532542644902898,Benign
-0.21663939530337473,-0.30455819168549386,Benign
-0.22056843950863111,-0.6676838998761787,Benign
-0.2236629998693817,-0.2347322243860078,Benign
-0.22295770643855803,-0.5862915747991391,Benign
-0.22253152427540981,-0.2606363844737516,Benign
-0.19929054081431097,-0.5173862590418571,Benign
-0.2363643179112982,-0.44643045633146267,Benign
-0.17530429685241758,-0.39239661002691784,Benign
-0.17012811866877933,-0.39281572187704744,Benign
-0.25344393170153534,-0.3162016463177806,Benign
-0.2529201326799684,3.0933696206226005,Benign
-0.20964428780371083,-0.21013715000290145,Benign
-0.20130918699419081,-0.2127241000668236,Benign
-0.235866652867913,-0.47317458493183834,Benign
-0.22390761424789513,-0.5250000350916871,Benign
0.3190202028498845,-0.9672012307923339,Benign
1.5828258583229289,-0.5597769921833874,Benign
-0.22739255202110176,-0.5501920368555079,Benign
-0.19908469670196438,-0.15609265964682878,Benign
-0.2548098564855749,-0.29648518870957535,Benign
-0.21591626923908078,-0.18891132732707241,Benign
-0.2731633993535663,-0.5716465344842667,Benign
-0.20648087885500885,-0.2211160428500335,Benign
-0.19888581886182305,-0.7923352984816804,Benign
-0.21424023304832623,-0.24412263737654613,Benign
-0.19721657116701355,-0.2515197263489521,Benign
-0.19560479080041668,-0.5279118398458732,Benign
-0.2516180968380743,-0.31992009922872205,Benign
-0.2320942233287213,-0.5793265748955969,Benign
-0.20775382107263932,-0.4839289113702357,Benign
-0.19838351506372734,-0.2023966375549197,Benign
-0.19844303644848146,-0.18645735470577507,Benign
-0.2257829617842408,-0.491714154025355,Benign
-0.20776480764885505,-0.2550634601267541,Benign
-0.1820841756987871,-0.9905929940558337,Benign
-0.19832644089955284,-0.9945608819141785,Benign
-0.15000758897484157,-0.6713529019721808,Benign
-0.22591055857264108,-0.4625473300407167,Benign
-0.19343641337700554,-0.8416194236602637,Benign
-0.18630235857371527,-0.7837481113216453,Benign
-0.12857648130965493,-0.7576587969732849,Benign
-0.19978191466534628,-0.5190616694829313,Benign
-0.17923593700525495,-0.5407722414359349,Benign
-0.22601465556365125,-0.26965077399110515,Benign
-0.22330966122805176,-0.5726305339119239,Benign
-0.1966047487937594,-0.18784963968048515,Benign
-0.21033680048778744,-0.1848536665321584,Benign
-0.25565322201107704,-0.669622535751645,Benign
-0.21841588841981388,-0.2743017803944743,Benign
-0.24845806500039858,-0.34876180967020687,Benign
-0.22986083316997788,-0.5311971001631868,Benign
-0.22324394621033636,-0.30207156383234846,Benign
-0.21069418444527804,-0.2180772558546469,Benign
-0.22119111931957963,-0.3114650811858552,Benign
-0.2540911647050068,-0.31823931506278086,Benign
-0.21620686177321416,-0.3102480656567058,Benign
-0.18989106372829564,-0.5794794800952897,Benign
-0.2525490280441141,-0.2749583726026293,Benign
-0.2539407355055082,-0.26992829323375056,Benign
-0.1792902001386361,-0.7028552991643873,Benign
-0.15903565152170399,-0.42334267527131664,Benign
-0.20025247355123274,-0.5247907429968545,Benign
-0.2578709858781715,-0.6599875154692787,Benign
-0.27530703432850506,-0.21203059044813438,Benign
-0.20321040159495327,-0.661176644108677,Benign
-0.21036733131503405,-0.48070377945005144,Benign
-0.21017069939467573,-0.47996359498817176,Benign
-0.19680699093755832,-0.23164234986433055,Benign
-0.21024359374949864,-0.27797551386766994,Benign
-0.25454084288805795,-0.31470885098249163,Benign
0.6091041497828019,-0.3886626469360729,Benign
0.6137229399798507,-0.34123099515164546,Benign
-0.18374074622750416,-0.7044049670660502,Benign
-0.17883432456838896,-1.0507651465527545,Benign
-0.1998659387228706,-0.8142913920402745,Benign
-0.17718307729506327,-0.19676802769426263,Benign
-0.2522905093287688,-0.3181766177958018,Benign
-0.2259592120003126,-0.4297995280303555,Benign
-0.15311371852293829,-1.22805528982655,Benign
-0.15187832426765782,-1.2367221096435135,Benign
-0.19977683030087115,-0.7321811038905066,Benign
1.6479205854054044,-0.8551726933699773,Benign
-0.15868090086762984,-0.7612996925332878,Benign
-0.22402215109503443,-0.5515485802091439,Benign
-0.176005212994919,-0.4756176414768351,Benign
-0.18142572304692553,-0.6241815092971306,Benign
-0.24446622747587968,-0.3761340603885775,Benign
-0.24570141030825068,-0.33728329265807955,Benign
-0.2448149610771759,-0.2980416903787457,Benign
-0.19805331380370972,-0.24000103008511858,Benign
-0.18794467441184082,-0.851839760448636,Benign
-0.20082454317031975,-0.22953550827498098,Benign
-0.22985953085418467,-0.7390632514081685,Benign
-0.20241641385192677,-0.22700141356862216,Benign
-0.19343566506403617,-0.5125503947217094,Benign
-0.17281973909438364,-1.1074720422754836,Benign
-0.23504179044414458,-0.1648634164814646,Benign
-0.25198568732807997,-0.6170779162804536,Benign
-0.21418824615370952,-0.6491699481677258,Benign
-0.21233183029793776,-0.295283431116085,Benign
-0.22301599887040605,-0.5154416630448179,Benign
28.885670601333437,-0.38503069872375284,Benign
28.891858613364377,-0.10328574409085785,Benign
-0.18747143103738828,-0.22930676958377774,Benign
-0.17588526056920661,-0.31128888146016565,Benign
-0.20735061967967025,-0.22210536098442576,Benign
-0.23334138519285919,-0.5462199918513528,Benign
-0.18672676273503536,-0.9902198971336309,Benign
-0.1879716517442154,-0.5646781977119305,Benign
-0.23148130997715202,-0.9221957677619906,Benign
-0.2333480775057641,-0.5461135333305166,Benign
-0.21012466397186694,-0.5184559224932991,Benign
1.5558772525666809,-0.30228095692035045,Benign
-0.19698527428121346,-0.22089325535054147,Benign
-0.26067358885644226,-0.13048280592888306,Benign
-0.20696374689204022,-0.23213744322009378,Benign
-0.197518704462002,-0.5135933023394252,Benign
-0.2624552570837946,-0.7057414693918062,Benign
-0.21080745899516645,-0.25352687062645995,Benign
-0.25399638622474907,-0.3039039338133654,Benign
-0.2529368378049622,-0.28425609581419153,Benign
-0.20764456256019087,-0.23778898548892644,Benign
-0.1875614150052266,-0.28498299239319597,Benign
-0.23786780688839004,-0.23998946300322982,Benign
-0.251502458486451,-0.30925385719531107,Benign
-0.19640001197577944,-0.5175195001630088,Benign
-0.2077766758397422,-0.14115636272641277,Benign
-0.18242887098254773,-0.2879914060582649,Benign
-0.17509083006006732,-0.2862761944284772,Benign
-0.2264551471917188,-0.22738768885982918,Benign
-0.24995785985184943,-0.34910632840847444,Benign
-0.23511113446411136,-0.21780165481409752,Benign
-0.20401331672200734,-1.1404059543720193,Benign
-0.19772881551581842,-0.4940794421780075,Benign
-0.25465980465075183,-0.29501114942176054,Benign
-0.18405887166848528,-0.8218530904615994,Benign
-0.14452432984938776,-0.5063546866203299,Benign
-0.20802307787640867,-0.2127053894532403,Benign
-0.20913510987358316,-1.0046892661211582,Benign
-0.20340045288358888,-0.23348985985618959,Benign
-0.1809004010210976,-0.26366640307790146,Benign
-0.2531075254025061,-0.32094285761612457,Benign
-0.25536542824204705,-0.2525062245310363,Benign
-0.22539858334971907,-0.23541082305254818,Benign
-0.18458042902491267,-0.5709308405578812,Benign
-0.23291341282378847,-0.3694271846460774,Benign
-0.22665301426361578,-0.5233347818913384,Benign
-0.23189089314677996,-0.4599770992013163,Benign
-0.2115425050783518,-0.2174748975183637,Benign
-0.253629721834974,-0.32255449442718415,Benign
-0.2536800110978941,-0.3129722203060544,Benign
-0.20532330801765575,-0.7584391461677931,Benign
-0.2523921232975855,-0.6972917964570328,Benign
-0.11856411970221727,-1.5298374535076136,Benign
-0.20478199744124362,-0.7771115768732059,Benign
-0.20090902807342767,-1.1978587939401883,Benign
-0.2015456332705248,1.4095892944485067,Benign
-0.2105026882716647,-0.16620747721559037,Benign
-0.2667676999677011,-0.48622625683606957,Benign
-0.24124608107787712,-0.40412365622323093,Benign
-0.2190495636457207,-0.49978324581017525,Benign
-0.25112121784681213,-0.3295971005754813,Benign
1.5613121891414121,-0.6251813488938001,Benign
-0.2537539195588487,-0.2968370350059562,Benign
-0.19859109634335426,-0.5228139035283434,Benign
-0.1936936747691381,-0.13895335082729215,Benign
-0.21566402730701498,-0.5199610154935611,Benign
-0.24402719274936915,-0.3301805718313396,Benign
-0.20733535918168317,-0.4835091524201446,Benign
-0.22400239219553977,-0.32928825188103766,Benign
-0.20137264561965265,-0.6457794541175533,Benign
-0.21012722218684718,-0.48112876886452577,Benign
-0.2559704000778394,-0.1961003771062685,Benign
-0.2046608720451319,-0.23076930128059428,Benign
-0.2465879389071577,-0.374939313496535,Benign
-0.19149332388699447,-0.5212951951466276,Benign
-0.25079876229758835,-0.17220326527643073,Benign
-0.2530234698764284,-0.3350108324585031,Benign
-0.2565758498585025,-0.6837391167177231,Benign
-0.2235934036551768,-0.6522552611185467,Benign
-0.19043599314759208,-0.3680394055740232,Benign
-0.23667869499707075,-0.4634772570388273,Benign
-0.25473910430890584,-0.28591055778889074,Benign
-0.25304544283345315,-0.53021385643897,Benign
-0.21255407215387764,-0.3293790132589987,Benign
-0.24263654800211873,-0.38645602818045555,Benign
-0.22101743359132203,-0.6633407809592278,Benign
-0.20362929083934964,-0.5048881802851779,Benign
-0.2591019179734821,4.024992333478579,Benign
-0.205423026794431,-0.5216789476518365,Benign
-0.20657675600060504,-0.57801850667002,Benign
-0.22030175084876563,-0.5752155983779687,Benign
-0.2188476410123196,-0.625138656053469,Benign
2.9490536404699244,-0.46005790481799264,Benign
-0.20682287895208346,-0.589347988739096,Benign
-0.19665393205158394,-0.4982361194729217,Benign
-0.2142011521563009,-0.22134137565502457,Benign
-0.21331670869986874,-0.5172928369136964,Benign
-0.20990399704195392,-0.21074681256595745,Benign
-0.199578310347836,-0.24649681242799418,Benign
-0.1985882588370611,-0.22066197397619008,Benign
-0.19640001197577944,-0.5175195001630088,Benign
-0.2127696350663788,-0.2861550630670099,Benign
-0.27679480329222417,-0.25525666920808787,Benign
-0.19005852076833055,-0.5777740888958911,Benign
-0.18859175026514002,-0.2899004274111269,Benign
-0.19574832933542066,-0.6105083173968733,Benign
-0.2280568931686603,-0.3128346022513686,Benign
-0.22326755021241965,-0.6657153068046414,Benign
-0.180490311801056,-0.8247471905795117,Benign
-0.13972957587528162,-0.5449963551070419,Benign
-0.2343170962299385,-0.4651972507576925,Benign
-0.2307885573512698,-0.4645777069667523,Benign
-0.2294181834187143,-0.500014234784177,Benign
-0.22934088304470013,-0.23265904295285636,Benign
-0.310219048685057,14.928595899676573,Benign
-0.21002256523748988,-0.14118401888636875,Benign
-0.2539946109649044,-0.6106629113660603,Benign
-0.20726151705371862,-0.5145294007913972,Benign
-0.21798373491920775,-0.3085370101472031,Benign
-0.1412030652592949,-1.0171676323336902,Benign
-0.4261163191141407,34.73941789717966,Benign
-0.2652791393683388,-0.24278306087110832,Benign
-0.20095397242402402,-0.22297088306323848,Benign
-0.23891157384647688,-0.5841919069675772,Benign
-0.2534999786824868,-0.3216081610658539,Benign
-0.25232302478873714,-0.31448132953224806,Benign
-0.20811144236108084,-0.24679011760311326,Benign
-0.20242988176477786,-0.5113095951638174,Benign
-0.20804730232002847,-0.25367352942837207,Benign
-0.198526978305638,-0.27885994778614587,Benign
-0.20594547463281757,-1.1233555306362981,Benign
-0.20742322908381342,-0.7570995057952495,Benign
-0.20241853053897335,-0.2208112901162957,Benign
-0.19949252184172186,-0.21350989214140814,Benign
-0.20377859578382437,-0.48589625650562757,Benign
-0.21762893390527002,-0.4961027968358361,Benign
-0.20288081363874352,-0.5307281452808862,Benign
-0.20180396991139832,-0.277666873186458,Benign
-0.21838751885329344,-0.6316326544517825,Benign
-0.21194290008895367,-0.4751158776131955,Benign
-0.19644233745873765,-0.17139116608204788,Benign
-0.21439987466483224,-0.16189038789041577,Benign
-0.21843631151703236,-0.34383852824349403,Benign
-0.21698717635165085,-0.29383721834674953,Benign
-0.2742914725169459,-0.4152579268970412,Benign
-0.17918375373612705,-0.9466385380082583,Benign
-0.20243821771574014,-0.035243186809743414,Benign
-0.19752507875659725,-0.4910780808329568,Benign
-0.24225073493092797,-1.023338538038669,Benign
-0.08996980770382532,-1.3620859926145281,Benign
-0.23341798875468078,-0.27455884286184773,Benign
-0.21077012366789571,-0.21469915666811054,Benign
-0.19777827424406347,-0.586566213375003,Benign
-0.2095425875813401,-0.0614916879414855,Benign
-0.20123522626581752,-0.16401502032594528,Benign
-0.18697744965795968,-0.537337423091195,Benign
-0.2494954483413767,-0.3401627118262072,Benign
-0.20459144852666403,-0.5167208577974378,Benign
-0.19640001197577944,-0.5175195001630088,Benign
-0.22549971438667216,-0.5588009162357518,Benign
-0.21984465020688432,-0.6681212809792848,Benign
-0.20340524158663031,-0.5800712035644342,Benign
-0.2534543209584188,-0.33163944356678854,Benign
-0.2090416277890893,-0.48264613005121737,Benign
-0.20908383130062871,-0.18694720868941397,Benign
-0.08086160067119666,-2.919725118897089,Benign
-0.20912519245244277,-0.22814254890421418,Benign
-0.1392488390117643,-1.6412258165411153,Benign
-0.2405131698722777,0.5952828298202651,Benign
-0.25465295625350043,-0.30706402703425667,Benign
-0.25069222522812984,-0.7294118448376566,Benign
-0.19640001197577944,-0.5175195001630088,Benign
-0.21421395540269117,-0.3075739098325412,Benign
3.7363009146047585,-0.1743124614399505,Benign
-0.254327988181467,-0.31581175742838463,Benign
-0.21613828594908674,-1.172206735757185,Benign
-0.14181075136177862,-1.2402619342307526,Benign
-0.2069059313998017,-1.1449738415953246,Benign
-0.19914556538068415,-0.1950878722181012,Benign
-0.21483006315667175,-0.19365794972338682,Benign
-0.1823685103145335,-0.34472276148331155,Benign
-0.2551142991846762,-0.27167513582217834,Benign
-0.2521456819404216,-0.3224454452440429,Benign
-0.19547170979178694,-0.5931393423359993,Benign
-0.25529549614947133,-0.3077841949309146,Benign
-0.22211665038699302,-0.6367208329798709,Benign
-0.2133511602751092,-0.1897862621124493,Benign
-0.20639515125628546,-0.4941477976091764,Benign
-0.24516128146959862,-0.383518697044536,Benign
-0.21186542438963435,-1.0558826228521128,Benign
-0.20251391764233406,-0.2659761112795456,Benign
-0.2445205827799506,-0.7797018535806387,Benign
1.555817921257624,-0.42110516173240514,Benign
-0.25434928381927907,-0.2736705365879261,Benign
-0.24059551343720115,-0.26392099821051096,Benign
-0.24326140449406783,-0.28734309231494626,Benign
-0.19209554320184605,-0.25961762588421416,Benign
-0.22689706911002216,-0.2573412483035268,Benign
-0.17466097286889562,-1.0281846858810393,Benign
-0.13500093190798668,-0.7385736677925244,Benign
-0.2119141079213617,-0.2873335659290191,Benign
-0.19632661797769713,-0.20471754968689074,Benign
-0.19845982430963774,0.019122461430250787,Benign
-0.19632661797769713,-0.20471754968689074,Benign
0.1772087013522877,-4.045014940325043,Benign
-0.2015435389426386,-0.5122374980662905,Benign
-0.19864082146766243,-0.5229808126970913,Benign
-0.2535675453885496,-0.3234084196447797,Benign
-0.22491563243447912,-0.5585931992672158,Benign
-0.20223712222322035,-0.2906615101226072,Benign
-0.21468326185375552,-0.3930454108219361,Benign
-0.25032786016492836,-0.3415200081916018,Benign
-0.20039532952637953,-0.1937670778855143,Benign
-0.2538679075487548,-0.3307779617520362,Benign
-0.22472391715178575,-0.9535885233400155,Benign
-0.2484740543390207,-0.30971017163416986,Benign
-0.2359171131136702,0.44325741237329913,Benign
-0.23465429361758475,-0.10622215342795302,Benign
-0.21434070412208514,-0.5616877890402049,Benign
-0.21169918856231926,-0.3198381123328962,Benign
0.4083178722845709,0.292087730216177,Benign
-0.20620082365593348,-0.16468759096686858,Benign
-0.18926665526002284,-0.26984540569143306,Benign
-0.19183338529036867,-0.5124820236458175,Benign
-0.17822162577340034,-0.19272026501013445,Benign
-0.17017656770832087,-0.5333547395549427,Benign
-0.19858134149498985,-0.24466163783967396,Benign
-0.25472371829230656,-0.20294115959015327,Benign
-0.2856177392796345,-0.17376432263025873,Benign
-0.13975022306594018,-1.0353297545350826,Benign
-0.2122179994594032,-0.24116516180709202,Benign
-0.21381400149833613,-0.20482115508433654,Benign
-0.20543024438806617,-0.5167972445243788,Benign
-0.25350101645397904,-0.24966317073395763,Benign
-0.19640001197577944,-0.5175195001630088,Benign
-0.2464495377894757,-0.22095137793375846,Benign
-0.21336931382565633,-0.5176343653819864,Benign
-0.19864938420193043,-0.5230069617965313,Benign
-0.2067855497830761,-0.48003769057142515,Benign
-0.18573998451150783,-0.129318839736432,Benign
-0.20818983704214256,-0.47882114365501705,Benign
-0.2433452725907822,-0.676058651077913,Benign
-0.21601537602595752,-0.22830809112676057,Benign
-0.20342613775066057,-0.5803433751099735,Benign
-0.21271564292693626,-0.31280334070141297,Benign
-0.21906513239547304,-0.5118724430803131,Benign
-0.2548666409078704,-0.6823184491508837,Benign
10.211728889101202,-0.5294778237567641,Benign
-0.18437441647579103,-0.6602748786881744,Benign
-0.1917609251460189,-0.478570305651614,Benign
-0.21277409826916696,-0.517329097180571,Benign
-0.2048182747205725,-0.47410005072247907,Benign
-0.1478602844469747,-0.45665288090337536,Benign
-0.2048079728748931,-0.2051874642167676,Benign
-0.22734401210549307,-0.5676943967641515,Benign
-0.18029174528239258,-0.4357544182091249,Benign
-0.20718082411780192,-0.4999319480043127,Benign
-0.22097177210470006,-0.5300763548179267,Benign
-0.1882398410752556,-0.9218493088295884,Benign
-0.2042013163095553,-0.2715821376393466,Benign
-0.12833986869948455,-0.9952870949685085,Benign
-0.1336839603481163,-1.3642247487253825,Benign
-0.20123128689473121,-0.7416636006814404,Benign
-0.20469979056174056,-0.6719465895458251,Benign
-0.22323267977984093,-0.2003487270395864,Benign
-0.20940618216926432,-0.16263727765891342,Benign
-0.17276142842857542,-0.21897824868096302,Benign
-0.21125191167663074,-0.3044674490754285,Benign
-0.27249871969226486,-0.5509883038315129,Benign
-0.24660570574350948,-0.6480169954952401,Benign
-0.21249342419891423,-0.2835267823105606,Benign
-0.19540665976143023,-0.4435467162907296,Benign
-0.2427206584520105,-0.4922131996257624,Benign
-0.23820094561216323,-0.44957748180503965,Benign
-0.21398317370252273,-0.5735034201565542,Benign
-0.22654689481723428,-0.556326256900209,Benign
-0.20525864459443788,-0.24325744735480156,Benign
-0.20986604006437753,-0.3424075791034042,Benign
-0.2492512609190572,-0.632528565323344,Benign
-0.18759160544294662,-0.5218218489878472,Benign
-0.221804809755076,-0.2632799778197408,Benign
-0.23498404029376677,-0.8615113224918169,Benign
-0.24954584263052132,-0.6399356961733889,Benign
-0.21920501995742697,-0.38239245830448054,Benign
1.602269624920202,-0.8266806916353846,Benign
1.602396375966902,-0.5376480825489037,Benign
-0.21015412648346607,-0.15473917660828493,Benign
-0.24971030513255305,-0.6175938087574033,Benign
-0.21207969412932184,0.02029844769901057,Benign
-0.20398772956448818,-0.23760665480071802,Benign
-0.20830736463477198,-0.26356583177997717,Benign
-0.22129845760636718,-0.29764322067273236,Benign
-0.2164601879202602,-0.2602200111527695,Benign
-0.19991973770721005,-0.2995069071796782,Benign
-0.20638480617985347,-0.5081720378054216,Benign
-0.22986536992533677,-0.5274623946192188,Benign
-0.20283716301493393,-0.5305394846530135,Benign
-0.18591304830158142,-0.996561355651464,Benign
-0.19717865764349404,-0.2383699564838198,Benign
-0.20109795244856235,-0.2614622623318404,Benign
-0.25162343331257636,-0.3207241998788297,Benign
-0.21435246182222467,-0.2745905280204218,Benign
-0.20529903543886582,-0.23017629019855185,Benign
-0.14786616540887104,-1.366854563548773,Benign
-0.21314556524564313,-0.6848632598382857,Benign
-0.20160628471036812,-0.16316792578436665,Benign
-0.22354785966580823,-0.24300245191208086,Benign
-0.2206332583060752,-0.48363660602791186,Benign
-0.2139733134819951,-0.573371929327751,Benign
-0.20345657115541974,-0.5673937568037122,Benign
-0.24803713402125172,-0.2962698301663669,Benign
-0.19522012661184776,-0.5153080732019202,Benign
-0.18707218912398688,-0.2422859075781506,Benign
-0.23511302771732884,-0.21751877004844386,Benign
-0.24847471617551825,-0.5581098115805625,Benign
-0.2004089538622541,0.47594092378072095,Benign
-0.21878012443889552,-0.48447533075069427,Benign
-0.21711420389013583,-0.3089416243079467,Benign
-0.2552646889789792,-0.29311033149160354,Benign
2.8468713632617355,-0.49144445417478433,Benign
-0.21019542903375893,-0.48073397602442974,Benign
-0.201119733746083,-0.5468883760300068,Benign
-0.23347580584308927,-0.4716334065111976,Benign
-0.20441580273609114,-0.5075828132233298,Benign
3.1140400535892216,-0.5025549231447693,Benign
-0.2099219635947802,-0.24166953361114774,Benign
-0.2570519533424081,-0.38559254482482896,Benign
-0.24252848981614808,-0.25940981237519367,Benign
-0.24030512846128815,-0.26731256853926233,Benign
-0.19675569036473928,-0.5327916973456737,Benign
-0.20971214902993743,-0.21442794876052826,Benign
-0.21417571384868261,-0.7321599665758944,Benign
-0.24343525673699692,-0.41508539501763675,Benign
-0.2424874674884206,-0.42960617492636555,Benign
-0.24360817612583122,-0.4218656679101177,Benign
-0.19936344457645616,-0.5159100488940955,Benign
-0.24714475690124882,-0.355371077289744,Benign
-0.2193170707307474,-0.5497496357411751,Benign
-0.2412038150870762,-0.6216496295330757,Benign
-0.2549012090372007,-0.3179966835046992,Benign
-0.2534628637219048,-0.3135266368228194,Benign
-0.2566174717815702,-0.39413781215318416,Benign
-0.25555207539525515,-0.36339662175491416,Benign
-0.19640001197577944,-0.5175195001630088,Benign
-0.19910891386833618,-0.2693731665634718,Benign
-0.2481588756347613,-0.5592540014099185,Benign
-0.21529697480745189,-0.25348512323956485,Benign
-0.23503939362977233,-0.2209404375060281,Benign
-0.19204040756453516,-0.26190798562352047,Benign
-0.20789624855011343,-0.21780673464521919,Benign
-0.25151798081606774,-0.33782645102719044,Benign
-0.2335124398100289,-0.5259701331669668,Benign
-0.20381187559491706,-0.6157810040328207,Benign
-0.21900537555345542,-0.2533312381514042,Benign
-0.24735788403100845,-0.2808100916159374,Benign
-0.21733661842877425,-0.3085365214986048,Benign
50.40199848428427,0.33053710789482516,Benign
-0.21395064575847478,-0.28856004342162234,Benign
-0.21331670869986874,-0.5172928369136964,Benign
-0.19996515852863347,-0.2266825538332417,Benign
-0.2124326115929403,-0.22560429036389434,Benign
-0.2109480334374895,-0.4764187132951652,Benign
-0.22196757867425887,-0.5455373699760067,Benign
-0.24357414518649223,-0.785898776769958,Benign
-0.2156168117557008,-1.024100111654761,Benign
-0.23334246566231603,-0.5462319104215725,Benign
-0.058449377635664955,-1.6705273147810846,Benign
-0.2076566123849865,-0.19104412323564154,Benign
0.3055412004897782,-0.6674638903111617,Benign
-0.19045100321925312,-0.506055608728548,Benign
-0.21570502292442303,-0.2991201609599797,Benign
-0.2255935636280568,-0.23427349181907278,Benign
-0.2484201868677539,-0.34847394643128954,Benign
-0.2553813584063328,-0.3081204432121351,Benign
-0.1941727472265076,-0.5443765660949718,Benign
-0.2402533934235685,-0.4298677814733224,Benign
-0.20775801590321596,-0.4946453837619813,Benign
-0.20465046789882554,-0.5016190034049798,Benign
-0.23007123888497213,-0.6734623354488638,Benign
-0.2220840634754435,-0.6192876097797478,Benign
-0.22979941428299458,-0.39926755986004026,Benign
-0.20954885123672756,-0.5050074427705155,Benign
-0.1905575368130627,-0.29253716858961715,Benign
-0.21375279169622544,-0.33856768616652333,Benign
-0.20731637721050739,-0.2909940198422454,Benign
-0.25265319186555296,-0.46141986045163774,Benign
-0.22577745162306972,-0.5858501342676431,Benign
1.5361775210343849,-0.31730185041592157,Benign
-0.1851027294760882,-0.2389639256068505,Benign
-0.21014597612445046,-0.15471182810429993,Benign
-0.16794912570951784,-0.8770810895023522,Benign
-0.13795102051878755,-0.606606405019498,Benign
-0.2084870566294822,-0.688644994318172,Benign
-0.23062644437907365,-0.08718188141257607,Benign
-0.16572210470571705,-0.4332656689800284,Benign
-0.19106151011657493,-0.5014886846559748,Benign
-0.2042201291258791,-0.2654301661656595,Benign
-0.22877260611332942,-0.23628683645227705,Benign
-0.23862087292482675,-0.24893027180873847,Benign
-0.22367711490933254,-0.33184932497116476,Benign
-0.20781257124100075,-0.25169587559221357,Benign
-0.25499833704850583,-0.2939174948749315,Benign
-0.1980790821838258,-0.20600290398415871,Benign
-0.21445393798390663,-0.20149985654582012,Benign
-0.2551898722534282,-0.30127404728128837,Benign
-0.22546275704329455,-0.2343913370729738,Benign
-0.20230953651433023,-0.20000934089789837,Benign
-0.22411369103299517,-0.3383254474594401,Benign
-0.2017270562231552,-0.49903396784774373,Benign
-0.2093326008906292,-0.23651107388900725,Benign
-0.16299782457792272,-1.5119778199270697,Benign
-0.20319858757723241,-0.2269364081939152,Benign
-0.19865096792058692,-0.523002373967273,Benign
1.1136330911188281,-0.7450372550950819,Benign
-0.1938189768900944,-0.5137715095817683,Benign
-0.2573696915332573,-0.6579877388050818,Benign
-0.20836837501954866,-0.14139739381576585,Benign
-0.19481212329786204,-0.19793964655591997,Benign
-0.26246031509939377,-0.2955890341102223,Benign
-0.22074682897964326,-0.3491537193960322,Benign
-0.254574693616266,-0.30559973868026213,Benign
-0.204787606510002,-0.3826489368160649,Benign
-0.2151381471692983,-0.1912221996586636,Benign
-0.1946275190688105,-0.2291981873327831,Benign
-0.17881653638962158,-0.5601516040693642,Benign
-0.1527813463658055,-0.5772186289034054,Benign
-0.2062070906613649,-0.38985811946060844,Benign
-0.20757607922058455,-0.50723532725457,Benign
-0.2225397320152159,-0.3622831440791116,Benign
41.78192896367318,-0.29540660951937936,Benign
-0.1977878456390653,-0.22196026352751766,Benign
-0.19665172282880222,-0.5324217390579282,Benign
-0.20650579760683543,-0.24643079366075762,Benign
-0.16804027408254663,-0.6446270375943275,Benign
1.13093506753305,-0.8822957653275287,Benign
-0.20128810188915555,-0.2224500204561296,Benign
-0.19727597215401652,-0.5004902833433845,Benign
-0.14839950636598026,-0.7772860485121912,Benign
-0.13142860195527656,-1.0316118345998977,Benign
-0.20473026362298047,-0.3407571415533957,Benign
-0.19390717867178614,-0.33346228571023406,Benign
-0.23345588547742369,-0.5464877334319547,Benign
-0.21682860166266352,-0.34260575618021827,Benign
-0.21440217249666466,-0.3056082335903877,Benign
-0.24771828940605978,-0.6455358201503193,Benign
-0.24393967497401667,-0.41069458238479406,Benign
-0.19222047226013012,-0.8370588168652259,Benign
-0.1784580653643598,-0.9816240351557878,Benign
-0.21941497961989412,-0.1852358205465039,Benign
-0.19992008266055705,-0.1998208989945366,Benign
-0.21468164826943162,-0.20140853678110468,Benign
-0.19424250928185643,-0.2596152191386028,Benign
-0.22396976924711912,-0.5617773151085858,Benign
-0.24588257635482433,-0.3732003262831398,Benign
-0.20482633524059493,-0.19792561394451058,Benign
-0.2184523268094035,-0.2710576259216657,Benign
-0.1835577792697395,-0.2711146462727039,Benign
-0.20342745213992922,-0.2700347419684752,Benign
-0.20730116432385762,-0.20005075779791476,Benign
-0.20978755644128813,-0.1933699148079364,Benign
-0.19843005745537856,-0.20192204898344956,Benign
-0.198839512954349,-0.4861739299396842,Benign
-0.23425128105679635,-0.5587361548375511,Benign
39.85805355411735,0.11940823117262618,Benign
-0.19677571380765904,-0.2141173462219498,Benign
-0.2051553772387304,-0.20725398796285835,Benign
-0.19343876088586562,-0.8416445215748749,Benign
-0.20782838149474267,-0.17995663738726791,Benign
-0.21171022649913057,0.40352105290341145,Benign
-0.20441939928720237,-0.2916366678762932,Benign
-0.22402014926318956,-0.24633469262949262,Benign
-0.22026941621956528,-0.5712019918557018,Benign
-0.2189237601927588,-0.5016835182345525,Benign
-0.1887959798866759,-0.24893456334181394,Benign
-0.20008037264259376,-0.2471537366269821,Benign
-0.1940244973330929,-0.5438000379524225,Benign
-0.22767638306098367,-0.6552673109321584,Benign
0.3606648657299802,-1.2788511922546375,Benign
-0.24367506179988616,-0.40382073085716774,Benign
-0.2050639523854778,-0.37420828467841855,Benign
-0.2290203269344223,-0.1999970184897939,Benign
-0.20924764825191347,-0.2275913701696737,Benign
-0.2449310144252974,-0.7007631031085384,Benign
-0.14139543148794856,-1.3050099694692963,Benign
-0.23093780313544968,-0.18403353360816524,Benign
-0.3381296741290499,-0.4344346890572685,Benign
-0.22744578690343825,-0.23184022157051573,Benign
-0.1991323253750289,-0.14310289362550474,Benign
-0.256176559473436,-0.23595445855308592,Benign
-0.19640001197577944,-0.5175195001630088,Benign
-0.2021595968985949,-0.18901111688873737,Benign
-0.21331670869986874,-0.5172928369136964,Benign
-0.2523679992012197,-0.1888016370619907,Benign
-0.24634506192586017,-0.2598823694769689,Benign
-0.201976611360898,-0.23668665494894073,Benign
-0.2258497124909609,-0.5811988200915083,Benign
-0.22609395013963007,-0.27012592558225273,Benign
-0.20843707054443442,-0.21852951582849725,Benign
-0.18421148740208185,-0.24155827816339084,Benign
-0.18421148740208185,-0.24155827816339084,Benign
-0.22638023588133818,-0.25091741587138244,Benign
-0.25397967900301965,-0.2870371518819761,Benign
-0.16643596441629405,-0.830822827099443,Benign
1.6258903947840102,-0.7144598473603255,Benign
-0.18306310681318758,-0.4103686568011954,Benign
1.55534717670367,-0.4166307648538753,Benign
-0.2545838792493634,-0.3153993680263989,Benign
-0.2070173285148655,-0.5502101748690428,Benign
-0.19898151886487503,-0.513448260393234,Benign
-0.24833147790904836,-0.36259468322680266,Benign
-0.19752679618741922,-0.2189093954570818,Benign
-0.16649991434504763,-0.6627035275116816,Benign
-0.18625004867628764,-0.18263383230971797,Benign
-0.2522175378205693,-0.29176127766006793,Benign
-0.17947779820951534,-0.8937957874299745,Benign
-0.1772362599630803,-1.0020273725017292,Benign
-0.125684840404116,-0.8353641629613252,Benign
-0.111832881753624,-0.9093549189135118,Benign
-0.1506024995190392,-1.1900420317228273,Benign
-0.141867381951758,-0.9103610510580441,Benign
-0.24823511587808872,-0.3101378808557965,Benign
-0.2500483691643185,-0.2917869884410607,Benign
-0.23516588828043214,-0.2320979670770378,Benign
-0.21922118095812518,-0.2638825290716991,Benign
2.905159317460964,-0.4993658951970613,Benign
-0.23606466467735956,-0.2523127265019043,Benign
-0.20958055930070252,-0.50478747774646,Benign
-0.1959613584166633,-0.49156870504627886,Benign
-0.2107501323157653,-0.48690135823043434,Benign
-0.25502382550524605,-0.29149859983019283,Benign
-0.20451696147788764,-0.21879661563773625,Benign
-0.21086070950812125,-0.18962634863912559,Benign
-0.23755997332032164,-0.24289038479680197,Benign
-0.21487649814242094,-0.3164096694307634,Benign
-0.21158731916846593,-0.5900812800929535,Benign
-0.22492777467276462,-0.2766652724767665,Benign
-0.20724216103802628,-0.4832455500405998,Benign
-0.20307986266556544,-0.5194444026026717,Benign
-0.22270149267080128,-0.21631825334959445,Benign
-0.19677771979055977,-0.21404768607738756,Benign
-0.15401982191854488,-1.3018621178023932,Benign
43.70959304730833,-0.6973775287210564,Benign
-0.21933846832484571,-0.47922613159807764,Benign
-0.20914370443868688,-0.7475613547007627,Benign
-0.230304008818626,-0.32748318384634706,Benign
-0.23333681127094094,-0.5461710634015136,Benign
-0.2540077415026369,0.10630469779623881,Benign
1.5557183908444128,-0.41929482500098436,Benign
-0.2513047025771766,-0.3523181794238336,Benign
-0.2231219002173345,-0.3188559732520256,Benign
-0.20882383055472115,-0.2854279395566263,Benign
-0.2086802375518418,-0.49993090140169094,Benign
-0.21482390993081973,-0.16250408421356896,Benign
-0.2550414875506894,-0.3178858068378003,Benign
-0.20366783245338155,-0.24871341179501485,Benign
-0.21210062601790172,-0.51043728461568,Benign
-0.2073193480808073,-0.42319334837808614,Benign
-0.20682701188795605,-0.23340362317366728,Benign
-0.2538979593662826,-0.3272056874567361,Benign
-0.22425870580987617,-0.0928662288406852,Benign
-0.21331670869986874,-0.5172928369136964,Benign
-0.25482094067518807,-0.2851210034948056,Benign
-0.21135256554386753,-0.2824537933335265,Benign
-0.2204537783388996,-0.650519299490206,Benign
-0.22331798865892807,-0.5159463928564231,Benign
-0.2373770286033182,-0.45384197575514046,Benign
-0.19295656921268123,-0.6462724577003685,Benign
-0.17580228346702176,-0.37599538695919676,Benign
-0.24723323606789954,-0.6613065094584109,Benign
-0.189994408147614,-0.5068143531570997,Benign
1.5662286345366003,-0.33137285550987694,Benign
-0.20095760195011614,-0.26866006990980434,Benign
-0.1513983793238458,-0.6214119655830463,Benign
-0.24715202684509585,-0.36791348256576806,Benign
-0.24180748595234985,0.28988572706334,Benign
-0.23885165412129591,-0.20509547597009994,Benign
-0.20999024618586365,-0.22954963390361963,Benign
-0.19926643481768588,-0.26820443810131206,Benign
-0.1955998167175627,-0.5893576958891339,Benign
-0.2519319318310511,-0.4795009200589851,Benign
-0.22050476735316754,-0.19647544788869373,Benign
-0.2133085030709897,-0.6771293321287791,Benign
-0.25860551710807145,-0.6471220789320421,Benign
-0.19790238262554918,-0.2589309236149522,Benign
-0.19676455514997554,-0.5549280144816275,Benign
-0.24642101070422315,-0.37003812142362286,Benign
-0.2104539957968,-0.5214475665291153,Benign
-0.2544249868915837,-0.6834745479237754,Benign
-0.21288314976275954,-0.3221068423663804,Benign
-0.24783583526611247,-0.35714648172524455,Benign
-0.20822111140787644,-0.208291122245675,Benign
-0.2527953565555069,-0.6099652661807028,Benign
-0.21007018863213267,-0.2763647511787508,Benign
-0.25349655079667033,-0.6030781840943948,Benign
-0.18822396615260142,-0.23510563417248134,Benign
-0.19640001197577944,-0.5175195001630088,Benign
-0.19771219661540168,-0.4191874037289558,Benign
-0.23650907589823505,-0.42594075033948764,Benign
-0.20907002761192486,-0.4792965756074988,Benign
-0.20824216231644319,-0.33817073374054407,Benign
-0.24884294095271375,-0.6371177611240926,Benign
-0.18720915927753864,-1.0483776128962023,Benign
-0.16681325271218336,-0.7242399371897644,Benign
-0.2299993326224659,-0.5499585812648955,Benign
-0.22495217853915095,-0.5356370210207152,Benign
-0.1965901668163086,-0.5320706844097358,Benign
-0.1773121643517871,-1.0267880996028926,Benign
-0.16816442794213324,-0.5421436004105797,Benign
-0.2596958285581548,-0.35708473965515986,Benign
45.75288015404315,0.32536428581024174,Benign
-0.21170420133795048,-0.7273280056414692,Benign
-0.1471386781681392,-0.23775889258394733,Benign
4.570279663658273,-0.7494946719295656,Benign
-0.21335325261150936,-0.2901817669355449,Benign
-0.22856519652746454,-0.5421204488592352,Benign
-0.25462120825603746,-0.26999477010488915,Benign
-0.24341609827989916,-0.354322346916471,Benign
-0.22463910341417534,-0.2687462527441016,Benign
-0.2136558094832978,-0.7346292617878101,Benign
-0.22670201931010722,-0.4622645772549057,Benign
-0.20130129183767884,-0.5067117943242311,Benign
-0.2534555286401988,-0.31660506677621447,Benign
-0.25429203879537315,-0.3089918077142634,Benign
-0.20275947267057537,-0.021332464409612742,Benign
-0.25167620160881676,-0.3274021201417709,Benign
-0.2667412838322304,-0.5008277156122506,Benign
-0.209776283282617,-0.3467427432105781,Benign
-0.20826965089277796,-0.547992731196585,Benign
-0.24700018300555804,-0.35698678952783164,Benign
-0.3106361255989622,13.557652520446235,Benign
-0.2546829461424789,-0.32043595335413705,Benign
-0.2535980049894808,-0.602127159429395,Benign
-0.21343866425301958,-0.688885197408535,Benign
-0.30597106791236045,-0.06321441523128857,Benign
-0.21424028265311126,-0.2441228038252459,Benign
0.30663806638301955,-0.4299928047989275,Benign
0.3330200017208415,-0.6756181848348938,Benign
-0.24895771984000653,-0.14584944769060995,Benign
-0.19819070014607976,-0.24094893348587218,Benign
-0.15149241351847192,-0.182038789796667,Benign
-0.23559228616161673,-0.12656501789401225,Benign
-0.2168218711852368,-0.7050574147144093,Benign
-0.2088593389469634,-0.20677881314914123,Benign
-0.2179781447746418,-0.5005088782114389,Benign
-0.20290996085356702,-0.5089504578425723,Benign
-0.2098282085824307,-0.20675124984030463,Benign
-0.21908403850810232,-0.2970116870295623,Benign
-0.19928574071836802,-0.5173696307474946,Benign
-0.20242578597810384,-0.1564115856473959,Benign
-0.2529286115758868,-0.6083972840010226,Benign
-0.22170515130945198,-0.1765351447916902,Benign
-0.2560793821273369,-0.20950598474557142,Benign
-0.25383304583886207,-0.612172759090478,Benign
-0.18488359733792936,-0.9571874225258837,Benign
-0.19039189794079078,0.5304017356103796,Benign
-0.21649066836532846,-0.48895569207041495,Benign
-0.21332280382984056,-0.29434270789725475,Benign
-0.22246630485248817,-0.1111300655339067,Benign
-0.21137506669698117,-0.24432462052352052,Benign
-0.1971161782628158,-0.1691252053398015,Benign
-0.19981679892754597,-0.2505794063064911,Benign
-0.21998050553626844,-0.5732861476909444,Benign
-0.2103575136805303,-0.23562449631922336,Benign
-0.20585570797068642,-0.19679089801522026,Benign
-0.2560430463606435,-0.6700956236964002,Benign
-0.2497191782850098,-0.45360083929141376,Benign
-0.2539941551545802,-0.31885613820407055,Benign
-0.25437115412242256,-0.3075683386926286,Benign
-0.23610579613292926,-0.05199426049036118,Benign
-0.12748131099838036,-1.506930375374513,Benign
-0.1575012229426829,-0.8945212573931014,Benign
-0.2193367565650318,-0.3560596447997452,Benign
-0.2427719166954879,-0.29227814058297025,Benign
-0.24308960533421917,-0.4028811432966047,Benign
-0.2423005706950224,-0.4143760182699129,Benign
-0.2447196250720102,-0.21619515291357683,Benign
-0.233358491806924,-0.5517882007094463,Benign
-0.22674157333726722,-0.5847506120630008,Benign
-0.22827692476586625,-0.2679246849427498,Benign
-0.21230148852547726,-0.18755980648719087,Benign
-0.16120823435181156,-1.249943094870321,Benign
-0.19214465919890367,-0.2314146941344729,Benign
-0.254237182812331,-0.3182056132974785,Benign
-0.2531396024290124,-0.2986995447377848,Benign
-0.18767429372979116,-0.2067686267326012,Benign
-0.20344450978485978,-0.1665192894013254,Benign
-0.23488277363175028,-0.25473480799045467,Benign
-0.20548374354768864,-0.7497012545252727,Benign
-0.2468511150973114,-0.802622644957401,Benign
39.87173612158858,-0.03365386173784314,Benign
-0.17215592586598438,-0.26705507415870683,Benign
-0.18908901104021314,-0.18977476407036797,Benign
-0.21693702113990468,-0.2797637726076956,Benign
-0.20869462000261485,-0.5280454024830336,Benign
-0.19747183150174422,-0.513339388557445,Benign
-0.27746472562499164,-0.7376229519685599,Benign
-0.12131106645135234,-1.8032788317767137,Benign
-0.18995384123769252,-0.9396669099876143,Benign
-0.2307255099745735,-0.5286223221415237,Benign
-0.25139003093466283,-0.3130954721167395,Benign
-0.23425128105679635,-0.5587361548375511,Benign
-0.19314746396621502,-0.5719302343990104,Benign
-0.2072535858241751,-0.2354965940076226,Benign
-0.19756326879522554,-0.22652557894333383,Benign
-0.12198969991082151,-0.5807477943547376,Benign
-0.2100628330928155,-0.18074188418702836,Benign
-0.25712612016430486,0.7852912494232145,Benign
2.906672900261062,-0.4959399566197028,Benign
-0.25494863407799173,-0.32067242608694485,Benign
-0.25454851746238466,-0.3140302265129093,Benign
-0.2013091384670909,-0.190790146046225,Benign
-0.20643922951685442,-0.25562142898790025,Benign
-0.19738805511841753,-0.16423620895017246,Benign
-0.19640001197577944,-0.5175195001630088,Benign
-0.20259248668979618,-0.39911956536635895,Benign
-0.19939465023039776,-0.7692593974951445,Benign
-0.1966516059369484,-0.7678942447526641,Benign
-0.19422071225417473,-0.5780936942663917,Benign
-0.23802979962737664,-0.22852211247288687,Benign
-0.23688324821946338,-0.44990112641085983,Benign
-0.2548706190779077,-0.30478553002147274,Benign
-0.24893735571197995,-0.5533841838532214,Benign
-0.23333004166633528,-0.48770179588597906,Benign
-0.21760182931103236,-0.230610946485607,Benign
-0.2360900148534852,-0.35715754619740175,Benign
-0.19748664882705927,-0.4681308088326324,Benign
28.893993200891043,-0.202097319083179,Benign
-0.2545285514929714,-0.3149885742167541,Benign
2.787682879983742,-0.4974408220016817,Benign
-0.23786791886818814,0.29603070454161223,Benign
-0.19514800480427452,-0.2084427046857114,Benign
-0.21624322997816744,-0.49660831198767486,Benign
-0.21331670869986874,-0.5172928369136964,Benign
-0.21169270987111516,-0.7244606758874536,Benign
-0.19538030151536984,-0.5084002654872678,Benign
-0.22523559749156538,-0.264154640617232,Benign
-0.22461885467398768,-0.24885876256602546,Benign
-0.2531435080818219,-0.6064237810907445,Benign
-0.25320471070596506,-0.28859307932413214,Benign
-0.25433732720393515,-0.3170782484942607,Benign
-0.2522555739159048,-0.3260867515008414,Benign
-0.2052479090772125,-0.21408480400356827,Benign
-0.19222844499343492,-0.2314522134469528,Benign
-0.21183032947985428,-0.7488013749995112,Benign
-0.17722583647974974,-0.46253563673888975,Benign
-0.25288038298188237,-0.2565718404802601,Benign
-0.24855254768188167,-0.3182264087637572,Benign
-0.25087616660416673,-0.11374414182081587,Benign
-0.24891616045341508,-0.3731577324141588,Benign
-0.20947604238784093,-0.5075760958674789,Benign
-0.21296280563502448,-0.23175350784208754,Benign
-0.21272907876426145,-0.1989276258848102,Benign
-0.213603890081547,-0.2975303106421173,Benign
-0.2002681557426317,-0.25739381311156595,Benign
-0.2520551021609325,-0.4158173058192294,Benign
-0.25159725890266793,-0.21407338749052937,Benign
-0.25091264179452377,-0.24668850723422045,Benign
-0.24921945911289134,-0.33417617383086323,Benign
-0.24821686218358663,-0.7287050329239482,Benign
-0.17569888732286276,0.07078860138985835,Benign
-0.17516048397802708,-0.6376527405093331,Benign
-0.1985845653369403,-0.20401616232917852,Benign
-0.17587136574105125,-1.0134593841443091,Benign
-0.19903812830531695,-0.5079387730871763,Benign
-0.25165996340860364,-0.33710823666316453,Benign
-0.19640001197577944,-0.5175195001630088,Benign
-0.18308077579471044,-0.5144084058656604,Benign
-0.22186333210826908,-0.5450016267466645,Benign
-0.2466960525998434,-0.39486052865953725,Benign
25.945026507165103,-0.20184293439149392,Benign
-0.2314240259413779,-0.7792787403351273,Benign
-0.19105045069155768,-0.45229586946445544,Benign
-0.20270917365660548,0.028896732931018777,Benign
-0.21710426196298616,-0.49949325161431796,Benign
-0.25004330681695547,-0.30762951225225893,Benign
-0.22776142997937715,-0.5605595946325687,Benign
-0.3402618289010017,-0.04210762383177432,Benign
-0.19903103371775466,-0.52124767391867,Benign
-0.18434842778555852,-0.4669412805090296,Benign
1.5713395515516109,-0.5029607940473638,Benign
-0.23332520500329973,-0.5460462271053764,Benign
-0.21904933094577295,-0.25853206490379077,Benign
-0.22171217373584243,-0.1764865602305348,Benign
-0.20780701222196615,-0.15707902637168966,Benign
-0.2551102475382145,-0.31771120623880855,Benign
-0.5432059042106753,45.10971008853434,Benign
-0.24828274579947235,-0.37145157973590276,Benign
-0.22098946490312385,-0.6006089668674756,Benign
-0.20112833052220974,-0.29061547799647114,Benign
-0.1890374982657329,-0.466870277420466,Benign
-0.21674668592945137,-0.5025752581036931,Benign
-0.2127147152384569,-0.5198761456050567,Benign
-0.14139085756603034,-1.304961041019457,Benign
-0.2042525965551998,-0.7593170758554673,Benign
-0.18670460956392876,-0.9261303934332502,Benign
-0.20739101406712543,-0.6544105842614079,Benign
-0.23334241485474008,-0.5462373542146267,Benign
-0.2512328442824805,-0.3355280482065995,Benign
-0.2503680747564605,-0.26125262180013076,Benign
-0.19698559104116264,-0.5474229640623668,Benign
-0.21427850584892333,-0.5153163153499222,Benign
-0.25732199636380576,-0.6586758444994351,Benign
-0.1764585482083737,-0.3451728357607515,Benign
-0.2184523268094035,-0.2710576259216657,Benign
-0.2429090957421539,-0.3160019138275094,Benign
-0.22826990502098782,-0.11179581629297448,Benign
-0.22442838152921493,-0.15173507695477587,Benign
-0.20923092381693725,-0.6446018409894226,Benign
-0.21331670869986874,-0.5172928369136964,Benign
-0.2352273761602558,-0.18622692017188677,Benign
-0.21656568602281445,-0.2930934588170493,Benign
-0.21123318331822355,-0.2050639462371539,Benign
-0.21290845315018062,-0.29922024539621705,Benign
-0.22807965073862552,-0.24196461846662087,Benign
-0.2071917106173937,-0.48025245780480263,Benign
-0.2152903979407333,-0.656929347642899,Benign
-0.20851746104294758,-0.35178022658356245,Benign
-0.2514018111865115,-0.33731537195246214,Benign
-0.2093505023211916,-0.4775600031245151,Benign
-0.14001702772674834,-1.0572214360975036,Benign
-0.19434895128600227,-0.1960885669653311,Benign
-0.2264720453792065,-0.5856239708457676,Benign
-0.22786442136265933,-0.2776275535387167,Benign
-0.21096260869149427,-0.2687818383812416,Benign
-0.2572437029661718,-0.6598420531881274,Benign
-0.19125490623270505,-0.2770396597670088,Benign
-0.21938567420223473,-0.4984309930260248,Benign
-0.2153111894007463,-0.20608182393542926,Benign
0.30414470845619523,-0.7919847825452259,Benign
-0.1963309253512821,-0.24678240863873366,Benign
-0.18555825079874363,-0.20322959934435597,Benign
-0.2435096880386202,-0.39696791438077855,Benign
-0.25354611769675384,-0.3083230820750638,Benign
-0.23178786724674405,-0.20655202304692036,Benign
-0.2536158410895116,-0.3163475178602441,Benign
-0.209503067393719,-0.26218764565386826,Benign
-0.19611189751535243,-0.5269282886625221,Benign
-0.23723118849032931,-0.2612508474238822,Benign
-0.20771034529524024,-0.22316058533197108,Benign
-0.24912940758477253,-0.3477929988033858,Benign
-0.21945028279228831,-0.27180994497549593,Benign
0.317117769661881,-0.6629254585600841,Benign
-0.2044387786000214,-0.21690330537316677,Benign
-0.22235781684584807,-0.9806032985387173,Benign
-0.17847542561539126,-1.0288049380828135,Benign
-0.2016483847111293,-0.5083166658717987,Benign
-0.2148089372672689,-0.32766801978010396,Benign
-0.2128948008523481,-0.6281960930415316,Benign
-0.19481287918245407,-0.23424622204361886,Benign
-0.19640001197577944,-0.5175195001630088,Benign
-0.21338952906443112,-0.2262918309810397,Benign
-0.20002609582353378,-0.13043254101163634,Benign
-0.2544307055683085,-0.2831807352250021,Benign
-0.19758418046529286,-0.29190198487335006,Benign
-0.24853636448126049,-0.34747234585410275,Benign
-0.20584696212711673,-0.8453675185505392,Benign
-0.16596772713721714,-0.7281524013273785,Benign
-0.26596056271822005,-0.8644788324407948,Benign
-0.2489621640210707,-0.353431691632815,Benign
-0.25801168852664447,-0.6540652672146309,Benign
-0.20533662372699027,-0.8140682826348313,Benign
-0.18555674014381754,-0.2988195971457153,Benign
-0.16633541878171088,-0.3846344828042534,Benign
-0.20636885720085557,-0.2999639031249364,Benign
1.5824596049234543,-0.31630868571073645,Benign
-0.25293027808833035,-0.3282548019950814,Benign
-0.24977789612899698,-0.34814006145883386,Benign
-0.21863271405743068,-0.14863343856855366,Benign
-0.2036861298735592,-0.505302004697065,Benign
-0.19965613737706092,-0.3607086946419352,Benign
-0.1938149786962929,-0.48710325852420927,Benign
-0.2183253746978752,-0.7115338444667698,Benign
-0.24584015697840536,-0.31604166259818495,Benign
-0.2255511005454722,-1.0316386353691687,Benign
-0.1318069925151833,-0.8132146903074386,Benign
-0.24868630079441156,-0.5615416474747088,Benign
-0.2542442223749859,-0.31752625974835685,Benign
-0.2541232462072102,-0.3038454557011685,Benign
-0.25392482887027845,-0.31115899282001386,Benign
-0.2189383402397449,-0.46603304677448637,Benign
-0.20396236110892044,-0.18572883282139005,Benign
-0.25635699020632735,-0.3587324288752781,Benign
-0.2462018074428368,-0.5785128499061032,Benign
-0.21657368286632156,-0.17859090651728526,Benign
-0.2551097940196103,-0.2942347738847823,Benign
-0.235244905859675,-0.17203132081954914,Benign
-0.25487304289723545,-0.3049936875871037,Benign
-0.2550646543161563,-0.11768287961707025,Benign
-0.19850511508226928,-0.5254445233749456,Benign
-0.19651663208285686,-0.2640225283486106,Benign
-0.20670457911276713,-0.23593690013668375,Benign
-0.2543112456181447,-0.3163887616850726,Benign
-0.25316405241677215,-0.30129228872689445,Benign
-0.1497764614981729,-1.2023645203673428,Benign
-0.20826684919870883,-0.1149651260038833,Benign
-0.2038635896538725,-0.22536001878587233,Benign
-0.21416018507364834,-0.23025110594618828,Benign
-0.25222930131568577,-0.2678883642493408,Benign
-0.1788940366846442,-0.31741250044522684,Benign
-0.20342849156902262,-0.6572073439560806,Benign
-0.1899029513403645,-0.5616716884726096,Benign
-0.22670446567682012,-0.21144688988613103,Benign
-0.21169388532326958,-0.2398121265772838,Benign
-0.20542205889463577,-0.5216701857612392,Benign
-0.20256193540756207,-0.20457405099674683,Benign
-0.2552157357853908,-0.6701102223697151,Benign
-0.20432496599417907,-0.16113642132494552,Benign
-0.2377309649940655,-0.03597941771923694,Benign
-0.24266762722651644,-0.3541176906832168,Benign
-0.19513687105455108,-0.20854602813866155,Benign
-0.19542405929071952,-0.2241722200988029,Benign
-0.2550146897061824,-0.2372035259496899,Benign
-0.1966552001917808,-0.20796659719113852,Benign
-0.20204370816566014,-0.8839974319355447,Benign
-0.19123797762700653,-0.31283406938966496,Benign
-0.20103335746614404,-0.4426635867307204,Benign
-0.2464352469784231,-0.2852844230728474,Benign
-0.22540990439581293,-0.22089293160988474,Benign
-0.22522034824940068,-0.17482016067213876,Benign
-0.226808567399901,-0.22365154296323755,Benign
-0.23536979313485815,-0.14745593455444028,Benign
-0.2472521884060228,-0.3559068244632711,Benign
-0.25440316321267553,-0.31569727031200784,Benign
-0.20300972391070876,-0.5192342867065357,Benign
-0.2535629017883218,-0.3234861544714987,Benign
-0.0861929707753443,-0.34197357367458253,Benign
-0.21333978710590645,-0.4705392736537033,Benign
-0.20265329754693126,-0.12068335397103698,Benign
-0.2156097687600902,-0.48214010988425515,Benign
-0.23334261663337563,-0.5462331648955404,Benign
-0.20317971527717502,-0.4930634316845749,Benign
-0.19538609546064464,-0.5070270267286814,Benign
-0.25316650068092206,-0.318732200904745,Benign
-0.20364170174318025,-0.3219248187799059,Benign
-0.26900526705396793,-0.39525798031786125,Benign
-0.23347222988653107,-0.5464719870965093,Benign
-0.19414480365173775,-0.5278944374659349,Benign
-0.11863976533394198,-1.530646654793417,Benign
-0.19873170782842323,-0.5232866426369311,Benign
-0.21718118945141207,-0.7014973496795203,Benign
-0.20765026216045587,-0.38429279033747277,Benign
-0.21050974544600182,-0.7392754098766301,Benign
-0.21505358726049906,-0.19292844747188867,Benign
-0.19855375443016626,-0.5876059335094113,Benign
-0.21514125156019104,-0.4892903710482765,Benign
-0.24880466906534393,-0.5541212557661921,Benign
-0.2050455313709411,-0.23021139841259466,Benign
-0.2153074849147507,-0.29675717450706945,Benign
-0.1910023335772737,-0.22333482479603659,Benign
-0.21399464541369975,-0.31105072070262485,Benign
-0.20544783091121718,-0.24299798687491878,Benign
-0.18923060857167678,-0.3055246357711803,Benign
-0.17579007245442166,-0.3024754547424814,Benign
-0.3815383637789824,-0.985504977151651,Benign
-0.23068770620332066,-0.4939587799031335,Benign
-0.24186575163965424,-0.5175551708201428,Benign
-0.15193171064084368,-1.1721305401754814,Benign
-0.19135572052919683,-1.1763624766409784,Benign
-0.2593312847647571,-0.35211956571550485,Benign
-0.2637983909228215,8.873443691886074,Benign
-0.20553434323752603,-0.21727625232479592,Benign
-0.20780646511516526,-0.48111301919410504,Benign
-0.20396049248755016,-0.223865835046974,Benign
-0.22228639770722056,-0.13275485565736939,Benign
-0.2015809549400948,-0.18196072123930793,Benign
-0.25287684203918626,-0.3256736933730358,Benign
-0.24069173443981173,-0.19145055358408888,Benign
-0.21186296103399505,-0.23946758349207503,Benign
-0.2547086353146513,-0.13985645629557236,Benign
-0.2052359642453556,-0.23993411127108788,Benign
-0.19714649323996022,-0.20361865579633814,Benign
-0.2507011714186043,-0.347385597149304,Benign
-0.19884200054079082,-0.49821915207900014,Benign
-0.2493516889679594,-0.6416221649953757,Benign
-0.2532601805608784,-0.2900977562738535,Benign
-0.21331670869986874,-0.5172928369136964,Benign
33.9558435830607,-0.3244314188471644,Benign
-0.21290012111303644,-0.5172918859443734,Benign
-0.19090043674557805,-0.44681415926803686,Benign
-0.19021768915953374,-0.22866715504195387,Benign
-0.19021768915953374,-0.22866715504195387,Benign
-0.25662495261990004,-0.33558334009267454,Benign
-0.20970972852192063,-0.22708413774529249,Benign
-0.22620770574089294,-0.2701247004920014,Benign
-0.25017926653040096,-0.0789329808854819,Benign
-0.2079878118361942,-0.3631966808349694,Benign
-0.2384928055614043,-0.3195894169824747,Benign
-0.24751391509288545,-0.38430062094671696,Benign
-0.24724761966910136,-0.24832848985493491,Benign
-0.31241102174631635,-0.9595147917173609,Benign
-0.21069262299489985,-0.21305414707965692,Benign
-0.20724558620871683,-0.23561898135573567,Benign
-0.2295607744375787,0.37449008965929115,Benign
-0.197638727817886,-0.5136195297370205,Benign
-0.22864263237413748,-0.5533765480242862,Benign
-0.25404859505147476,-0.32021875113880194,Benign
-0.26352568819444133,5.064439321514694,Benign
-0.20063315991677613,-0.1694484020410701,Benign
-0.25734152773306906,-0.6570036289160738,Benign
-0.2171702571634722,-0.643078000767719,Benign
-0.2518565311417554,-0.32475275771601536,Benign
-0.2534283806800948,-0.3226220880146568,Benign
-0.25031998260565846,-0.3498994634258833,Benign
-0.21475984914174728,-0.19275969711486765,Benign
-0.21642434676754355,-0.3083537395223443,Benign
-0.19860338790628607,-0.5228467118097122,Benign
-0.2517663109360582,-0.30560532507908517,Benign
-0.16478732707748606,-0.8543045119457019,Benign
-0.2761116292207443,-0.11908053285134698,Benign
-0.23394923709340112,-0.27459091021939164,Benign
-0.20159530216832822,-0.2545916288574452,Benign
-0.25521694900800324,-0.30284182769318224,Benign
-0.2537743513461061,-0.2823916496417857,Benign
-0.20929086956021523,-0.5237290576430352,Benign
-0.20669344880683121,-0.4528388418058124,Benign
-0.23784849929710566,-0.4369135584722454,Benign
-0.2333401180444925,-0.5464063094707988,Benign
-0.23514200987072226,-0.20968638178928098,Benign
-0.15307822044641695,-1.0135500887822346,Benign
-0.25811534867837643,-0.6521257355780846,Benign
-0.25459144641192716,-0.3143799475363723,Benign
-0.21331670869986874,-0.5172928369136964,Benign
-0.1920237977619687,-0.5391808146093243,Benign
-0.25250387829735405,-0.18364345759593262,Benign
-0.21166639997606296,-0.7193186730589192,Benign
-0.1780368037087283,-0.6572867508750768,Benign
-0.21135733588462222,-0.6158857648507625,Benign
-0.14941808882853697,-0.9943956508152915,Benign
-0.22598233380311838,-0.2552484675797902,Benign
-0.2002155198605973,-0.19559986850262912,Benign
-0.21684596216429466,-0.29209549884471464,Benign
-0.2192524430430585,-0.5188928348213797,Benign
-0.19181607457795624,-0.2836108390301671,Benign
-0.2548932974488623,-0.23533912349995237,Benign
-0.2099859934435212,-0.5790025772039058,Benign
-0.25405687564841417,-0.3178667651357209,Benign
-0.2720989639786582,-0.550393896741769,Benign
-0.23151723007486194,-0.3591574731048044,Benign
-0.2531707859855194,-0.6071687565136743,Benign
-0.25244505853708055,-0.2943376521344694,Benign
-0.21055578994487037,0.20505359051855918,Benign
-0.23531796074035696,-0.28949027564313684,Benign
-0.24810807117759753,-0.6274055543838344,Benign
-0.25344745447581307,-0.31200308935098037,Benign
-0.25109350211446924,-0.6210357281330265,Benign
-0.15834285462429193,-0.7744109041807994,Benign
-0.17352732753134445,-0.6274539134464185,Benign
-0.1595778329630608,-0.8413859464616975,Benign
-0.20183240338947397,-0.8607707159540166,Benign
2.1290963913265726,-5.160242198422856,Benign
-0.22132564407476796,-0.4750821733111535,Benign
-0.15767324123560872,-0.8086100334890635,Benign
-0.19602606709037443,-0.4995534218507265,Benign
-0.25400424234981456,-0.32858766092718744,Benign
-0.19527607777814396,-0.5205038079242349,Benign
-0.20282447844786933,-0.5915174372811329,Benign
-0.20299371194377633,-0.5943081437887832,Benign
-0.22175800438343882,-0.23024917817566598,Benign
-0.21158431313325063,-0.17693619391522616,Benign
-0.21475613263383436,-0.503273612215908,Benign
-0.20237114524458394,-0.28094956760477935,Benign
-0.22758163839046958,-0.22784005641633362,Benign
-0.23534592634445997,-0.16965575488768767,Benign
-0.23772381737467402,-0.13596142896780494,Benign
-0.2547486080625332,-0.30391409998395424,Benign
-0.24941283588553237,-0.35316190135034664,Benign
-0.25191742686559254,-0.32641730860574186,Benign
-0.21788502049041764,-0.5745892022464205,Benign
-0.22255989453832903,-0.3543854300933118,Benign
-0.21879697874749077,-0.7330076814655484,Benign
-0.19075350573035846,-0.5345557952924654,Benign
-0.21191486322951952,-0.5759611206778545,Benign
-0.21059469483865745,-0.22707504660193564,Benign
-0.23601747804751105,-0.050179759179783553,Benign
-0.20164860781546365,-0.48597089701698676,Benign
-0.20295600405641964,-0.15917142622403035,Benign
-0.22339619899050625,-0.5625292738967947,Benign
-0.21331670869986874,-0.5172928369136964,Benign
-0.21040513025140611,-0.22101028734936523,Benign
0.3349463041990222,-1.406325070105176,Benign
-0.23393955521754597,-0.23684012599893517,Benign
-0.21724239449103538,-0.4902610890082605,Benign
-0.231982193393312,-0.7893698283431979,Benign
-0.23469116245625482,-0.2649632093174652,Benign
-0.2095416079805558,-0.5052684673794199,Benign
-0.19325534330846872,-0.20053496058648282,Benign
-0.2280435367275766,-0.5575346091722406,Benign
-0.2546655899219186,-0.2991757111560624,Benign
-0.19235546088119504,-0.2452121688725215,Benign
-0.2388673493838181,-0.27346883109785614,Benign
-0.21389927670108652,-0.587054708660495,Benign
-0.19995243239785598,-0.5198349677231912,Benign
-0.25141789730660874,-0.32523384760692536,Benign
-0.2534612009894761,-0.3396611317035497,Benign
1.594675549054917,-0.48405889766077614,Benign
-0.1775705193168972,-0.38534668365317576,Benign
3.0401102341134156,-0.6336893673410098,Benign
-0.2542669871072677,-0.3175378212656281,Benign
-0.22051385565636278,-0.19414166688459944,Benign
-0.2537863105931399,-0.3139990970599494,Benign
-0.2222157110425801,-0.5706694997659806,Benign
-0.20175777329382524,-0.18786280710898576,Benign
4.4814778369277635,-0.27832317956622965,Benign
-0.20787044490822798,-0.47994685675713794,Benign
-0.22474640326702347,-0.24867488269645066,Benign
-0.22476837320186438,-0.24686807466845964,Benign
-0.20358575881530758,-0.5707713175467531,Benign
-0.20242677039829668,-0.23374520036125349,Benign
-0.25516986757262705,-0.30941426913617465,Benign
-0.1429072030874712,-1.5189080430729356,Benign
-0.13567061903387626,-1.0637467395820366,Benign
-0.16699664645470907,-0.7706753564448764,Benign
-0.2220594824864342,-0.5457755513805768,Benign
-0.1993821380621241,-0.41628409246949466,Benign
-0.19407941848401156,-0.40412081700234953,Benign
-0.2543498044304353,-0.2867753644183564,Benign
-0.2551516094225523,-0.316361843214901,Benign
-0.25487316970364166,-0.31225462021779377,Benign
-0.2520591982487442,-0.3274949305625619,Benign
-0.12528296960892568,-1.583306681273506,Benign
-0.19532508525881023,-1.308731435322413,Benign
-0.22995652924139565,-0.2617965764920962,Benign
-0.2581239027953489,-0.04711705492888574,Benign
-0.2033383603858666,-0.0042399527825993325,Benign
-0.18581563024697084,-0.6845221815058125,Benign
-0.20567935769188803,-0.5885518905333054,Benign
-0.2191454986253884,-0.5098722598947414,Benign
-0.1859388946304405,-0.21620405036205553,Benign
-0.20916094948315597,-0.04693841341256919,Benign
-0.1186388857335731,-1.5306372454761403,Benign
-0.11850357494659343,-1.0309664709748623,Benign
-0.1965131954974558,-0.18039673014086677,Benign
-0.19949818142021986,-0.5153483812224356,Benign
-0.2233508570743162,-0.512810521070377,Benign
4.6747138973438815,-0.6302160307701989,Benign
-0.25367104025704124,-0.3234111026316703,Benign
-0.21207033391770572,-0.1765287091174687,Benign
-0.21074939144192192,-0.2456224629350303,Benign
-0.215150466757132,-0.15545059529014796,Benign
-0.25208733266030986,-0.34513622576926506,Benign
-0.17516749582082772,-0.5858754574300726,Benign
-0.25435042219290793,-0.31299532374153893,Benign
-0.20489829387229083,0.4331489790907756,Benign
-0.20953592489876813,-0.5054447974493227,Benign
-0.28910122651250136,-0.44827962008489786,Benign
4.5258562793752635,-0.6403573331220827,Benign
-0.19996640981546382,-0.20386187087454666,Benign
-0.2042201291258791,-0.2654301661656595,Benign
-0.23520128020339237,-0.7532500380015783,Benign
-0.21844177267680542,-0.2713785222587415,Benign
-0.19639091767532818,-0.2308347469480783,Benign
-0.19379747162884658,-1.216325075724718,Benign
-0.20845515751783045,-0.20308626549567274,Benign
-0.20403058739709387,-0.19117213357093193,Benign
-0.2046295175388252,-0.7538208729542832,Benign
-0.20947121279311284,-0.3644967022343047,Benign
-0.2055385189517037,-0.37838600220575547,Benign
-0.20661933018067108,-0.37815039610722906,Benign
1.5937389839133957,-0.09220052736280071,Benign
-0.20952167773286476,-0.5059539116761732,Benign
-0.2545188665788232,-0.3239794345015858,Benign
-0.2533512815530096,-0.3155904633136613,Benign
-0.23572337758855938,-0.27487821285118064,Benign
-0.1812858306364151,-0.8909189033430105,Benign
-0.25470018495387,-0.322059239976514,Benign
-0.21858506420806548,-0.25081374370145487,Benign
-0.18421161189506566,-0.2664611376964734,Benign
-0.23600512995965559,-0.2682519646123779,Benign
-0.2553685042935931,-0.24448962982249325,Benign
-0.22249591497638885,-0.5854280382675983,Benign
-0.22544556797459558,-0.6643467841107654,Benign
-0.21331670869986874,-0.5172928369136964,Benign
-0.2544606030939242,-0.27427621469393776,Benign
-0.213434459087344,-0.6889063901917516,Benign
-0.25527881290080284,-0.30878900740070925,Benign
-0.25292514550129885,-0.30456626819804805,Benign
-0.22896832392890912,-0.2593885246911284,Benign
-0.22666958620751784,-0.255445399931427,Benign
-0.2227745341893256,-0.21291094650758435,Benign
-0.1884571002980489,-0.2792177346040893,Benign
-0.2829429354860153,-0.4715229372399322,Benign
-0.2517206113446996,-0.33650743698860197,Benign
-0.2135803005491412,-0.48672751427074684,Benign
-0.2491426235002292,-0.13817294665328153,Benign
-0.20954139499484065,-0.5050134571043028,Benign
-0.19980340637672128,-0.5194462797068841,Benign
-0.19903462468935657,-0.20400678888382157,Benign
-0.19531010016171124,-0.21086698471978338,Benign
-0.2031007815660528,-0.22246249041760768,Benign
-0.2151865425278678,-0.33805848641247727,Benign
-0.25831776462947575,-0.23656927701309338,Benign
-0.21616168188465829,-0.5305868121128665,Benign
-0.19401157300703084,-0.41998951559412306,Benign
-0.17072113935551253,-0.7083203551725784,Benign
-0.25318856554237745,-0.2500771795936607,Benign
-0.22002671184832215,-0.6065090498575723,Benign
-0.24861830013079433,-0.27714379598482125,Benign
-0.21311417356426895,-0.621660164125341,Benign
-0.21323496328471392,-0.31382097990433744,Benign
-0.2212738051950499,-0.1189579007913103,Benign
-0.20028328729652833,-0.20271042293326777,Benign
-0.19518015033390254,-0.5174915574907282,Benign
-0.12201456936048595,-1.631618134586683,Benign
-0.21818491490430958,-0.17053312321394337,Benign
-0.22058986450799165,-0.48250729310967655,Benign
-0.2182441982641758,-0.5011709286799796,Benign
-0.21700151319628666,-0.5005802608612336,Benign
-0.35895008750442364,-1.506178621217102,Benign
-0.20446376529719343,-0.5744460414513077,Benign
-0.21977104960131286,-0.2758562765527448,Benign
-0.2115246126210667,-0.18693946465094283,Benign
-0.20467726814354553,-0.34910032803664653,Benign
-0.2515802181870438,-0.3606541052991711,Benign
-0.25020163077683827,-0.35560859453950894,Benign
-0.2337479279431263,-0.4890588963441906,Benign
-0.19897126954692257,-0.5535871557841221,Benign
-0.20968163157385455,-0.42933392112951974,Benign
-0.25481518072353415,-0.30497849073489774,Benign
-0.171734629847962,-0.16924931035877222,Benign
-0.19249106369547284,-0.1483323638706328,Benign
-0.19344365198379107,-0.5220854074865036,Benign
-0.19852249057846744,-0.5254404781572233,Benign
-0.1994529187847727,-0.13161387423226129,Benign
-0.20773195172535863,-0.1911138255389864,Benign
-0.19883797099652314,-0.5159690978133429,Benign
-0.2501466221276733,-0.2963760371747987,Benign
-0.19856605969591457,-0.2395620865573318,Benign
-0.19191002270715093,-0.2327863539291081,Benign
-0.1992666583378053,-0.38807450041281727,Benign
-0.20909134137658403,-0.4981978171206118,Benign
-0.2119436179266721,-0.5158871731500315,Benign
-0.19612601407631336,-0.5790998284455864,Benign
-0.22217407267037834,-0.5922653103150824,Benign
-0.20750146109796133,-0.2875355110170009,Benign
-0.23136458668478396,-0.5715769484307542,Benign
-0.25090967614884796,-0.3091525863701348,Benign
-0.2529133456863561,-0.7027112754242953,Benign
-0.1984777323248591,-0.21747962871433432,Benign
-0.19528437528252132,-0.3354497831587841,Benign
-0.2579162061239546,-0.19938043522835452,Benign
-0.19928124429194036,-0.5173232280922819,Benign
-0.24404016876347756,-0.534141719410365,Benign
-0.22461702598574804,-0.23237500788979204,Benign
-0.2141100430815109,-0.7309495559875596,Benign
-0.056477929452650295,-1.687797584440961,Benign
-0.20850990221890653,-0.3528715254664508,Benign
-0.23984026650672968,-0.4939331694748703,Benign
-0.20875052331210123,-0.4819838439689014,Benign
-0.21144595699084157,-0.28362023245055795,Benign
-0.19215645731283384,-0.6008664650261413,Benign
-0.20963183830793358,-0.226091095596367,Benign
-0.2067556601055286,-0.1586869723102974,Benign
-0.19523804673663003,-0.22352032243260686,Benign
-0.1941066771980374,-0.5138595500641933,Benign
1.564626188604053,-0.3375074284592127,Benign
-0.20855862747433623,-0.157237158674332,Benign
-0.2526475321013269,-0.244598117641456,Benign
-0.2205488733952919,-0.2875371392630994,Benign
2.8647293616384926,-0.5117620042656292,Benign
2.8723212032306975,-0.23072117656830032,Benign
-0.24824632053251933,-0.3295384201711047,Benign
-0.21366442956328519,-0.26355001809512946,Benign
-0.22077898758411765,-0.6300428720904911,Benign
-0.06769032163565988,-2.1316736600480732,Benign
-0.07982636394655883,-1.2548310362464319,Benign
-0.2751677066626599,-0.25173791469467593,Benign
-0.24934573852200226,-0.36217639889879405,Benign
-0.24428463442482307,-0.38658769979879315,Benign
-0.2417556291477037,-0.4145715778767352,Benign
-0.20761893099072226,-0.5249336015201009,Benign
-0.2185068803710426,-0.06359028458353441,Benign
-0.20728876917809586,-0.21925612105175835,Benign
-0.2023622081313751,-0.3252571379999121,Benign
-0.2504369280826799,-0.16585373070776865,Benign
-0.17048145396981637,-0.36511440785446236,Benign
-0.22499294488342866,-0.31851904828995475,Benign
-0.20360111354066318,-0.21734416500427825,Benign
-0.14039566082143118,0.03972594648200862,Benign
-0.25322558241629317,-0.3337018631924596,Benign
-0.24888560181359376,-0.5783067064728313,Benign
-0.19881168562270543,-0.4898876597311893,Benign
-0.1919802133561715,-0.5415027548518846,Benign
-0.18572085302704053,-0.2495007278549415,Benign
-0.26408571809643505,-0.6526479636502179,Benign
-0.21731234832406282,-0.20782986756796537,Benign
-0.2126171204633468,-0.5000760275230343,Benign
-0.21586356996984665,-0.21844960597505142,Benign
-0.18251916609083196,-0.6059135717649865,Benign
-0.19628566019546762,-0.5147701480092385,Benign
-0.19027382163788048,-0.19895331709945643,Benign
-0.09052259131021727,-1.2172269687780484,Benign
-0.22324614969772683,-0.5719494444094756,Benign
-0.2575185030580485,-0.3627157155031524,Benign
-0.22196714539466758,-0.26254635517564595,Benign
-0.19591763292053166,-0.26441153311402543,Benign
-0.2115160687933184,-0.35240350882095317,Benign
-0.17991997404738794,-0.6154873671686318,Benign
-0.21137615771917312,-0.689017221814708,Benign
-0.2126580073478331,-0.2304820311984712,Benign
-0.25092647825771547,-0.33977684215058784,Benign
-0.25465991446074604,-0.3188976013488714,Benign
-0.251406228679276,-0.3358933817876247,Benign
-0.24645377924047537,-0.45612015567015335,Benign
-0.09762198143762876,-1.51545105503342,Benign
-0.2143213914315469,-0.6261761470561007,Benign
-0.22266085605051839,-0.8621640073117696,Benign
-0.1940478335143377,-0.2481526371208831,Benign
-0.20651118014681555,-0.5038501866223489,Benign
-0.19972287700200017,-0.18099950097343076,Benign
-0.21569733279379785,-0.5187638106792202,Benign
-0.2260877763920986,-0.25190710011059225,Benign
-0.44039766341635683,33.49752356323796,Benign
-0.1801661235429632,-1.041790537043936,Benign
-0.17980744892471723,-0.3964997792350205,Benign
-0.21161075205779456,-0.22718709850500812,Benign
-0.16644402657464472,-0.7870770789305864,Benign
-0.2183175066629597,-0.3470931551112462,Benign
-0.20783159784399885,-0.3443149526215958,Benign
-0.2512318673795707,-0.32689054620297936,Benign
-0.2352412712887825,-0.1796788772224213,Benign
-0.20166441409655428,-0.2731607991043439,Benign
-0.22718693705519444,-0.2717151890389329,Benign
-0.22174382289087552,-0.2717497458438865,Benign
-0.23861095720267753,-0.24863918223218487,Benign
-0.2219232006065781,-0.2624701223630858,Benign
-0.2077721700597818,-0.5028719684784133,Benign
-0.2532030262700177,-0.6762246593723573,Benign
-0.21649404716271164,-0.5257598337406603,Benign
-0.18433898474886104,-1.0112892247799836,Benign
-0.22743409759387395,-0.5340431757880479,Benign
-0.15890302050531377,-0.6976776579418602,Benign
-0.16611304001983654,-0.6436333301367464,Benign
-0.24648103555737355,-0.7278699580824178,Benign
-0.24764084018344823,-0.4295392294399671,Benign
-0.15089333456978077,-1.3018043624354618,Benign
-0.1201941072150275,-1.598548517864419,Benign
-0.21331802742582673,-0.5173472861665482,Benign
-0.21549304539310288,-0.19201166077998866,Benign
-0.22620366124866645,-0.2697114558160968,Benign
-0.22100681589938878,-0.5638924096257841,Benign
-0.2590257436503737,-0.6505197387387577,Benign
-0.21844014637089224,-0.3052557119660338,Benign
-0.20777131081877986,-0.5028621969555274,Benign
-0.2659216394146834,0.808007092830014,Benign
-0.2105564872714042,-0.22441015114792992,Benign
-0.18735638887164463,-0.3411900804915096,Benign
-0.19165674693332263,-0.25333748505447484,Benign
-0.24545144318230264,-0.5252664934030775,Benign
-0.21679490641205537,-0.26897067758741033,Benign
-0.19065640659669136,-0.2687147413110516,Benign
-0.20708818591254277,-0.23179617445885858,Benign
-0.19139674745936544,-0.2613537843827367,Benign
-0.20849913210490312,-0.18606602296650238,Benign
-0.19906342392073373,-0.5888080984714585,Benign
-0.19105522734667366,-0.5584673264632006,Benign
-0.20294697906453862,-0.658578211886603,Benign
-0.20998227833594096,-0.31043765337730284,Benign
-0.2010765503642976,0.16341693097106433,Benign
-0.2487002344226228,-0.3593580233341697,Benign
-0.24749351983649603,-0.3602008332251363,Benign
-0.24826330512289846,-0.3566739089683288,Benign
-0.2353863510727164,-0.15226427207258802,Benign
-0.20490388393664524,-0.20897254807885357,Benign
-0.2031061318698523,-0.2151222215003062,Benign
-0.21935657877977457,-0.20119734239558018,Benign
-0.21331670869986874,-0.5172928369136964,Benign
-0.2545407247969814,-0.3224114698519435,Benign
-0.2549465287837632,-0.2840820705971803,Benign
-0.199579330787071,-0.16526814807600454,Benign
-0.20879435069355795,-0.2304598330324256,Benign
-0.13943034579965916,-1.0135624202164446,Benign
-0.19102117740488947,-0.2551921852745194,Benign
-0.2476119352821316,-0.30542713941323796,Benign
-0.21572326979661574,-0.27523615482584174,Benign
-0.22959474622490575,-0.261464012702823,Benign
-0.20308654891551406,-0.2861096114663491,Benign
-0.18688310072457584,-0.539686712493131,Benign
-0.1843868032104487,-0.5315142967861128,Benign
-0.2544050901459373,-0.31535844799548296,Benign
-0.2544073686880424,-0.315610090005215,Benign
-0.2536769479371607,-0.6919668641932185,Benign
-0.21553464996896973,-0.30060884486005784,Benign
-0.2065955914482483,-0.8015057718535753,Benign
-0.19255027942047337,-0.29674291369631756,Benign
-0.2127827591845554,-0.4773755684776419,Benign
-0.1986065705573592,-0.20419626175736175,Benign
-0.22069657136789114,-0.6107177204800337,Benign
-0.2352273761602558,-0.18622692017188677,Benign
-0.2245283826007404,-0.21155072714876372,Benign
-0.20123682843149626,-0.14220899625998015,Benign
-0.20470274204450056,-0.24561178153649058,Benign
-0.20941196433656092,-0.2036442845764137,Benign
-0.22394812259636762,-0.6118664397385625,Benign
39.8618584012104,0.06928856231721499,Benign
-0.19582975508330183,-0.4973674282039596,Benign
-0.21153086554917894,-0.4741571570624369,Benign
-0.22443871331855858,0.46072955891456624,Benign
-0.20659565008827288,-0.8015063991413938,Benign
-0.20511785739595176,-0.48420815516367377,Benign
-0.2394385304955675,-0.46995609415712675,Benign
-0.2175895486106616,-0.1817141199318685,Benign
-0.1977551943493919,-0.4939310127751049,Benign
-0.20634728175012257,-0.1779248464843248,Benign
-0.20789780150843673,-0.4832265635327416,Benign
-0.20174493108874297,-0.15620985868899448,Benign
-0.22591413862716808,-0.28490004054130996,Benign
-0.2055463875063343,-0.48152530117957487,Benign
-0.1991767158123265,-0.2370579806028244,Benign
-0.2551054605173713,-0.2832019900233897,Benign
-0.1930458028290391,-0.23231884718037268,Benign
-0.18814205694401728,-0.20846326138282797,Benign
-0.24099494108325525,-0.5634667591928768,Benign
-0.21680071614053972,0.6017774083142006,Benign
-0.21108302065626314,-0.2785204757993798,Benign
-0.2388263977644382,-0.45979671218774004,Benign
-0.19367502692550997,-0.1812829476293804,Benign
-0.19677462700637036,-0.21415127273596724,Benign
-0.21831344241196401,-0.676130996009367,Benign
-0.19534301555867511,-0.5075214373276694,Benign
-0.1811624189024278,-0.6749239121417311,Benign
-0.27729566702685376,7.239908856093844,Benign
-0.2076500634634838,-0.5202611814634268,Benign
-0.23521126545777016,-0.19964103670354091,Benign
-0.2057300813104411,-0.5078608555323497,Benign
-0.17188731023547896,-0.6449473239545485,Benign
0.31694471688441783,-0.7049110189260102,Benign
-0.1933916227725422,-0.5262323064714166,Benign
-0.24989066610684074,-0.3385769106443337,Benign
-0.24856823852789,-0.35792225618849566,Benign
2.882213825122424,-0.5365522719125589,Benign
-0.19640001197577944,-0.5175195001630088,Benign
-0.1972779000376604,-0.23252089344042529,Benign
-0.25316949169641356,-0.3109912830327303,Benign
-0.2036530596888422,-0.5091887317378425,Benign
-0.20136944754102962,-0.2195601135295476,Benign
-0.21723802722981808,-0.17573752524175476,Benign
1.588925381831902,-0.6539129076938592,Benign
-0.21209380411525264,-0.2934091041455064,Benign
-0.22153307396697042,-0.5612351866135707,Benign
-0.19611065606409114,-0.22408341885497174,Benign
-0.07499017833396004,-1.7248841557924133,Benign
-0.16981220615101605,-1.480723422120578,Benign
-0.17097201077709068,-1.1823926934781273,Benign
-0.2505726956880886,-0.5533279049904917,Benign
0.06892504111341094,-0.29938156186775167,Benign
-0.200900078174285,-0.21393970951791794,Benign
-0.2491881982062974,-0.5509668412815896,Benign
-0.22913266438168306,-0.22706250005097506,Benign
-0.20130293054998685,-0.21765491711623083,Benign
-0.2547786489121692,-0.3104197113114065,Benign
0.3209517350444594,-0.9859391232986031,Benign
-0.24194628724531436,-0.5198879020762553,Benign
-0.2087031975419336,-0.2905699900728723,Benign
-0.25340046583150144,-0.3259128362432068,Benign
-0.20736032294699056,-0.19666017417992668,Benign
-0.2198602960681605,-0.6685940009365924,Benign
-0.2480979179090721,-0.7294854297715586,Benign
-0.24683696064940697,-0.3768152659568012,Benign
-0.21216997613246316,-0.615725059457864,Benign
-0.21397456477263754,-0.33548923952710735,Benign
-0.17065179486641913,-0.3713087364440028,Benign
-0.223080085149612,-0.24704690534991092,Benign
-0.19677821078262084,-0.21402047473497438,Benign
-0.2768903621674067,-0.23619425743501643,Benign
-0.22623279537726462,-0.2617414406433748,Benign
-0.20514560420714617,-0.22560636733757763,Benign
-0.12748299089173337,-1.5069415915300688,Benign
-0.37681904629276897,23.264707152843894,Benign
-0.09007033239626737,-2.7993162483925134,Benign
-0.19838663760497735,-0.9466590116765187,Benign
-0.17910217509730544,-0.5724911870115171,Benign
-0.23435907479299703,-0.23140200895677468,Benign
-0.25104105097398777,-0.6262701753803438,Benign
-0.2550725230144722,-0.6798382792878737,Benign
-0.1938684892117737,-0.20699188051483455,Benign
-0.2135828220701987,-0.4867544876469403,Benign
-0.19544034565514615,-0.9487682129405535,Benign
-0.21262114990463954,-0.7028001525159753,Benign
-0.19906438538173363,-0.19603714745924924,Benign
-0.24313124622860266,-0.18560615648033923,Benign
-0.21592635917983763,-0.5215604899458595,Benign
-0.21336313132276563,-0.16164727215872252,Benign
-0.19865284535114822,-0.5229786280750924,Benign
-0.22302949674247993,0.8043661431027362,Benign
-0.25122222044962594,-0.32721765786175244,Benign
-0.11863495685192536,-1.530595217192304,Benign
-0.2039160047137241,-0.7646239036542168,Benign
-0.20268315883926644,-0.3296674087497293,Benign
-0.2343473216249786,-0.38567431326812834,Benign
-0.18133601137302074,-0.6213379767112204,Benign
-0.19797886993463862,-0.5597342537813502,Benign
-0.19442628423849867,-0.4641649993237386,Benign
-0.2322180009113353,-0.5632523034987038,Benign
-0.19854385848611,-0.21983388623960057,Benign
-0.20248277929835506,-0.470106627673314,Benign
-0.2546066529327986,-0.31509581899566896,Benign
-0.25424617545268857,-0.3025749985474887,Benign
11.277655129647313,-0.11618397363636564,Benign
-0.2536763957809546,-0.32652749945133797,Benign
-0.20754945172324188,-0.23822988335623752,Benign
-0.20275705811452077,-0.20255184920302907,Benign
-0.2539447507825036,-0.3206052518296089,Benign
-0.21780698580245114,-0.5992872727929162,Benign
-0.21446149257948477,-0.29978432175221015,Benign
-0.2526675916295514,-0.33731269333613173,Benign
-0.21464392419195494,-0.20470887192222412,Benign
-0.21331670869986874,-0.5172928369136964,Benign
-0.22531828492275713,-0.26891685057654785,Benign
-0.21241478946845507,-0.18163324999106453,Benign
-0.21347117440527524,-0.3720458770933419,Benign
-0.19637177742364642,-0.5699021179698637,Benign
-0.18348331280792796,0.6585850071585939,Benign
-0.19267995930672088,-0.5686223680546109,Benign
-0.20810770060727224,-0.2412764899450184,Benign
-0.2128896194928201,-0.5169386761038611,Benign
-0.27511354867049387,-0.254430131041941,Benign
-0.17305512415648122,-0.2986168411883796,Benign
-0.210928459879582,-0.25073145483368764,Benign
-0.24821850581270516,-0.3693782740650107,Benign
-0.20279143713782002,-0.21363877181664367,Benign
-0.18272109793145339,-0.5686242054533749,Benign
-0.2327902992770082,-0.3624608286324725,Benign
-0.2264155820248533,-0.26987543991806184,Benign
-0.2589757080324335,-0.3350569079001038,Benign
-0.2087316542709506,-0.29207413914659913,Benign
-0.21144566235707338,-0.5218367636352395,Benign
-0.20632820126980972,-0.28129501780475175,Benign
-0.1976684604637825,-0.2547335599741924,Benign
-0.2520706491191419,-0.35463654690485946,Benign
-0.250877063592267,-0.353293306537359,Benign
-0.25086859014166624,-0.3550112694977177,Benign
-0.24139423952637776,-0.4924379154192134,Benign
-0.2496162091838129,-0.35965103187877134,Benign
-0.20081943739542676,-0.16696430628912218,Benign
-0.252818090185373,-0.33418287344671044,Benign
-0.18174958533645455,-0.2920285206792151,Benign
-0.17491736932215332,-0.19849758267790568,Benign
-0.21463246837427152,-0.31360485349328604,Benign
-0.14110966843954184,-0.6410301243591812,Benign
-0.28381908273299905,-0.5002686798587109,Benign
-0.22770975484518868,-0.2595673751611083,Benign
-0.21569121448869188,-0.29819470921597,Benign
-0.21869300303190328,-0.5927213572630872,Benign
-0.25420878528480034,-0.31872468635088885,Benign
-0.25297309579591243,-0.3195104995732042,Benign
-0.2505157058706394,-0.22860276656458545,Benign
-0.25511862788522366,-0.31043727234962853,Benign
-0.23476992074924238,-0.5342039632092856,Benign
-0.20404069527157567,-0.2815417698482345,Benign
-0.25504775929843104,-0.30344041037468206,Benign
-0.21398409820139036,-0.07920944483806536,Benign
-0.21981238148395454,-0.4129771804858814,Benign
-0.20526006584721443,-0.15086745152513137,Benign
-0.22761009511647112,-0.47510060056213343,Benign
-0.18671448151415374,-0.22507537508658612,Benign
-0.21630215221604548,-0.27926769970802334,Benign
-0.20707703422268897,-0.560881982107923,Benign
-0.23378001331075937,-0.7169358454653791,Benign
-0.25783770539983336,-0.6542957994748687,Benign
-0.20536169994687667,-0.49413636412178313,Benign
-0.2034862382300514,-0.20629630126172488,Benign
-0.20674153504410334,-0.5134216305851055,Benign
-0.19677502551227058,-0.2141286174431947,Benign
-0.25414696893292676,-0.2959535641424232,Benign
-0.19430045890767414,-0.2265586588591314,Benign
-0.1811980431363723,-0.3709618344090811,Benign
-0.24583860958539722,-0.7423505189090484,Benign
-0.17975280422018622,-0.33062259161918617,Benign
-0.20991149481090463,-0.28182879294932806,Benign
-0.23464113797511063,-0.14693047982614577,Benign
-0.254795631772292,-0.3124085273090834,Benign
-0.24463417940619317,-0.5790958350153026,Benign
-0.2137057521664668,-0.19321067412773485,Benign
-0.2328675570647035,-0.5462209069072534,Benign
-0.21121611149204944,-0.476117187074444,Benign
-0.25493086134500287,-0.3197976391741632,Benign
-0.25232216541811125,-0.5987186110075006,Benign
-0.21172586754371228,-0.25938099091143063,Benign
-0.19424447522852206,-0.6117809874355352,Benign
-0.24033820399759334,-0.2590057793696563,Benign
0.32466400779803317,-0.7533376397226775,Benign
-0.21581454006327094,0.29498009780507334,Benign
-0.21092921085111685,-0.37792165495957164,Benign
-0.2310186169654675,-0.8752233241861375,Benign
-0.20468782980051745,-0.2402962734978863,Benign
-0.2574791585807418,-0.35473718995280656,Benign
-0.2535237330045566,-0.31512694704914823,Benign
-0.25383821730904815,-0.31164066485158487,Benign
-0.23124856186414425,-0.24081443082483764,Benign
-0.19790001306241026,-0.5036542319733471,Benign
-0.19074538182543962,-0.22426807509258448,Benign
-0.19519635114981176,-0.5174568037260436,Benign
-0.18143856597880936,-0.6239511623540298,Benign
-0.31033782237457674,14.874946325342377,Benign
-0.25142761332111196,-0.3270276410048219,Benign
-0.2452607551267114,-0.5168738296842358,Benign
-0.17563959753111286,-0.7440194711474416,Benign
-0.17972937210633158,-0.908094972298691,Benign
-0.2543408584861178,-0.2822006562558032,Benign
2.9592101541036495,-0.5006114711654988,Benign
-0.20407780129726824,-0.21943008856374036,Benign
-0.1823674336649511,-0.8582982623691376,Benign
-0.1956385833018342,-0.40620880260751935,Benign
-0.23678532211815606,-0.7301277876121673,Benign
-0.19850541151694504,-0.5254528369243789,Benign
-0.21263406442517802,-0.7026344888601612,Benign
-0.2437465179758724,-0.4772092190202708,Benign
-0.2238997759079679,-0.5250696760843472,Benign
-0.22033867000388543,-0.2859663316713859,Benign
-0.19800911287950929,-0.5738188147291844,Benign
-0.2748944898290385,-0.2267082406628853,Benign
-0.15073533549132512,-1.2949658005576838,Benign
-0.16975368903509325,-0.5094084178203009,Benign
-0.2198384462218746,-0.6313958686388652,Benign
-0.21425006396052454,-0.2887929840653321,Benign
-0.20174311756574098,-0.6495445030692457,Benign
-0.20422626464626925,-0.21858081945906088,Benign
-0.2960219974504422,-0.5619767062635774,Benign
-0.2751590815178598,-0.2533302154068461,Benign
-0.23402295624351363,-0.25594570508097614,Benign
-0.2262353839926417,-0.26974891168028503,Benign
-0.21875110553397334,-0.683798614666446,Benign
-0.1905026442623856,-0.6220236015186933,Benign
-0.20143709965329257,-0.3153164937842507,Benign
-0.22949922554564461,-0.2504930377908691,Benign
28.53824046326698,-0.05996476192773299,Benign
-0.2350940859393759,-0.21933264025158394,Benign
-0.18851534846885754,-0.36862589634398835,Benign
-0.26721855965263797,-1.0452017622320622,Benign
-0.2676534798530214,-0.6015530040728436,Benign
-0.188703716937698,-0.5928622284472321,Benign
-0.2088245959177273,-0.36863185866031434,Benign
-0.20186234313420112,-0.5878708876637537,Benign
-0.19978598416595636,-0.29551834210516836,Benign
-0.22833483281482844,-0.28727134796876064,Benign
-0.21478506749780732,-0.7494707016720709,Benign
-0.21140549260716124,-0.35806250911376236,Benign
2.918462555770853,-0.5906027064510987,Benign
-0.250379082494916,-0.7016551039246525,Benign
-0.1846665338404515,-1.009668614518605,Benign
-0.20715503350316594,-0.27905825103052184,Benign
-0.21538596318664555,-0.6238798738087225,Benign
-0.2455255086803146,-0.38450060189421703,Benign
-0.24391794753242393,-0.3531526059115774,Benign
-0.2252836110327202,-0.37422082219750147,Benign
-0.2266062943567004,-0.6712322783916697,Benign
-0.2516349887558851,-0.34835258505735617,Benign
-0.20206364722216522,-0.271515110906913,Benign
-0.21721473606547298,-0.4898336725204486,Benign
-0.23333768212931358,-0.5461811002099468,Benign
-0.23138777182293585,-0.25236802823459276,Benign
-0.22052535320461558,-0.3406388977555553,Benign
-0.2509048109630981,-0.2982993592693312,Benign
-0.21815944897779405,-0.2592013172366195,Benign
-0.23920284648612147,-0.6270111820301298,Benign
-0.2238572956253521,-0.40107433780032653,Benign
-0.20436856567475642,-0.68563940124195,Benign
-0.2342413807177256,-0.18205282148228852,Benign
-0.21224331566173726,-0.3424105158447887,Benign
-0.2543769484489749,-0.3242721240495693,Benign
-0.2526514740634243,-0.11344150213431303,Benign
-0.11863460501177782,-1.5305914534653933,Benign
-0.19950368909264604,-0.23846273316071276,Benign
-0.2350103739689524,-0.23400162266289543,Benign
-0.25139343732776287,-0.3275486571337245,Benign
-0.2408455237178407,-0.17510497918606158,Benign
-0.21291966799575016,-0.5294497164024331,Benign
-0.2527631931460254,-0.2963870357542281,Benign
-0.23852895755837233,-0.46370446496512685,Benign
-0.20245842558067345,-0.5217105715967079,Benign
-0.2543770979756152,-0.2861679048799126,Benign
-0.20183945637081607,-0.21156076009052452,Benign
-0.1235884235987519,-0.559634901341504,Benign
-0.19774819686835135,-0.5226790857967663,Benign
-0.2109349995115176,-0.18432699163508454,Benign
-0.21614064540214148,-0.47830481902534205,Benign
-0.22830865372644574,-0.2427928574233186,Benign
-0.22458877997181892,-0.5401993752809096,Benign
-0.19322732448635355,-0.5606343496364284,Benign
-0.2065191945009771,-0.46271120087882167,Benign
2.8840626732114694,-0.5802690982924149,Benign
-0.20867876293153267,-0.3907045351119336,Benign
-0.2492355462030963,-0.23724637046455918,Benign
-0.25161650523151413,-0.7398067366062202,Benign
-0.20167769557623164,-0.27500417383042647,Benign
-0.21506360667675656,-0.6464414856589698,Benign
-0.2173369667757604,-0.3623697686391377,Benign
-0.20107818528125992,-0.3641794618824195,Benign
-0.20948321188138105,-0.3852560877881253,Benign
-0.2546348473247319,0.15160762997962268,Benign
-0.25440318732485273,-0.2854706300324109,Benign
-0.21014089160622793,-0.22353499125027335,Benign
-0.23088356258772902,-0.2199378181891545,Benign
-0.23561142785051722,0.027104428215152115,Benign
-0.254411074184389,-0.3155872566625191,Benign
-0.2548658632808217,-0.2788940877311935,Benign
-0.21986865892595694,-0.6683784690865192,Benign
-0.2146860887994739,-0.3929920477670338,Benign
-0.24757605698339696,-0.32493867612222965,Benign
-0.24589141144145485,-0.371680548178942,Benign
0.031365261908241064,-0.0808575769367466,Benign
-0.275145147887422,-0.2542313230749369,Benign
-0.21920501995742697,-0.38239245830448054,Benign
-0.1705685835288039,-0.4183786315414114,Benign
-0.20210806694578864,0.0019705120114729678,Benign
-0.17696246017316355,-0.6397931507658343,Benign
-0.24338509690754304,-0.4145567394166889,Benign
-0.24234693970152163,-0.4229405449207853,Benign
-0.20005253607748374,-0.28223446079367487,Benign
-0.21019215343962194,-0.2847864676312509,Benign
-0.21043788534502234,-0.2158683888231852,Benign
-0.20101756483298625,-0.4837683659308381,Benign
-0.22189941842315491,-0.5581945870582821,Benign
-0.220980940268682,-0.3789743280390477,Benign
-0.24138839140236543,-0.41270829011444926,Benign
-0.19867251566601743,-0.5232526143679489,Benign
-0.2539138328692057,-0.6087334474917043,Benign
-0.20358756884145257,-0.2460458655626007,Benign
-0.2058468650820407,-0.5013823054684021,Benign
-0.2529054871560752,-0.33730302233805654,Benign
-0.19640001197577944,-0.5175195001630088,Benign
-0.23674923990355098,-0.135381358391617,Benign
-0.22276356118666574,-0.3127877551761059,Benign
-0.2770192329588189,-0.21277794241330414,Benign
-0.19528827440810947,-0.5204009225721069,Benign
-0.25282544243536226,-0.33508546093337654,Benign
-0.2125152319980672,-0.30344948989330095,Benign
-0.2052525490166605,-0.22263889159680808,Benign
-0.2225580135340195,-0.1843406752005983,Benign
-0.19965661888557282,-0.5085822637754838,Benign
-0.1984076378171221,-0.9462324642803566,Benign
-0.1992991378994682,-0.5175382086392963,Benign
-0.18978556608444827,-0.22463693980944086,Benign
-0.1700750041367011,-0.6275850455997833,Benign
-0.2562564803283858,-0.02496229912655865,Benign
-0.18972743804004927,-0.5190543307098167,Benign
-0.23133566817096288,-0.7950782929886144,Benign
-0.1985360079519657,-0.525546653520714,Benign
-0.25372926335531376,-0.3142204164228744,Benign
-0.2524348382712877,-0.3229188744011109,Benign
-0.21787327710366874,-0.3150195029480782,Benign
-0.22143568387776819,-0.6078220607433946,Benign
-0.1752789962647258,-0.3144533408392048,Benign
-0.2389311062895186,1.0057227000238382,Benign
-0.25875148637738965,-0.6472858304264267,Benign
-0.21343863753277378,-0.6888859687916361,Benign
-0.23064155244901682,-0.3452707952650674,Benign
-0.22804403536509124,-0.5305500386343636,Benign
-0.22257930807321225,-0.23876759394545724,Benign
-0.2191695037527655,-0.4921358927092454,Benign
-0.20942394010765783,-0.7575682337935397,Benign
-0.24311037551559453,-0.4807419132586967,Benign
-0.2416438556236234,-0.5212100940218105,Benign
-0.24246587077121062,-0.35515966668737636,Benign
-0.2293107881522855,-0.24062756297025623,Benign
-0.2540674924025154,-0.31875369376038726,Benign
-0.1974942729724772,-0.5135959707643992,Benign
-0.24763515896141275,-0.6471780419513743,Benign
0.1253702152659192,-3.674705238497833,Benign
-0.25139998312937223,-0.3420665852087403,Benign
-0.22055460278251612,-0.5989115856063034,Benign
-0.19482545589070152,-0.3489392617714582,Benign
-0.20727924216037683,-0.2360354219706723,Benign
-0.2001068754448136,-0.2390362851984656,Benign
-0.2341811686629605,-0.6087615745404006,Benign
-0.21537660802573136,-0.15897247329580055,Benign
-0.18000447272777864,-0.40900307295346766,Benign
-0.21996477691538882,-0.2273815086093139,Benign
-0.2540206776517856,-0.5994331480809427,Benign
-0.25640089258354715,-0.017200396984313807,Benign
-0.19603336173021121,-0.5112814254465212,Benign
-0.2464386975896627,-0.5208429752354253,Benign
-0.253677383364692,-0.3224100102500481,Benign
-0.22226598445169243,-0.15046332391504078,Benign
-0.226907400473556,-0.2613766102401067,Benign
-0.22392062554882894,-0.5981301891137225,Benign
-0.2311406253356674,-0.5552760011266389,Benign
-0.25497111618270224,-0.31820301488315555,Benign
-0.25418419651083746,-0.31418190630538073,Benign
-0.25229893644466217,-0.28046272008584106,Benign
-0.25407397454566005,-0.2657788740295828,Benign
-0.2140639199905058,-0.26603105148252176,Benign
-0.19861836312142334,-0.5259245581366074,Benign
-0.20664612809691632,-0.22964489947949915,Benign
-0.2002624137160097,-0.20127878821883616,Benign
-0.1969774855151152,-0.503037238624069,Benign
-0.20570460464723422,-0.2310092874029042,Benign
-0.2547485505910264,-0.31254397271862183,Benign
-0.23329725420335498,-0.5457482715135457,Benign
-0.2023302420133143,-0.18736042357969004,Benign
-0.21038679453236125,-0.24188875824429645,Benign
-0.2176057389093959,-0.33062228085866596,Benign
-0.2063987886239805,-0.21490189212596825,Benign
-0.2522337658356845,-0.29643555270127236,Benign
-0.20448518809121208,-0.23303826970825603,Benign
-0.21105163710441352,-0.479744513440388,Benign
-0.41067388038655395,27.837190845109564,Benign
-0.19559900348005646,-0.27490290148479724,Benign
-0.20611168520544995,-0.2633265348013947,Benign
1.5842868532024859,-0.19527172912060362,Benign
-0.7619573850613437,-1.4565668382593755,Benign
-0.23425128105679635,-0.5587361548375511,Benign
-0.1679376791597525,-1.5617718807424643,Benign
-0.09354688510723733,-1.6808495293952135,Benign
-0.042542280087703756,-2.161436289922237,Benign
-0.2287887626895238,-0.1622494173333164,Benign
-0.22545434259386016,-0.6641306605779066,Benign
-0.28386018279530595,-0.5007079559687697,Benign
-0.25441200802578523,-0.3166825758944624,Benign
-0.20901117837126199,-0.20929769025536146,Benign
26.93109483138874,-0.0659765709800051,Benign
-0.1902695966316106,-0.20412921882391938,Benign
-0.2520802965275829,-0.6145108032993689,Benign
-0.23334480556233494,-0.5463078522185556,Benign
-0.2360754547564743,-0.11848559607474447,Benign
-0.23425128105679635,-0.5587361548375511,Benign
-0.19698527428121346,-0.22089325535054147,Benign
-0.22949155725899675,-0.8123223907733652,Benign
-0.20781761601604326,-0.25101626193219584,Benign
-0.2506592447524748,-0.27439852673427106,Benign
-0.2227323515120056,-0.3494475754769477,Benign
-0.21330218228005987,-0.3502356809288088,Benign
-0.22363667883334537,-0.5596083050809184,Benign
-0.1972757360965142,-0.50031265872295,Benign
-0.20822914388280536,-0.4892600604480296,Benign
-0.25998120054946383,-0.18868866241556542,Benign
-0.14138681140433343,-1.3049177581599838,Benign
-0.21666009145188567,-0.27837409553666553,Benign
-0.20879399591487496,-0.2602989540841381,Benign
-0.21485452181493558,-0.30609214588527667,Benign
-0.30374792962363295,13.55855351979546,Benign
-0.19135611468943345,-0.2644753580678548,Benign
-0.21537373977151222,-0.16500540754743934,Benign
-0.1852802273041314,-0.23984130586242428,Benign
-0.2226564563045286,-0.5165820650051126,Benign
-0.20103633343385569,-0.5200821171902907,Benign
-0.25313326038068773,-0.3265831995430431,Benign
-0.23446325727710718,-0.24549275350637556,Benign
-0.2569348383166997,-0.2503997212126761,Benign
-0.2016014068730056,-0.29713527733838824,Benign
2.723289083532943,-0.5027412441031667,Benign
-0.24854140594179697,-0.46918213012385224,Benign
-0.22284773851247394,-0.29007977788558253,Benign
-0.22228523534796016,-0.17483447940844554,Benign
-0.25734132298019496,-0.6573579427388707,Benign
-0.25847136691389255,-0.36699685552099237,Benign
-0.24537157450311944,-0.3960347768716509,Benign
-0.22001910433195146,-0.7206459861570322,Benign
-0.08712150825995829,-0.3314397502670998,Benign
-0.20945072378127666,-0.23663988426951246,Benign
-0.19680439104577147,-0.2061799808882484,Benign
-0.17683921406648842,-0.30912217886336346,Benign
-0.20594083806846233,-0.5088571262743491,Benign
-0.2078449452416109,-0.1348899780092649,Benign
-0.22234656890028123,-0.5770719725105672,Benign
-0.21830825446004812,-0.23414447454149206,Benign
-0.20726603770709823,0.1551402584138614,Benign
-0.21144940846080776,-0.47679372961463196,Benign
-0.20416865593714772,-0.2070678810603156,Benign
-0.2557860385123668,1.2852719167999147,Benign
-0.2544668237906994,-0.2996714547530464,Benign
-0.2160763946029751,-0.18742611446711438,Benign
-0.20551034800604773,-0.48153184070857524,Benign
-0.20242135112835344,-0.23447297090576555,Benign
-0.21590231804213772,-0.2820397515425577,Benign
-0.19943511811468548,0.6666582432057166,Benign
-0.19133574393049732,-0.5633277845891079,Benign
-0.20281905903445063,-0.5642689513727109,Benign
-0.2505942700443037,-0.35122340514632727,Benign
-0.2350066599599903,-0.23444689600013183,Benign
-0.20156559624725257,-0.3856748905994924,Benign
-0.2249603014647368,-0.9704114324202914,Benign
-0.1986288790229496,-0.5161341764211607,Benign
-0.2138876309967058,-0.3146247186505483,Benign
-0.1903276464657446,-0.6118164202673785,Benign
-0.19171388821426508,-0.6394755855952623,Benign
-0.21141502255797137,-0.3760052715223892,Benign
-0.24632224699666652,-0.37893123669991063,Benign
-0.20157924556970835,-0.5067753673448934,Benign
-0.20091579728998182,0.38154431694303176,Benign
-0.21283879343342635,-0.34867901189861433,Benign
0.0025211969561982216,-1.6511793861895672,Benign
0.26220598261569905,-1.822985084328238,Benign
-0.2535543071464142,-0.30545840983408384,Benign
-0.25256607213748666,-0.3233065586731377,Benign
-0.1973080380562289,-0.14662892925571525,Benign
-0.253552688959806,-0.3238497528566413,Benign
-0.25238972863747305,-0.3216804014962411,Benign
-0.19221987893975162,-0.8808779671445122,Benign
-0.24227143825172168,-0.2864615589512062,Benign
-0.25437306701481666,-0.3231784343523603,Benign
-0.2098090905234269,-0.5287991210281358,Benign
-0.2141513299855353,-0.48064071334735464,Benign
-0.25485996261624067,-0.3124648950935638,Benign
-0.2150156144186819,-0.21943132801908627,Benign
-0.20570240078463903,-0.2851816865025119,Benign
-0.2017971925851532,-0.2874423846581071,Benign
-0.20595753460086957,-0.297069225549593,Benign
-0.22972147201375767,-0.2757085992426078,Benign
-0.25513259862555765,-0.32370017299998816,Benign
-0.20281905903445063,-0.5642689513727109,Benign
-0.14190350181058653,-1.065416136069269,Benign
-0.2403367435623377,-0.5203094502071823,Benign
-0.21765894384617704,-0.24528304785301774,Benign
-0.2516030862778282,-0.35020524606727504,Benign
-0.13020409961155527,-1.275999001505559,Benign
-0.2005247684368135,-0.48986161064588846,Benign
-0.19821196917354594,-0.3739832229769793,Benign
-0.1981330419070849,-0.19268416913354822,Benign
-0.254179009072463,-0.3247071918960138,Benign
-0.2538596738990698,-0.2811519680791093,Benign
-0.20208046980127697,-0.2746041779204047,Benign
-0.25397045216268294,-0.3164585389884157,Benign
-0.21696683351580234,-0.2193802847496496,Benign
-0.2123143700413424,-0.2900867837549719,Benign
-0.25774027429409674,-0.6601725743112783,Benign
-0.24086287796761005,-0.4245379078956897,Benign
-0.2419883554114145,-0.35001509550125215,Benign
-0.19936096777958684,-0.5176396420698495,Benign
-0.25341684724384655,-0.32441904417022893,Benign
-0.24750971276520428,-0.5649357062781776,Benign
-0.236444637261386,-0.7581912460553336,Benign
-0.19915886835755384,-0.557650403779101,Benign
-0.23106846271441336,-0.10045077245208218,Benign
-0.20765105259594932,-0.1911317610911917,Benign
-0.21367223042973707,-0.17758577732688977,Benign
-0.22308045801584092,-0.18346463790365378,Benign
-0.2432706728330514,-0.37817698761473006,Benign
-0.24835755035210255,-0.36679419100059013,Benign
-0.23679206222725252,-0.47714136220465897,Benign
-0.21230048439708762,-0.27915250117938883,Benign
-0.1724266788321268,-0.6842519162236355,Benign
-0.24783091983864847,-0.36252103885494164,Benign
-0.21909763747900673,-1.5023834427365974,Benign
-0.20656902513318012,-0.48838475529479913,Benign
-0.19945990312936426,-0.4974210848692432,Benign
-0.25258953972563103,-0.3308919396093172,Benign
-0.21122495627557375,-0.3926742144643237,Benign
-0.20739934461834056,-0.5207121815980631,Benign
-0.2048145792485603,-0.21798103330990193,Benign
-0.19637975246699102,-0.5699874291131731,Benign
-0.255053167980751,-0.677624081178687,Benign
-0.2553828915738224,-0.20052076737619404,Benign
-0.20423334184926914,-0.25758895925590397,Benign
-0.12317839098471912,-1.4724252550609973,Benign
-0.20728630346341656,-0.7567650912325525,Benign
-0.20799563747083977,-0.21292176595084727,Benign
-0.22679981559103007,-0.5711199085795525,Benign
-0.1952555454123127,-0.6067798426833386,Benign
-0.2522127537769473,-0.29966228515953197,Benign
-0.2069621052687453,-0.24223738118591193,Benign
-0.19037325187909238,-0.6748974645721882,Benign
-0.1441174100883791,-0.7984643360007915,Benign
-0.2062397051895974,-0.16132545853880007,Benign
-0.21469773414898702,-0.2311344893649221,Benign
-0.2514434415030656,-0.6231003772272387,Benign
-0.2466882803493339,-0.5736990261822388,Benign
-0.2176052423427991,-0.2826552553931141,Benign
-0.18033093259925076,-0.2908916911121727,Benign
0.3334773654783305,-0.7638642440360728,Benign
-0.21331670869986874,-0.5172928369136964,Benign
-0.2552438963895358,-0.28551148894119865,Benign
-0.2550412073503357,-0.31646949115088346,Benign
-0.21331670869986874,-0.5172928369136964,Benign
0.30554206734419187,-0.667449665104889,Benign
-0.27506100913098275,-0.20009421022712082,Benign
-0.24525514331765558,-0.3832271253567584,Benign
-0.24214580083825632,-0.3080078216300299,Benign
-0.19836523102973783,-0.4086387759745308,Benign
-0.2106271377957219,-0.22739530974481975,Benign
-0.21567890691310035,-0.20382103697197168,Benign
-0.1968916816788221,-0.25026650084562957,Benign
-0.22445768102123617,-0.5627353483264012,Benign
-0.2098276354366866,-0.5285791868132433,Benign
-0.2560515644753496,-0.36611855653521547,Benign
-0.18846154724354847,-0.2790515807819854,Benign
-0.24722895340814888,-0.6519742704425471,Benign
-0.23345032403712607,-0.5466969485104081,Benign
-0.10004358687846614,-1.0481383176544579,Benign
-0.09337041317865835,-0.03375543109369106,Benign
-0.2044570558844291,-0.7130711679329078,Benign
-0.21925056644873056,-0.5713762956616916,Benign
-0.18036877225415304,-0.8508447739661376,Benign
-0.2262069096047602,-0.280237735293561,Benign
2.758104745995692,-0.4936377818058254,Benign
-0.1911791431984543,-0.30080770637056947,Benign
1.5939945193985812,-0.45569836956292553,Benign
-0.19677787063715593,-0.2140270650419429,Benign
-0.18111159241435873,-0.3928682231396036,Benign
-0.21342897087241966,-0.3507519097284634,Benign
-0.24032352809543656,-0.3999886627166162,Benign
-0.24608176173911755,-0.6094710741618161,Benign
-0.18097253781203781,-0.9777494732001323,Benign
-0.21487970137448006,-0.47158444851870407,Benign
-0.2561450541094579,0.14252380818442606,Benign
5.3927095447624165,-0.3198153118181691,Benign
-0.25169351595886447,-0.27766023108731996,Benign
-0.2533528454047375,-0.3029476393194483,Benign
-0.2012305260182205,-0.5072547085342731,Benign
-0.22371896252184434,-0.1708286883429699,Benign
-0.2734722535336381,-0.24685242840243932,Benign
-0.2073882257310468,-0.48050390055473924,Benign
-0.25487783029282707,-0.3203049229123757,Benign
-0.21533176921510797,-0.5187862916030588,Benign
-0.14747138645954688,-0.7557792320838874,Benign
-0.09757008501586412,-1.5148959053140896,Benign
-0.19640001197577944,-0.5175195001630088,Benign
-0.20659535688814992,-0.8015032627023015,Benign
-0.20414178399080854,-0.2148768912684604,Benign
-0.25353412968258604,-0.27669735373684895,Benign
-0.21475173779833853,-0.7244449022036773,Benign
-0.22252664523167093,-0.5536926133617811,Benign
-0.24959104574429108,-0.36461419003283346,Benign
-0.18733722434537545,-0.9842530142397254,Benign
-0.19865124642914933,-0.3695152657784842,Benign
-0.2103774748546905,-0.30332805302052307,Benign
-0.249155480308693,-0.633638615833639,Benign
-0.249515797804035,-0.3334574482582871,Benign
-0.19640001197577944,-0.5175195001630088,Benign
-0.2508608915160804,-0.35441252609194324,Benign
-0.21344147184498846,-0.6886761489634695,Benign
-0.24641794316209034,-0.4407272227343844,Benign
-0.19888970256997798,-0.37224831927980245,Benign
-0.20252780513955032,0.018014828478934566,Benign
-0.2502636968298845,-0.34535806017134113,Benign
-0.20431634285252687,-0.21806099141074117,Benign
-0.1948923058023431,-0.4942874268538911,Benign
0.3018369911257733,-0.2962128637541163,Benign
-0.21497008002275658,-0.31234310485577504,Benign
-0.1387800696218522,-0.16911703258013053,Benign
-0.21674462090136606,-0.2816904324722138,Benign
-0.19649512610498182,-0.16222529866431645,Benign
-0.16315283433396682,-1.154735981626241,Benign
-0.2504343377638304,2.8813678970420975,Benign
-0.2173245005389585,-0.623770156726947,Benign
-0.2533092543399094,-0.20439247077643785,Benign
-0.21343945690068444,-0.6890883202239214,Benign
-0.20932808443787632,-0.2775596877189201,Benign
-0.231519194643342,-0.5079571601636574,Benign
-0.20885568963895773,-0.1818218093234419,Benign
-0.20659155864963843,-0.3616459016196398,Benign
-0.19683164301148598,-0.5189109758421387,Benign
-0.19739297128281993,-0.3317827216143428,Benign
0.32303657668725383,-0.9998837105919178,Benign
-0.2395936609188566,-0.4143283251498891,Benign
-0.23962433783207743,-0.39737466997754706,Benign
-0.23568723138527564,-0.1111577270191774,Benign
0.3203113254332132,-0.8077343378666654,Benign
-0.24858500704679903,-0.36627574080266356,Benign
-0.21052394413561934,-0.2299259611378236,Benign
-0.225108488399875,-0.1756499826111588,Benign
-0.22767562070833341,-0.27264618508776645,Benign
-0.2176904902509005,0.7715010935491639,Benign
-0.2164910688247046,-0.2996220855501852,Benign
-0.2045043303509054,-0.554158152959285,Benign
-0.1942643652895409,-0.2745615195359795,Benign
-0.21029950135304323,-0.6900636070314742,Benign
-0.18011712525218584,-0.6016177185364263,Benign
-0.25006425995748205,-0.8130739455726697,Benign
-0.2468508252753433,-0.453439448486021,Benign
-0.2250148294532766,-0.26197206961705405,Benign
-0.20836541023906938,-0.2103216977358446,Benign
-0.200172607585993,-0.5882107145486118,Benign
-0.19963015261850336,-0.45306343075076755,Benign
-0.1962752558466134,-0.22375807195900252,Benign
-0.2265214345006017,-0.5488766019755771,Benign
-0.1969775517972124,-0.5030365910270931,Benign
-0.2541968040916615,-0.33165863924888045,Benign
-0.25449964364663324,-0.23842701939436312,Benign
1.1127225044568063,-0.7333317175740294,Benign
-0.2111297335454644,-0.46867000316553425,Benign
-0.25360535721794825,-0.32340447229662833,Benign
-0.20701373917859756,-0.5343188215415454,Benign
-0.20310652481980035,-0.19300424725216855,Benign
-0.23748683784249525,0.17097024003136,Benign
-0.19381979785043868,-0.5137802916112267,Benign
-0.25223552554650003,-0.33697857442455137,Benign
-0.2433825767489041,-0.47824866806247157,Benign
-0.2052843552586064,-0.21462666653453427,Benign
-0.20451359348496156,-0.22548474635037954,Benign
-0.23280751443188888,-0.5346654164989969,Benign
-0.1882642999533526,-0.9196543169001634,Benign
-0.19627724970400282,-0.5688909300065184,Benign
-0.20759768412758733,-0.18491835129773093,Benign
-0.23810542230018683,-0.23378235572250716,Benign
-0.20999920481510245,-0.21807184158431261,Benign
-0.2138114081569461,-0.20187165755091088,Benign
-0.20234720498975822,-0.22047875962963634,Benign
-0.214756725563189,-0.5514454277030377,Benign
-0.21682183613773506,-0.5021464873454444,Benign
-0.20168575698847882,-0.5031098025711803,Benign
-0.2521225181582048,-0.3189559759509894,Benign
-0.20308324709166578,-0.25753831913124575,Benign
-0.25583447215858607,-0.3678318622775046,Benign
-0.206908010111255,0.039750748342178746,Benign
-0.2542070513490267,-0.21350803001672888,Benign
-0.24901132286305871,-0.27684876732366404,Benign
-0.21806895769280493,-0.6998479600251057,Benign
-0.23397298506411532,-0.7051304496730765,Benign
-0.2063664604101885,-0.5007987062127395,Benign
-0.1974945679597081,-0.5134808224318047,Benign
-0.18680219617015115,-0.3237753415282851,Benign
-0.2520724582410921,-0.34096686823789896,Benign
-0.18894005943545308,-1.0605553604763722,Benign
-0.19905321011484603,-1.1287766824242518,Benign
2.7585580899121966,-0.9713661842305149,Benign
-0.21906712034635506,-0.5727000897362767,Benign
-0.23781791828930238,-0.22198368960308096,Benign
-0.24652149374351143,-0.577137321107031,Benign
-0.3050132319829326,-0.8784998047277208,Benign
-0.20954408673790578,-0.5104502232154028,Benign
-0.20415408504143925,-0.2217796051133253,Benign
-0.2550772227875892,-0.2754632141576973,Benign
2.729295990141344,-0.4942819579620671,Benign
-0.2085769092982171,-0.2861526468062694,Benign
-0.25289083652877625,-0.29985769416827424,Benign
-0.2804697190436364,-0.7424594116553452,Benign
-0.20694584588707934,-0.48689283922268917,Benign
-0.22713470634516478,-0.22525786081727495,Benign
-0.20594438675170698,-0.18820808073333226,Benign
-0.20787860313793846,-0.5172358950968967,Benign
-0.23706400955120935,-0.8200817588360134,Benign
-0.1943459652590802,-0.2996648089128645,Benign
-0.17927700613310274,-0.7027141594052355,Benign
-0.200626134379028,-0.16949994995766268,Benign
-0.21701176260473673,-0.498496692763102,Benign
-0.19754228959100523,-0.5126889675837097,Benign
-0.08551561539505192,-1.803997824289966,Benign
-0.03318153851304372,-1.4613968731309306,Benign
-0.1808615316446366,-1.1086584046438386,Benign
-0.25010860477113694,-0.2042060170002917,Benign
1.5687036878878908,-0.6293553637500061,Benign
-0.20727517639458348,0.15630366452556171,Benign
-0.25357632838652616,-0.6176880374232162,Benign
-0.19640001197577944,-0.5175195001630088,Benign
-0.23197494980348532,-0.2581520860729454,Benign
-0.22073629259927566,-0.2494297159127127,Benign
-0.25837202572618756,-0.357983090208908,Benign
-0.253229715825869,-0.32705850745852116,Benign
-0.19612182623852528,-0.5791760944497554,Benign
-0.05164402944025164,-1.2881170833971396,Benign
-0.21720560902987768,-0.5077990976137131,Benign
-0.21619353262643692,-0.2965638795447259,Benign
-0.2150347042692428,-0.2819339344221988,Benign
-0.21283880797232962,-0.24133288537870237,Benign
-0.21823998240940992,-0.5456583511497893,Benign
-0.2538189405456855,-0.6821129283881282,Benign
-0.23646959566317188,-0.19110788890008337,Benign
-0.19503058550825755,-0.5033247027781541,Benign
-0.2334602922212644,-0.5465341525271822,Benign
-0.2089713626386489,-0.276124366278622,Benign
-0.19852553792674332,-0.5254494119605548,Benign
-0.21195058822152119,-0.1871887985357378,Benign
-0.1981382263913942,-0.2382891670059815,Benign
-0.20095235099242795,-0.1509040623619289,Benign
-0.25795517187777933,-0.6539657453857665,Benign
-0.24883492061743606,-0.3668649564648996,Benign
-0.25447611569118694,-0.30791646800775463,Benign
2.876750044485134,-0.49777388430974445,Benign
-0.20960968622885331,-0.5079200710501325,Benign
-0.19662949448220426,-0.5322907536074857,Benign
-0.20387466495577147,-0.24274110468385585,Benign
-0.22362142709228922,-0.1784943872862759,Benign
-0.21855220538562908,-0.5243905373263762,Benign
-0.19606187341167838,-0.5652753478697201,Benign
-0.2013949606734619,-0.513185865898863,Benign
-0.20446871145160223,-0.5145410230973311,Benign
-0.23808560356349268,0.21437502731007596,Benign
-0.17749669153254446,-0.5702932703693021,Benign
-0.20028328729652833,-0.20271042293326777,Benign
-0.23308549571269613,-0.5527839567536618,Benign
-0.22582407581603825,-0.4912080214308186,Benign
-0.20351954743476272,-0.4880525681976403,Benign
-0.25375110491401665,-0.2925722153407029,Benign
-0.21160849381903343,-0.24656466613655217,Benign
-0.20721112943009676,-0.19293613260008122,Benign
-0.2551789575502135,-0.3222403184030177,Benign
-0.2527416091209429,-0.32203496207990967,Benign
-0.21463041642532635,-0.20417403051669855,Benign
-0.19992612066567128,-0.23507928913699297,Benign
-0.24908615919623187,-0.5625784458268355,Benign
-0.17298578477030113,-0.9949793943488585,Benign
-0.2065582791903253,-0.4792416445529098,Benign
-0.25770900579920386,-0.1365651286220258,Benign
-0.258747953448043,-0.64631925894638,Benign
-0.20989441262690248,-0.2779204047906937,Benign
-0.2789432671126005,-0.2375517646165792,Benign
-0.22579928282537567,-0.6052522810962129,Benign
-0.2504654899249754,-0.7169943665268305,Benign
-0.18270576956393655,-0.3705464983952824,Benign
-0.11580272739987843,-0.8564809786606966,Benign
-0.2026027216347838,-0.5018445164581095,Benign
-0.20093562541648072,-0.21339720909966606,Benign
-0.2544846658106237,-0.3122711393703102,Benign
-0.2140684597195457,-0.5031885193723331,Benign
-0.2082765803914275,-0.21203223598493737,Benign
-0.1949945534841325,-0.2662152209847911,Benign
-0.20807212681970744,-0.18010973848041156,Benign
0.31311602354793583,-0.6416200988136095,Benign
-0.21786134145531189,-0.3400949597230977,Benign
-0.24872001880855243,-0.561902337970319,Benign
-0.24983964377853607,-0.3279962350985562,Benign
-0.21022044844054139,-0.5113044875505445,Benign
-0.2059760512169905,-0.5136423470096261,Benign
1.5749072197188458,-0.3367814388356824,Benign
-0.25626499864800417,-0.4632836452433578,Benign
-0.10900862887044913,-1.5906963557261296,Benign
-0.2751699308121247,-0.24263028668848927,Benign
-0.24645843755250216,-0.15675492510645983,Benign
-0.20407216760120706,-0.23524693524211202,Benign
-0.2265692662351017,-0.8293859766576821,Benign
-0.22663632487918545,-0.8304917919895449,Benign
-0.21518780997938544,-0.2747764882098225,Benign
-0.25162254934654904,-0.3322764807843993,Benign
-0.21818890987888903,-0.5820843665464809,Benign
-0.25280817235506964,-0.6820681197631359,Benign
-0.2146656691705904,-0.1885999253650162,Benign
-0.2547786079574721,-0.31399456215363086,Benign
-0.20239932491261803,-0.4928898426408272,Benign
-0.21922614205972507,-0.49675037658547044,Benign
-0.20429046620025015,-0.0712801208781345,Benign
-0.20621412537224199,-0.29277834713548373,Benign
-0.24292309947982227,-0.5144681293560693,Benign
-0.1981048807610497,-0.5271381685409539,Benign
-0.2518654600861921,-0.3244496233083947,Benign
-0.21331670869986874,-0.5172928369136964,Benign
-0.2193932907360022,-0.5709686658717126,Benign
-0.19966965235815065,-0.3288488807880935,Benign
-0.25448952927677587,-0.3145715156848834,Benign
-0.18838896324189147,-0.2401148666770831,Benign
-0.2299496793941183,-0.2662553362398203,Benign
-0.19645262312045542,-0.5156568166756064,Benign
-0.21678033265305144,-0.18676282945157613,Benign
-0.198737740038899,-0.5447638680186037,Benign
-0.2224035352349884,-0.6154294572779789,Benign
-0.20704090070121367,-0.4930520584592809,Benign
-0.1936403149663281,-0.2425845878573755,Benign
-0.23633477227831817,-0.1871995579670736,Benign
-0.2201728240515031,-0.15042099694686184,Benign
-0.21840649757281605,-0.5508375080154346,Benign
-0.1881350563127896,-0.1342515592023077,Benign
-0.25339163134473774,-0.24697856778765076,Benign
-0.21906652182295785,-0.5118696699099909,Benign
-0.20400649687173744,-0.5832966387424849,Benign
-0.23106679237617275,-0.26399766771071964,Benign
-0.21632368337081595,-0.2414781294587263,Benign
-0.2005568755416714,-0.5402923630539385,Benign
-0.2547211405496825,-0.32115880261193336,Benign
-0.21670683480914654,-0.3142940175686007,Benign
-0.21737802456137706,-0.39763757611311346,Benign
-0.24088984060643953,-0.41127911465232536,Benign
-0.21166944936678167,-0.613989955344003,Benign
-0.2172865681588441,-0.36764038914429065,Benign
-0.2655386518172204,0.7815881989530177,Benign
-0.2075066061507661,-0.22972226677411328,Benign
-0.23631398061621403,-0.5956757698279028,Benign
-0.200053848050029,-0.770545359862875,Benign
-0.21174978883814088,-0.47497355120765855,Benign
-0.23947606879563668,-0.170064042071884,Benign
-0.233342396828627,-0.5462494964780412,Benign
-0.19415230294105104,-0.2174588680008243,Benign
-0.2171957407776752,-0.5626502688414033,Benign
-0.2506284021720338,-0.34439146377865676,Benign
-0.24963131210236233,-0.30164080761633644,Benign
-0.22921153488542906,-0.6166591483059203,Benign
-0.19112811615315065,-0.6316196763451859,Benign
-0.2564409178812643,-0.5325955286950247,Benign
-0.22240242621047884,-0.24015067096493475,Benign
-0.22244983274480326,-0.23095674750667236,Benign
-0.2336462803755897,-0.5437249025276345,Benign
-0.25413956698713147,-0.3267372528793288,Benign
-0.2531199339172737,-0.28983099570804044,Benign
-0.20424827886329944,-0.03684368470210441,Benign
-0.20417246403552836,-0.20151350463344872,Benign
-0.13620993887954244,-1.6533927618968445,Benign
-0.23317354767601042,-0.5442521684741876,Benign
-0.12191658393077363,-0.9355856632289281,Benign
-0.18217908385727372,-0.7011671304808139,Benign
-0.19635971157634594,-0.23884209112606913,Benign
-0.21043444139993134,-0.8442960662531241,Benign
-0.03777430452205591,-2.5609001345469693,Benign
-0.10215276943943064,-1.9457643703151173,Benign
-0.13136324276261754,-2.061082845305313,Benign
-0.22666633183098425,-0.1846876329848249,Benign
-0.19664465456344968,-0.5702361879788581,Benign
1.5561073427899152,-0.4164346057256253,Benign
-0.2017198605732565,-0.11572259362268442,Benign
-0.21537309363852927,-0.5092742216845556,Benign
-0.22739818146346266,-0.5502522564860793,Benign
-0.2550696736296024,-0.2960587250285322,Benign
-0.19357154336154317,-0.20821652610270813,Benign
-0.1936101269748939,-0.19963474366129078,Benign
-0.20169736137219402,-0.5003418878760709,Benign
-0.08888489386308102,-1.2080673121091754,Benign
-0.21254754713884091,-0.202381297414915,Benign
-0.2071543898206086,-0.18801898882566923,Benign
-0.21015055281327108,-0.5596910072435739,Benign
-0.09438368212856131,-1.2890579835033378,Benign
-0.1477105149491811,-1.056684665010908,Benign
-0.16785656769944707,-0.49868636626876917,Benign
-0.2042640877480101,1.0604763959384573,Benign
-0.16073294801743765,-0.9696735738936128,Benign
-0.22666555921839543,-0.6631357116832491,Benign
-0.20259368062378802,-0.55751304045972,Benign
-0.21771424490911648,-0.6445175784274485,Benign
-0.25408500452080895,-0.2734485848028911,Benign
-0.19498780114845587,-0.20468707092253288,Benign
-0.24632651439026124,-0.3348361622583284,Benign
-0.19527607777814396,-0.5205038079242349,Benign
-0.22444083616409624,-0.5453670594027195,Benign
-0.2295009617800856,-0.2654039142094232,Benign
-0.2205216103403313,-0.2560842290968174,Benign
-0.20568393987485972,-0.22039945075055917,Benign
-0.19966083712740038,-0.23701129243303923,Benign
-0.22762923248952951,-0.2688761712652956,Benign
-0.258366732061559,-0.6503972278662951,Benign
-0.18036466854428965,-1.0023119875561814,Benign
-0.12564862080106723,-1.0184199307735846,Benign
-0.18483081856137917,-0.7464554743471443,Benign
-0.20785088529393392,-0.2902806198794452,Benign
-0.2742967378835546,-0.5502270608688127,Benign
-0.22279657403637945,-0.5608893246481477,Benign
-0.21758228810787975,-0.21506227863219674,Benign
-0.2363373133636243,-0.25364917237321843,Benign
-0.2219759955461944,-0.6344348808948997,Benign
-0.22926468492229768,-0.2524563391597216,Benign
-0.21331670869986874,-0.5172928369136964,Benign
-0.2703269374758443,-0.7367433574119281,Benign
-0.19919261123752602,-0.2185300534869507,Benign
-0.2553509924255477,-0.30770656978657457,Benign
-0.19786132812142523,-0.4766985874512942,Benign
-0.20773043638069522,-0.18462109464300386,Benign
-0.2513386792012363,-0.2867122897010268,Benign
-0.23024008981834523,-0.554910624925271,Benign
-0.25243395994655293,-0.4735694055710913,Benign
-0.24271996137652158,-0.6887251212278387,Benign
-0.20683536351558984,-0.22209037745251461,Benign
1.3238556429187822,-0.36605536443274894,Benign
-0.25530709269498875,-0.29297090306794854,Benign
-0.23779921693581368,-0.7290156740563555,Benign
-0.23249986901514716,-0.7851690924314612,Benign
-0.19521561479431154,-0.5172701396328511,Benign
-0.1902373002653596,-0.22857266014141142,Benign
-0.19705354013982013,-0.24171699518394515,Benign
-0.1791606824108822,-0.549506670599582,Benign
-0.22101909247824778,-0.663555116766617,Benign
-0.18613424361653366,-0.6023340830526009,Benign
-0.2034195268802312,-0.22205946310456376,Benign
-0.2161971290133226,-0.4869617349149483,Benign
-0.19089133615230403,-0.5198989484010115,Benign
-0.20673578116944205,-0.2277730833806778,Benign
-0.24393385226546702,-0.5135445453727184,Benign
-0.2441034733489257,-0.38206535750229126,Benign
-0.20727547068752825,-0.22764986844790178,Benign
-0.22438520543493304,-1.0001491514545515,Benign
-0.19590477241173324,-0.5020017985224359,Benign
-0.1986723481090687,-0.5231063443659438,Benign
-0.25387340431549066,-0.3279771402266831,Benign
-0.20103038270294732,-0.21136616716792034,Benign
-0.23435358278388482,-0.21522950909682428,Benign
-0.2547874875202491,-0.3127221279455667,Benign
-0.1418974993241438,-0.7531574506349887,Benign
-0.2276644964033131,-0.894826174823283,Benign
-0.2005053624674582,-0.4985069309487417,Benign
-0.17706811682234402,-0.31024633728943124,Benign
-0.1962999588706706,-0.5148449093717447,Benign
-0.21499917518832212,-0.30153702139021726,Benign
-0.2009424840037634,-0.21297794900239625,Benign
-0.2579461371837523,-0.6538977533018838,Benign
-0.19797886993463862,-0.5597342537813502,Benign
-0.1991045897754426,-0.26995569255777274,Benign
-0.2280561301339452,-0.5638148871780094,Benign
-0.2476979648001455,-0.7219700868556449,Benign
-0.2536446794462388,-0.3230422255602121,Benign
-0.21529851302727263,-0.30042120797948085,Benign
-0.2543609913787765,-0.30934578193500956,Benign
-0.2543319315980764,-0.3173115368627049,Benign
-0.16577486860869167,-1.1535802420217056,Benign
-0.24879748065971863,-0.43888522977592676,Benign
-0.19350471069896408,-0.2802290010162759,Benign
-0.24463370648704594,-0.30735506071088586,Benign
-0.20769000965745962,-0.5068028622745132,Benign
-0.1984474196956169,-0.30741985192546484,Benign
-0.1961977098290012,1.5342811128777012,Benign
-0.2542539486842166,-0.4064887238397806,Benign
-0.22004333060750672,-0.2886701274175905,Benign
-0.1764039604212653,-0.7023227332266645,Benign
-0.24080911809953526,-0.6943464826579668,Benign
-0.2184128087342934,-0.6879283272210065,Benign
-0.2350258129550266,-0.22524776458657997,Benign
0.3185862158547942,-0.7217050022641178,Benign
-0.19640001197577944,-0.5175195001630088,Benign
-0.15831465508734135,-1.2752451537310123,Benign
-0.1369292008903942,-1.1827936575605653,Benign
-0.1539636910308456,-1.3096912614980205,Benign
-0.1981899055320241,-0.2410910201219421,Benign
-0.1999766622256378,-0.21200169963744747,Benign
-0.19388882538773594,-0.2217063084363108,Benign
-0.2018161797010535,-0.16283992285691473,Benign
-0.20449088605257873,-0.20637030320238944,Benign
-0.20922313417029956,-0.16843217795628768,Benign
-0.20856993260076942,-0.2546691366981563,Benign
-0.22388078131729774,-0.24807781089855896,Benign
4.48210337441498,-0.282907198645533,Benign
-0.25140509811591644,-0.33215897170121456,Benign
-0.19853242414630604,-0.6502766576914177,Benign
-0.19773374063101595,-0.18178727514047774,Benign
-0.2209075713415236,0.2546290875942188,Benign
-0.13722472519914553,-1.6582621433442544,Benign
-0.2239306113376476,-0.656749708175743,Benign
-0.2269249814780261,-0.5870759964770476,Benign
-0.19620594071335085,-0.21594191434626747,Benign
-0.25478846190696625,-0.31339240542722047,Benign
-0.2519372028781747,-0.3312181266536309,Benign
-0.2224741226890805,-0.5217375092549434,Benign
-0.19528797886145094,-0.6062441822240905,Benign
-0.25605571247164194,-0.36809637642659615,Benign
-0.24816160223201994,-0.35096513049020406,Benign
-0.20847912615154254,1.0053401861865132,Benign
-0.22550201806268289,-0.20204207982134254,Benign
-0.22299814436323998,-0.19284345737259811,Benign
-0.20275248537972798,-0.23591274394604744,Benign
-0.19967115113436884,-0.25098134363015395,Benign
-0.19809925671727002,-0.22324312940856983,Benign
-0.2131628489818541,-0.37965466476283594,Benign
-0.19281335070503,-0.586776508818263,Benign
-0.23544591231614512,-0.1859377423471545,Benign
-0.20040301774288408,-0.4911038887774492,Benign
-0.2128716495271224,-0.46936661425598813,Benign
-0.2163523724581438,-0.20288141364828527,Benign
-0.19471995734861003,-0.49365865541678383,Benign
-0.21415640962337126,-0.5240811098579299,Benign
-0.1871323712514664,-0.23877443306655036,Benign
-0.19728151184262516,-0.24644073270859268,Benign
-0.2123786198365147,-0.3144560932454496,Benign
-0.23596284689425842,-0.30120007028734114,Benign
14.293523450790888,-0.17133071638134775,Benign
-0.21660373768469246,-0.3059651952567351,Benign
-0.20160348091132227,-0.2519527689627323,Benign
-0.19038728752975667,-0.23412670643143849,Benign
9.02716195520072,-0.3401248147857842,Benign
-0.21032089791412742,-0.36144454950534277,Benign
-0.2619399146538712,-0.1519680475026984,Benign
5.720131956144375,-0.11812294101789314,Benign
-0.20489124372597264,-0.2746794698875152,Benign
-0.23302773518964356,-0.3080339382218199,Benign
7.837378287590978,-0.47588656430121623,Benign
-0.22534163494900364,-0.17160253865724562,Benign
-0.2191115387129034,-0.06432748905296706,Benign
4.298481787515923,-0.10450285975948964,Benign
-0.2349649932306619,-0.2119771716697862,Benign
2.1907497055383844,-0.2083115399766981,Benign
-0.19216481089227946,-0.25177079744997394,Benign
-0.03381893143015423,-1.6236405273624086,Benign
-0.15573886641067386,-0.5246687857433042,Benign
-0.23851349304750716,-0.3953606916891868,Benign
-0.2147307432538321,-0.3387989530669146,Benign
-0.17468922615256047,-0.6212952562738295,Benign
-0.12151591694256503,-0.6618966318495904,Benign
13.260430776082353,-0.021241058495124972,Benign
-0.22143652963367313,0.6272029969387903,Malware
-0.21654982108523024,0.10248945477933202,Malware
-0.2186778600008133,0.2258555009761876,Malware
-0.22185649144188255,0.26385540917720496,Malware
-0.21850540814167585,2.301252468933855,Malware
-0.21352166859422908,0.049684935612860984,Malware
-0.22957382745072608,0.23656284710522008,Malware
-0.21321329557979718,0.380826248192738,Malware
-0.22318465482016328,0.2161710849809919,Malware
-0.23367377088257185,0.53859921822804,Malware
-0.3070766254274491,0.49675080991359966,Malware
-0.21664253625270355,1.1671981419983668,Malware
-0.235410882726186,0.5080545833611865,Malware
-0.20890702871370964,0.3371948126540702,Malware
-0.24218772662703708,0.33607121756787534,Malware
-0.24184786560593685,1.9829403500861273,Malware
-0.2232120373359183,0.2931671564998039,Malware
-0.21136865019859025,0.8162867943148259,Malware
-0.22961169174604215,0.2770445004154815,Malware
-0.2239055446931094,0.2922471910406024,Malware
-0.24654739672593848,0.40606930263707286,Malware
-0.2108011532705904,0.30448442490919014,Malware
-0.23994839537351098,0.012342710353479946,Malware
-0.24831580776683532,0.31148594964878157,Malware
-0.2426283130821216,1.066444664714015,Malware
-0.30084854741706873,0.21787785159893214,Malware
-0.22620404946920547,0.26051916190621427,Malware
-0.23032495300278674,0.3927193717500025,Malware
-0.20675151386474003,1.2739302373322814,Malware
-0.23286033882806198,0.571628093685189,Malware
-0.31308912977689624,0.2574944334780337,Malware
-0.23031533518328007,3.507937865338663,Malware
-0.1993214219781552,-0.19140875615780645,Malware
-0.2254375119492819,0.2787428524081902,Malware
-0.22611367399119603,0.16945198231677044,Malware
-0.2195765807894087,3.3874174780095525,Malware
-0.2049790792352845,0.47245514213680656,Malware
-0.2241795986588209,0.7235779833953387,Malware
-0.2266781554265964,0.33435828160546543,Malware
-0.22472288004354102,0.10494698330175008,Malware
-0.24564810100783674,0.28407987825104236,Malware
-0.19234319427389662,0.2485136484664598,Malware
-0.22692056735862787,0.30650249986714523,Malware
-0.2181276193755975,0.43274279485202544,Malware
-0.22478283155544526,0.4846539352894668,Malware
-0.23130887917686674,1.577771547084646,Malware
-0.22438023362968829,0.34612056201502667,Malware
-0.27786598849847244,7.461783786236982,Malware
-0.2260344026315254,0.2403528457094818,Malware
-0.30175275126801193,1.1402463020755313,Malware
-0.22507744850366884,0.42072235214432135,Malware
-0.2296120755128508,0.7087227718195473,Malware
-0.24653859454761404,0.26548394939744535,Malware
-0.21216223089185438,0.037651398782008696,Malware
-0.2160095220924922,0.4891837179357516,Malware
-0.20014095692002437,0.5011146952160337,Malware
-0.30607156524256357,0.31333965119084173,Malware
-0.27931942529401466,0.6113637207115763,Malware
-0.22456530880202868,-0.033880737379108544,Malware
-0.25743156955734015,2.1676905536661426,Malware
54.27438712887447,0.3718276372614945,Malware
-0.2768793785527865,0.15124907974279173,Malware
-0.21980884501728526,0.6505011884452467,Malware
-0.2770117350448993,0.19953659069327118,Malware
-0.2274263624876345,0.1710719814553632,Malware
-0.2678722168711871,0.19130950844851866,Malware
-0.22404958944988668,-0.19003244236636269,Malware
-0.22419599157448405,-0.02403501452734602,Malware
-0.275704027659773,0.18928386053791593,Malware
-0.22643778933561529,0.1865289043420135,Malware
-0.2246326553162403,0.012244822666664984,Malware
-0.23493150754002742,0.34448531557469003,Malware
-0.2755704593670914,0.10931360705446057,Malware
-0.21519519659854575,-0.18951184951309966,Malware
-0.2478092165392241,3.158936341953816,Malware
-0.20247449403267753,-0.03519316369919255,Malware
-0.21160284198451088,0.37012561206690153,Malware
-0.2739879427918826,0.07941989465042829,Malware
-0.22434664943405275,-0.08891341758405442,Malware
-0.22478878554481638,-0.0969964154802951,Malware
-0.23223215698808292,-0.17077656690083368,Malware
-0.21522146343243995,-0.20730875132244725,Malware
-0.22525296344363155,-0.006886536720306642,Malware
-0.2245612900945239,-0.06522688111953102,Malware
-0.22824135869453996,1.7206048903713445,Malware
-0.19440892449133415,0.015527363786084106,Malware
-0.2281649704993188,0.22807626640069695,Malware
-0.2740752804244246,0.08113882048553019,Malware
-0.22624457575051887,-0.0071653790091527015,Malware
-0.22553246256379056,0.07163365349133603,Malware
-0.2246033889850035,-0.19488213583136468,Malware
-0.2208855184159179,0.22235171339321982,Malware
-0.22497511641145343,-0.02055296213344269,Malware
-0.22354277990993165,-0.18512073410560312,Malware
-0.19440054775110016,0.29076036585613835,Malware
-0.22477882875602184,-0.17116295574819843,Malware
-0.21565863344414093,-0.1546566712840502,Malware
-0.2000989839083996,-0.07073012840437987,Malware
-0.223917579849305,-0.1735989158583007,Malware
-0.2742805509051734,0.08240668934965575,Malware
-0.2756032351764998,0.08692148620972305,Malware
-0.2245428760595453,-0.1601860591885915,Malware
-0.2269658226873393,0.11834733091909107,Malware
-0.27713560943000404,0.20192452542056313,Malware
-0.19284132320905212,0.0322988351086884,Malware
-0.22816056570981358,0.29874425242608627,Malware
-0.228187261105969,0.317619727995458,Malware
-0.22649229999705006,0.16924603697066737,Malware
-0.224213430387131,-0.04721409863595724,Malware
-0.2758651991425714,0.22390445579289053,Malware
-0.22403651890210483,-0.18048114212972013,Malware
-0.2747156701305293,0.12052390922224827,Malware
-0.23047082295669305,0.353498193663737,Malware
-0.2258916277106072,0.031045291686611385,Malware
-0.21585425847213716,-0.19334063925065342,Malware
-0.2139249505230208,0.22188910796182662,Malware
-0.21273977741085823,0.14505745078339682,Malware
-0.21359365277898337,0.18650560805597322,Malware
-0.3363393126839345,3.2513173455990616,Malware
-0.23263120906973572,0.5101095453235742,Malware
-0.21607530456017102,0.25813946801143905,Malware
-0.21631006566770988,0.24183690860126264,Malware
-0.21268464479304583,0.14158790759351722,Malware
-0.2141149437653363,0.26313233139853104,Malware
-0.2136969447695322,0.24837975218028388,Malware
-0.217301752150506,0.280222210770679,Malware
-0.41476714618576066,6.1270640849242595,Malware
-0.22681143391778807,0.123668398398454,Malware
-0.2081489625136402,-0.15260237888169934,Malware
-0.28501850898027664,3.2281659637959987,Malware
-0.21520096418590148,0.2392170037875049,Malware
-0.21421516571690002,0.17828306516253553,Malware
-0.2172549943004488,0.4045710248284702,Malware
-0.22505154314067613,0.9200957791474587,Malware
-0.2132117221445107,0.20646995824074368,Malware
-0.21460044091071745,0.1906824254563688,Malware
-0.25340954164704765,2.0772621905321,Malware
-0.41090668036265326,5.596536652799024,Malware
-0.21175209869435765,0.0715567201154144,Malware
-0.29013863113708765,2.50793616544728,Malware
-0.21284556002261165,0.19691558521379462,Malware
-0.216911229036808,0.2925951868430005,Malware
-0.2127345376613121,0.1982554964097654,Malware
-0.2790669861683607,1.8377357772953526,Malware
-0.2757194935644093,1.9243898552812866,Malware
-0.21419783559042158,0.0021210083044725294,Malware
-0.21525398040987903,0.26191558554119887,Malware
-0.21269724081426583,0.18873399070948116,Malware
-0.21804573158860208,0.33514676628418716,Malware
-0.22761627458788455,0.05350959872782294,Malware
-0.21311449062025412,0.19569882991823218,Malware
-0.21732631709998068,0.28056960940272696,Malware
-0.21291539624493058,0.17574886151955293,Malware
-0.2663069446744373,1.723717763191208,Malware
-0.21557565786206173,0.2336225583971788,Malware
-0.21561325748579163,0.17431467826700472,Malware
-0.21506124522314207,0.24449678659428165,Malware
-0.21410834258602,0.1826039690055615,Malware
-0.212225356069906,0.19633380246631787,Malware
-0.21617826940204027,0.24403126873772407,Malware
-0.21430206571445048,0.2016803797099004,Malware
-0.19088247857698576,-0.1951609248790506,Malware
-0.21304284261205655,0.20784514282981859,Malware
-0.21314619468983106,0.15621424554061258,Malware
-0.2634822688316219,1.483242320104978,Malware
-0.21177000604348184,0.3188776409837327,Malware
-0.21615393216771964,0.2429377685968744,Malware
-0.21384153477533288,0.21371097470545322,Malware
-0.2156745144505212,0.24015893621211776,Malware
-0.2053554647999706,0.3649626171371636,Malware
-0.2155103659184949,2.3080565289535353,Malware
-0.3099964355552462,2.735242980690308,Malware
-0.2125077180244231,0.15764286228522956,Malware
-0.2141991691555705,0.18798418415340482,Malware
-0.21977273897608277,0.8055437086491533,Malware
-0.21395324494419388,0.1851617520626694,Malware
-0.21649556237650006,0.27984653239882495,Malware
-0.20478149217060732,1.2436817841882322,Malware
-0.21330427705870414,0.2069853199896512,Malware
-0.24639257652738383,0.49431113349874856,Malware
-0.2147256407634958,0.21624463594007207,Malware
-0.2136199476312649,0.22294062298113632,Malware
-0.257989660268514,1.5376434131445433,Malware
-0.22308917327434355,0.4907449245437337,Malware
-0.21273897358306243,0.18462385192386618,Malware
-0.21550912466779412,0.27402116218379907,Malware
-0.3011321787786841,1.9913763674313298,Malware
-0.23073322365222357,0.1317587988796801,Malware
-0.21249429553390153,0.14295824027789708,Malware
-0.25360776489910286,0.7954240446694049,Malware
-0.21441775145904626,0.17878714362457646,Malware
-0.2682574186250462,2.025393372149926,Malware
-0.21195857532449702,0.14086612354807107,Malware
-0.2157496057066165,0.22325812374921686,Malware
-0.2449416027252723,1.1935514251108894,Malware
-0.21491343811900018,0.2579902826298144,Malware
-0.21502240612419493,0.2534494982550367,Malware
-0.22489843715572977,0.3395070325997357,Malware
-0.22111039890534537,0.4305426789355303,Malware
-0.21244699287424945,0.19430810194417275,Malware
-0.21644725439596102,0.28650672839790764,Malware
-0.21261910624532218,0.18415187364781285,Malware
-0.22171368584798642,0.4913344503923603,Malware
-0.4167533704269399,5.189050849306138,Malware
-0.21445880470695988,0.25848242919373693,Malware
-0.21460250098219658,0.2011191287737758,Malware
-0.21804399246979178,0.29218927423526614,Malware
-0.21778961729399232,0.3435454393977123,Malware
-0.21622715472402632,0.28513442779167947,Malware
-0.214522206787406,0.18374328139882917,Malware
-0.21142977250884532,0.14455506879568314,Malware
-0.2160107125188756,0.3091010575122587,Malware
-0.21895961446319148,0.356509540277932,Malware
-0.21253328736137575,0.17537207635037574,Malware
-0.21549316385982112,0.26480463838281526,Malware
-0.2183271778319152,0.3236904818116864,Malware
-0.2168977477074627,0.3680665636699417,Malware
-0.2140030662871331,0.20279208664360698,Malware
-0.23469959296836673,0.9729885946052443,Malware
-0.21327073277209502,0.011114078078910314,Malware
-0.21579608417166565,0.2665077550255539,Malware
-0.24909586847857357,1.3070823621773762,Malware
-0.21307311576085686,0.22259683778870504,Malware
-0.22753244633293182,-0.05612262216404723,Malware
-0.21303445785744288,0.21518687581737417,Malware
-0.23505629174203121,0.5759745977123142,Malware
-0.28950402736651326,2.3098075787934484,Malware
-0.20875827293467608,0.6038561940074343,Malware
-0.21257289416129438,0.14581291696780727,Malware
-0.3778499054198956,4.496415677814355,Malware
-0.23405665796121147,1.7686284614905303,Malware
-0.2157757401637078,1.4947143752189713,Malware
-0.3177639817233697,2.8273496398705564,Malware
-0.21410509265138428,0.1742639673777364,Malware
-0.2143950842524566,0.23783520006284856,Malware
-0.21303760691982676,0.20857278775359034,Malware
-0.2450640531767884,1.2495024504037366,Malware
-0.21299681659190392,0.21497737685842494,Malware
-0.22373315063542976,0.12881864280264568,Malware
-0.2738532782809817,1.9066763875390358,Malware
-0.2092987998355847,0.06434010484425097,Malware
-0.2665135225001153,1.7749805544135147,Malware
-0.21349426341663272,0.17077417649230242,Malware
-0.431157190850154,5.584940809009547,Malware
-0.2157448764685021,0.2238360516867815,Malware
-0.21595423560740384,0.2654217623687382,Malware
-0.21409459650049384,0.19296256054903033,Malware
-0.2658506328006705,1.7092990279497675,Malware
-0.20896213507947245,0.2840446843311384,Malware
-0.21770819432387584,0.312351501273066,Malware
-0.2132550743803722,0.2146106296164865,Malware
-0.30110306269436593,2.4046296832152563,Malware
-0.21617405025785902,0.2805024357271968,Malware
-0.21775893661639378,0.3210222389601909,Malware
-0.20881891364580607,0.6150783911365163,Malware
-0.21543565700904443,0.29620299745896916,Malware
-0.21439519809069588,0.1916698000005466,Malware
-0.22191498727699935,0.36717892319239587,Malware
-0.27652647825312215,1.975017129747412,Malware
-0.21119709152303415,0.1321174652099538,Malware
-0.411816953617376,5.648962331643552,Malware
-0.2123160732415932,0.20247822791534814,Malware
-0.43368020660167367,5.618066057047813,Malware
-0.2820976530971889,2.1149633642694257,Malware
-0.2680260263607644,1.7631440637716322,Malware
-0.21490879478377042,0.2197855976009857,Malware
-0.26996786024958247,1.8130629359474595,Malware
-0.26288385602168235,1.6783442821656114,Malware
-0.21305216146213615,1.1122249098157968,Malware
-0.21473634975296993,0.27171034620908013,Malware
-0.21317642261312067,0.20678930217500174,Malware
-0.21329321228259288,0.2078193037035752,Malware
-0.4683331996453227,6.464923408798912,Malware
-0.22367646134844885,-0.2294765109934423,Malware
-0.2141465711605121,0.1913480426552911,Malware
-0.21378401819836995,0.16486385458405597,Malware
-0.23562443540143996,0.8725679603333961,Malware
-0.21285092868625893,0.16549506070434009,Malware
-0.21859960594072797,0.4541452566430982,Malware
-0.2724316591111853,1.8746945781536606,Malware
-0.40984428990152116,5.576859929568942,Malware
-0.21363058055429096,0.22171001922496789,Malware
-0.25078106048529264,1.337497939786353,Malware
-0.21786079610624476,1.3436326369394147,Malware
-0.21708862139731205,0.3041004357779801,Malware
-0.26746063221811955,1.5254730026194228,Malware
-0.21286441769443828,0.1784505511915649,Malware
-0.21547857633194384,0.33032689780963703,Malware
-0.21737185616641436,0.3106031712311083,Malware
-0.2386848966368611,0.6298472688624154,Malware
-0.2151922969744338,1.5386990498143556,Malware
-0.21435098534464134,0.1899397411222535,Malware
-0.41017042601534404,5.7992181120912285,Malware
-0.21598410663867276,0.24438130044543555,Malware
-0.20940510422977793,1.2786234615924148,Malware
-0.21482882348325896,0.2378685012390689,Malware
-0.21463244530159328,0.19849756352764433,Malware
-0.28331086018023166,2.1375170621415633,Malware
-0.21421525483818818,0.22080807228827723,Malware
-0.21300789183452834,0.20169275621166333,Malware
-0.4078031049515755,5.222157170590515,Malware
-0.21350745750012587,0.1626639025087932,Malware
-0.21248051645873167,0.1852197694628117,Malware
-0.21265685614780147,0.19321867376000457,Malware
-0.2178408121135008,0.31042592095943217,Malware
-0.2696261688747171,1.867441772353955,Malware
-0.25849136927100247,0.03674583274979817,Malware
-0.23801576876443195,0.24134082479468916,Malware
-0.21702552333071046,0.2053165024494125,Malware
-0.21420387048576925,0.2107015433743868,Malware
-0.4502297034178933,5.999396701144297,Malware
-0.4637717751309439,6.361815749700783,Malware
-0.411303537863721,5.087078350271894,Malware
-0.21461990583241172,0.44574368329019665,Malware
-0.27457529552439774,1.928659992930345,Malware
-0.4421287229379613,5.81057765162645,Malware
-0.21653631111380323,0.28425536479989166,Malware
52.53082066069596,0.9225370990365352,Malware
-0.2274405596115275,0.09659772938856677,Malware
-0.0708813971400008,6.624959950645767,Malware
-0.2168434280100341,1.2610354666329537,Malware
-0.20551546138547416,0.06909913367844642,Malware
-0.05863986937546614,5.909919349122687,Malware
-0.21818319826819702,0.011376360005879434,Malware
-0.19448126688402972,0.48151383440327417,Malware
-0.058359219332009105,5.921771563984762,Malware
-0.06506540632218896,5.6832933548076054,Malware
-0.05866963006784321,5.917888990547259,Malware
-0.22690407106786814,1.1046740345455452,Malware
-0.2154588654212472,0.11623110172201355,Malware
-0.19429651873681,0.5308949714268748,Malware
-0.21506872002729954,-0.14483103806228112,Malware
-0.2118147636460773,0.16963913444891687,Malware
-0.06814319344772497,5.530573195855376,Malware
-0.2013505511614031,0.3914383600735904,Malware
-0.19971183870224551,0.8707404416221289,Malware
-0.20463828316987623,0.17952377360552177,Malware
-0.05999748710007451,5.855727041513071,Malware
-0.20282911867336062,0.056472123122422314,Malware
-0.19591998948751252,0.6535926463591705,Malware
-0.21279647403269808,0.6014011510051541,Malware
-0.20121042382978066,0.05377641148033411,Malware
-0.19469525468073637,0.4945089969435888,Malware
-0.0599974840420212,5.855727060377977,Malware
-0.23774245547796063,0.08753915525665759,Malware
-0.20724738091181633,0.07518929351515101,Malware
-0.05711757638867268,5.937301857734775,Malware
-0.22724275849603795,-0.18043199392296613,Malware
-0.21016788613459741,1.2714423503619603,Malware
-0.21685790619163542,-0.04684417888400136,Malware
-0.06298795107375753,5.758061594738608,Malware
-0.21959324024083413,-0.009425263531178037,Malware
-0.1946654939883593,0.48653935551901645,Malware
-0.2276580834415297,-0.02048193085605912,Malware
-0.05971683705661748,5.867579256375147,Malware
-0.21894329189665973,0.0031593490685977977,Malware
-0.22495543643858773,1.359824248763324,Malware
-0.19435508325252518,0.49042192895651987,Malware
-0.20736998092056208,0.06755830878200973,Malware
-0.21504450825102633,1.0267777858086466,Malware
-0.20325093970175767,-0.007317092195664758,Malware
-0.16254228175616842,1.215968742407898,Malware
-0.19429651873681,0.5308949714268748,Malware
-0.19618802286894374,0.645273832482034,Malware
-0.20582820681690644,0.2359712407904035,Malware
-0.20744390211667738,0.07612775924576819,Malware
-0.20794579183805162,-0.0067142241659852945,Malware
30.814915769230293,6.316621511091575,Malware
31.620241586035966,0.8019720747083705,Malware
-0.2167084481967311,0.06248205564312135,Malware
-0.22931308648101462,1.1509403205923991,Malware
-0.22562308004290418,0.03542811498692789,Malware
-0.2067309509167271,-0.0267955220079405,Malware
-0.19440725927402208,0.6028173938579997,Malware
-0.23198758397781272,0.14910743512898458,Malware
-0.2195838543351438,0.09548959669942977,Malware
-0.19816325693234693,0.20091508078492534,Malware
-0.2186379864343067,0.11810539999627395,Malware
-0.20415744562123203,0.11379390086389868,Malware
-0.19469417365751296,0.4943633654450135,Malware
-0.21494278141707254,0.10210572504813992,Malware
-0.21340100648632546,0.8409887779246631,Malware
-0.2188640131555386,0.06957206300995776,Malware
-0.2039733800839232,0.8273744833120135,Malware
-0.05999748710007451,5.855727041513071,Malware
-0.20686433943787136,0.0831889276926633,Malware
-0.22102637668333536,1.5459666474951084,Malware
-0.21986139877595845,0.10458753425213269,Malware
-0.19446314676044765,0.49743530152717474,Malware
-0.21489839794619522,0.1392231216978678,Malware
-0.19474379680390472,0.48558308666509903,Malware
-0.21032772621814788,-0.10968191740509158,Malware
-0.19969488943158833,0.06089014254144632,Malware
-0.21425941094710393,1.7621135483847288,Malware
-0.20302164818603743,-0.03134905920643396,Malware
-0.19432375051769063,0.12156318117013176,Malware
-0.20751721864428413,-0.014119503329665634,Malware
-0.22227870706676495,0.08148313001420004,Malware
-0.19881994556611007,-0.011521346356176503,Malware
-0.19847707324735653,0.644941797717226,Malware
-0.21998349893579705,0.1462231563071172,Malware
-0.19510208835569792,0.4737486875282674,Malware
-0.19369435039671165,0.0035803286851714034,Malware
-0.1946654939883593,0.48653935551901645,Malware
-0.20943300087758468,-0.021152132838743436,Malware
-0.060221683747013734,5.898476123359742,Malware
-0.20134680497255772,0.05312603941114783,Malware
-0.06931658406800381,5.471355367130018,Malware
-0.19773994958197016,0.060827844225467456,Malware
-0.1946654939883593,0.48653935551901645,Malware
-0.2065085111541804,-0.012467829266506672,Malware
-0.21460822222809564,0.8341625943753955,Malware
-0.21793097553174706,0.053211251180546565,Malware
-0.06104469408884885,5.805417307340958,Malware
-0.19469525468073637,0.4945089969435888,Malware
-0.1946654939883593,0.48653935551901645,Malware
-0.21792936596360907,1.6063115313235101,Malware
-0.21405784301587708,0.21969176737127913,Malware
-0.23614197073092236,0.04720539108909997,Malware
-0.0619482526852862,5.831199928800084,Malware
-0.1946654939883593,0.48653935551901645,Malware
-0.17951719948087697,1.6369390104111716,Malware
-0.2118557394784826,-0.0071196364716417946,Malware
-0.23894747850041784,-0.09740938167783865,Malware
-0.21530668111062595,1.5057577773639577,Malware
-0.1946654939883593,0.48653935551901645,Malware
-0.20972149655310482,1.5764280432379656,Malware
-0.20199781048774818,0.08359002774921155,Malware
-0.21964399195279444,0.07447890340166623,Malware
-0.1946654939883593,0.48653935551901645,Malware
-0.19445150619165266,0.47354419297870176,Malware
-0.2076759992148071,0.022748183352932053,Malware
-0.20138673839582943,0.1810946298037822,Malware
-0.21119933717303524,0.11101363199362177,Malware
-0.1937824808044547,0.522622398926436,Malware
-0.2016698385930417,0.026393150828160815,Malware
-0.060986129573133714,5.845890349811314,Malware
-0.21829804793100163,-0.020685233581755554,Malware
-0.21149786692405606,0.13483208902524005,Malware
-0.20918142367624146,0.013594661350482828,Malware
-0.21136064882217662,0.12381674416701265,Malware
-0.05863986937546614,5.909919349122687,Malware
-0.21083722126589718,-0.003482510759035403,Malware
-0.1946654939883593,0.48653935551901645,Malware
-0.1946654939883593,0.48653935551901645,Malware
-0.13333860492130567,2.937312072018387,Malware
-0.19517302692291086,0.5321372337650097,Malware
-0.20234549689550782,0.24671728141351362,Malware
-0.1876912130166909,0.2855229050086563,Malware
-0.25521220828574076,-0.08586986094501231,Malware
-0.21456854597875843,-0.21998207732604877,Malware
-0.1946654939883593,0.48653935551901645,Malware
-0.1946654939883593,0.48653935551901645,Malware
-0.20601357885425384,-0.10137824996985201,Malware
-0.18989241102551535,0.5230788320973586,Malware
-0.06364395475679364,5.73569470598133,Malware
-0.22282282745561532,-0.15138712598481607,Malware
-0.18869258428341354,0.23617749133498286,Malware
-0.19469525468073637,0.4945089969435888,Malware
-0.22717744433643067,0.055984055749244276,Malware
-0.21264933512875953,0.009701090659129313,Malware
-0.20175202976046586,-0.03777692355406263,Malware
-0.19435508325252518,0.49042192895651987,Malware
-0.18744105885677737,0.6776329943854813,Malware
-0.19910934650051862,0.08552920973501367,Malware
-0.1946654939883593,0.48653935551901645,Malware
-0.1946654939883593,0.48653935551901645,Malware
-0.21075426715674173,-0.0726211081693937,Malware
-0.19668739235889293,0.07434094833081073,Malware
-0.22001893494648497,0.13720822472908023,Malware
-0.05863986937546614,5.909919349122687,Malware
47.002400194113115,0.34826446409095174,Malware
-0.20791953329918741,0.13332586930917226,Malware
-0.05999748710007451,5.855727041513071,Malware
-0.1946654939883593,0.48653935551901645,Malware
-0.21178073291195873,-0.00970275293967261,Malware
-0.19921125837954054,0.08349244464792979,Malware
-0.06292178487110289,5.788052667160458,Malware
-0.19469525468073637,0.4945089969435888,Malware
-0.2169253147452472,-0.048273502061474835,Malware
-0.2260365649210234,-0.21793072038409397,Malware
-0.05866963006784321,5.917888990547259,Malware
-0.1959071369316957,0.4710090617690028,Malware
-0.20002633844467554,0.47644651725285125,Malware
-0.20700369628982818,-0.16983579966145465,Malware
-0.21089656916578514,0.0979578464358939,Malware
-0.2142987285168499,0.06773566604894468,Malware
-0.06262650846039641,5.793974081578014,Malware
-0.19438484394490224,0.4983915703810923,Malware
-0.1941339545938223,0.5182134266677403,Malware
-0.20725066499820366,0.07290233839107417,Malware
-0.1972002913936392,-0.1279064665457802,Malware
-0.22723320829788185,1.2318286783035792,Malware
-0.1970748434678763,0.0705653633447727,Malware
-0.2186126371076,0.01351309532214093,Malware
-0.18738164252155542,0.25221072230127795,Malware
-0.19440758329979715,0.4442750358824622,Malware
-0.1946654939883593,0.48653935551901645,Malware
-0.19445150619165266,0.47354419297870176,Malware
-0.2147774856903246,0.09436788227108463,Malware
-0.19469525468073637,0.4945089969435888,Malware
-0.19469525468073637,0.4945089969435888,Malware
-0.0632291985806354,6.551412945345111,Malware
-0.196261313703696,-0.10038702971101206,Malware
-0.2093391979127028,-0.04015979923361877,Malware
-0.21453358106478268,0.1018106662174181,Malware
-0.21987821494733042,0.12795497996019337,Malware
-0.19466528188407722,0.48649388202033744,Malware
-0.22038599178312984,-0.043594309235747204,Malware
-0.21608825832345077,1.61983585413213,Malware
-0.04565206265556491,5.830845705612413,Malware
-0.19469525468073637,0.4945089969435888,Malware
-0.05475991278642246,5.546127439926961,Malware
-0.20524259899261035,-0.008038372851151415,Malware
-0.19399665648429812,0.5076759021712044,Malware
-0.21845696969741035,-0.023978281095996347,Malware
-0.2077246646147769,-0.017418421282650323,Malware
30.72470055818288,3.4694504328842624,Malware
-0.06203333656190798,5.795580615639201,Malware
-0.2139080294454973,-0.01099832714819329,Malware
-0.2032505972992798,-0.008833220889687545,Malware
-0.18405126741508054,0.32661875199456925,Malware
-0.2069988146010579,0.07072472439908681,Malware
-0.1946654939883593,0.48653935551901645,Malware
-0.06222854315827697,6.607986390161618,Malware
-0.21696692449392652,0.01878169680553029,Malware
-0.21172054277363145,-0.0033606906128724355,Malware
-0.1946654939883593,0.48653935551901645,Malware
-0.06002724779245159,5.863696682937643,Malware
-0.19900517555048144,0.04263149072732976,Malware
-0.2212544624633421,0.09777182125979321,Malware
-0.1946654939883593,0.48653935551901645,Malware
-0.2211635680168228,0.11475157163650901,Malware
-0.20319793863853455,-0.026022498680366036,Malware
-0.19469525468073637,0.4945089969435888,Malware
-0.1944496423959554,0.5144913013987749,Malware
-0.20005548163032272,0.4550269249238914,Malware
-0.059203672047855885,5.8562723186366386,Malware
-0.19429651873681,0.5308949714268748,Malware
-0.20160337210813115,0.6386928084709297,Malware
-0.0620407247474043,5.809869318046131,Malware
-0.19469525468073637,0.4945089969435888,Malware
-0.19536461827557292,0.47781793979009224,Malware
-0.19445150619165266,0.47354419297870176,Malware
-0.2203989685861413,0.21471026369105994,Malware
-0.06002724779245159,5.863696682937643,Malware
-0.06154954077924504,5.836314174325554,Malware
-0.06105111766407891,5.8053972351660965,Malware
-0.1946654939883593,0.48653935551901645,Malware
-0.0664726764724099,5.588302525462761,Malware
-0.19469525468073637,0.4945089969435888,Malware
-0.1946654939883593,0.48653935551901645,Malware
-0.22759479310622988,-0.10395453030549534,Malware
-0.21857705890097667,0.004372328376749386,Malware
-0.21222704208514,0.021872570270619417,Malware
-0.1960439644113886,0.11012242906218228,Malware
-0.20501517930120305,0.444952046713801,Malware
-0.054782607139298375,6.009227895273341,Malware
-0.060191923054636665,5.890506481935169,Malware
-0.19045502081979948,0.2504716621746001,Malware
-0.19469525468073637,0.4945089969435888,Malware
-0.2547489827964316,1.959127509690728,Malware
-0.2432919807136289,1.63779429130646,Malware
-0.2669802174748694,2.5740538398276858,Malware
-0.2619591680947014,2.515418428182489,Malware
-0.2413481965516413,2.661994438346559,Malware
-0.3303129418795566,2.908930800289093,Malware
-0.31009679619649366,4.268417162255784,Malware
-0.2582595451365176,2.694605263273218,Malware
-0.2898878079845351,0.8991646901504754,Malware
-0.3286777096738467,6.220643685147346,Malware
-0.25465649581782324,1.98106778369064,Malware
-0.2535216736433619,2.337128511614607,Malware
-0.21230253950682548,0.6886034569599165,Malware
-0.28948918758904,3.5232758544533267,Malware
-0.2658741349075613,3.9991959202700653,Malware
-0.2500232083852695,1.4582586316973947,Malware
-0.2506572832311203,1.390790361504357,Malware
-0.2523267327988234,2.184795098529968,Malware
-0.2651636757657063,3.3448162468149554,Malware
-0.24726440963245314,1.622725906626325,Malware
-0.2299688413712772,1.7403700331269647,Malware
-0.23927040496328056,2.164572152698172,Malware
-0.2914282234728242,1.1456356801666647,Malware
-0.2788695623457775,3.3262566277398005,Malware
-0.26907978791282355,2.6332379375680115,Malware
-0.32700408124167973,5.454162096209193,Malware
-0.2831429465463381,1.477754135502022,Malware
-0.3279048104821748,4.706247095307746,Malware
-0.23281515734838348,1.9002175274285327,Malware
-0.25396424464315287,1.9721193798822918,Malware
-0.33734264690487425,4.460484872038805,Malware
-0.21937772507865685,1.2334020891571926,Malware
-0.24985032455694783,1.6953988105322435,Malware
-0.2522374162859818,1.872469029430528,Malware
-0.2919552530131314,1.1457393376089862,Malware
-0.21723929325733501,0.4747695091115505,Malware
-0.32713299910416094,5.941055147996297,Malware
-0.21226154357933438,0.7772823769680048,Malware
-0.28943777501729084,0.747731091348833,Malware
-0.25092448480352386,1.8411639373529618,Malware
-0.2463175423679262,1.652128578825045,Malware
-0.2858541731151593,3.506652553512693,Malware
-0.28084657211399067,3.553693161039843,Malware
-0.27481369623741897,-0.14285420940668608,Malware
-0.21460662091308583,1.106717821195955,Malware
-0.24550668312277288,1.6104565579201302,Malware
-0.23628711118798826,2.058661658354753,Malware
-0.28101115755025374,2.9442295358097192,Malware
-0.22820618980861057,1.1282046574196414,Malware
-0.24613728849044963,2.5745675143554143,Malware
-0.2894736964300063,0.7451323557394318,Malware
-0.21712072263239426,0.7326056648877693,Malware
-0.2574617602635062,3.405054815029896,Malware
-0.2188994559951084,0.848253157393463,Malware
-0.2260971509620768,1.5726743295874648,Malware
-0.25118165298081263,2.0761761413398636,Malware
-0.3473058603956242,6.053990007811453,Malware
-0.2935368368588114,2.7220607119904083,Malware
-0.33304600342260077,5.9909378651685365,Malware
-0.2508012823349537,1.8171342406860342,Malware
-0.2634461449057975,1.6330433893024043,Malware
-0.2880428142650629,0.8872993760652726,Malware
-0.22183930647171887,1.2371907103506674,Malware
-0.3469899194363946,4.660790897522203,Malware
-0.23324146840471238,2.0292010290565576,Malware
-0.22369705229230394,0.5323303403101525,Malware
-0.24632450166941255,1.7483949871974933,Malware
-0.2601781079577297,2.892578014381944,Malware
-0.2901701208556629,0.8662682672584213,Malware
-0.25055760929488147,1.7968463477193044,Malware
-0.2685973184583626,2.74165238514565,Malware
-0.2942605074317376,0.9351252711141093,Malware
-0.2330876279486572,1.1855093157617982,Malware
-0.28922486227298283,0.7243124992112712,Malware
-0.2897550505884754,0.8693595180676112,Malware
-0.2525490169637736,1.8651328470610984,Malware
-0.2359360868730444,0.7043758263739048,Malware
-0.24829008755842868,1.6503578665557554,Malware
-0.25342849928612027,1.886458323223696,Malware
-0.2590516611663555,1.7507688126779117,Malware
-0.21697340085594297,0.7534580442891317,Malware
-0.2883000901452979,0.8370828787347321,Malware
-0.2510207017681088,1.259624138565718,Malware
-0.28754834278658636,3.718021110470498,Malware
-0.2993633958307599,3.599575359077597,Malware
-0.21366906962085322,0.6955745805596248,Malware
-0.32779112993218035,4.6999075446199825,Malware
-0.2888348784798324,0.8691201079747525,Malware
-0.20502721996447212,0.6222609955096462,Malware
-0.26405236632767426,3.743849411469128,Malware
-0.3269892869205415,4.690005200214854,Malware
-0.19813480503016861,-0.15742991667920045,Malware
-0.2748797247381237,2.6425512735657293,Malware
-0.22461672047123415,1.750891924365794,Malware
-0.28976889369639186,0.7385014922487089,Malware
-0.30700043292672774,2.0140869738749956,Malware
-0.26667738373535455,2.9399600906169807,Malware
-0.25530411390281954,2.0368479103854225,Malware
-0.2748109990136682,-0.13472462612744818,Malware
-0.2530200545332277,2.794792215218201,Malware
-0.2747813800489988,-0.1426985911398243,Malware
-0.3867945866578723,3.3362835290492767,Malware
-0.22528685497684164,0.2578454318999045,Malware
-0.2236375549532481,1.6739453027112225,Malware
-0.30681599535812487,2.7693894046674368,Malware
-0.25614840606966893,1.4914400184836523,Malware
-0.2539343520449415,1.8990221905614546,Malware
-0.29404476288258596,3.676633830733574,Malware
-0.26475124122147237,2.6717474018990024,Malware
-0.22445851000596423,1.744258971415409,Malware
-0.23861917214264602,1.4449792218848434,Malware
-0.23420056525187433,2.0342961464412386,Malware
-0.25947607004533585,2.757372600057272,Malware
-0.3029267465465372,3.7832566726991588,Malware
-0.22130456478741475,0.6260592102384203,Malware
-0.22153699926124384,-0.032670189342806084,Malware
-0.2462012412291678,0.07667783236610697,Malware
39.860508287816955,0.48139319250869683,Malware
-0.21055489808965377,0.07934627286375599,Malware
-0.24016296263435857,0.7932490024245901,Malware
-0.20829515312496938,0.24689874722659813,Malware
-0.22188262377415902,-0.03531834811722371,Malware
-0.20933449382109906,0.09608090969050234,Malware
-0.21100902477757927,0.09091967462352955,Malware
-0.22489071950112138,0.1062729714363443,Malware
-0.22105855365565552,0.8357868972890017,Malware
-0.20562902703851813,0.07175011581185473,Malware
-0.2140292726006505,0.14342711539433967,Malware
-0.20986498430993172,0.07015740840005992,Malware
-0.2349712287810359,0.8911088035550286,Malware
-0.22756473362620466,0.08764718985777752,Malware
-0.2240800314610457,0.19968780455094023,Malware
-0.2391594990270154,0.9734503548120162,Malware
-0.19649768468016415,0.07254607010348371,Malware
-0.2393051336243645,0.7860497660719172,Malware
-0.20886288680584245,0.5281958069961634,Malware
-0.22331647359784945,-0.012402372312673,Malware
-0.21989733730672148,-0.01638925774722767,Malware
-0.22470865871131726,0.07960366696802536,Malware
-0.2224292472053092,0.024394587799615744,Malware
-0.20999713927824193,0.0486859963239894,Malware
-0.22486364925411942,0.14267625204860218,Malware
-0.2472827681799882,0.05214488010144615,Malware
-0.24462987897951707,0.03846212898859951,Malware
-0.22272253462472985,0.0644931043060244,Malware
-0.22638699151106717,-0.0013043995517608258,Malware
-0.22191245809138302,-0.004223194894689678,Malware
-0.20809231968016462,0.09254415467091673,Malware
-0.22962622078692405,0.05170426537947942,Malware
-0.22735550148478928,0.1825895165536088,Malware
4.090672975913511,0.11908318108279571,Malware
-0.2354926870691027,0.310434134448764,Malware
-0.2136094636682252,0.04083568619493839,Malware
-0.20938220959185466,0.0989631582643936,Malware
-0.21767898031043525,0.23219167697309087,Malware
-0.22204027229296083,0.4298699842143599,Malware
-0.36080774155335116,4.798151034778819,Malware
-0.24054755421008003,1.2853955877484666,Malware
-0.22693442211047637,0.5667158163487059,Malware
-0.22352877760385434,0.46525767856063494,Malware
-0.22275053535803266,0.4630947623063892,Malware
-0.22601104735080177,0.5322434456792109,Malware
-0.29703584165199515,2.8300535008824887,Malware
-0.2523794457432036,1.1852787176688682,Malware
-0.22122231157411076,0.18957356286918448,Malware
-0.2226257047236875,0.44640903936029014,Malware
-0.2120669952221474,0.467602431249149,Malware
-0.27948603992417725,1.901988824262991,Malware
-0.22710235897033929,0.6310445774879255,Malware
-0.268667762539117,1.7698372826816098,Malware
-0.2248957641079348,0.5106140881172903,Malware
-0.22231883089707039,0.42915912116487687,Malware
-0.2579905507212328,1.3335894634075152,Malware
-0.25294232023633073,1.1248015747691993,Malware
-0.30328585134973857,2.4359473081521785,Malware
-0.2566516796374763,1.2887682985066244,Malware
-0.36607995606071614,3.6036582879910823,Malware
-0.21998038921630847,0.15019961868949772,Malware
-0.21700886293509783,0.2088573279708423,Malware
-0.2839785947154888,1.9024303748546196,Malware
-0.2782532141809905,1.8877736887536969,Malware
-0.24890839224825342,1.0788563037409817,Malware
-0.2845916963143753,1.8893346669234266,Malware
-0.21766955837940719,0.13472313039429487,Malware
-0.22283065801593827,0.44454806730197166,Malware
-0.26071141138158704,1.7763092955004183,Malware
-0.2252500609802175,0.5067299935675902,Malware
-0.2627987554275968,2.0451603136466274,Malware
-0.2663488091823341,1.6444590163107429,Malware
-0.21740167669161717,0.21952624031645954,Malware
-0.22307768840243342,0.4570385793136303,Malware
-0.22311012252750334,0.4647837595678391,Malware
-0.2554858228583135,1.1736859626013865,Malware
-0.2259661902440875,0.5308434499421137,Malware
-0.2677712238048542,1.2406731688596522,Malware
-0.2535837853173068,1.6484394349432083,Malware
-0.29771256993368483,2.242673350273905,Malware
-0.25758663882107397,1.2765657705867974,Malware
-0.22203299635763907,0.42469835116636534,Malware
-0.22656617887884659,0.5466599517711698,Malware
-0.24702472292729577,0.9275713561102588,Malware
-0.22468827956128565,0.5065161276108581,Malware
-0.2222212211173219,0.21636720564990322,Malware
-0.2237130255967334,0.5390973822174785,Malware
-0.22185149295929002,0.43089780271167927,Malware
-0.21906166860369086,0.13195566439021542,Malware
-0.23345859633982635,0.9816655695128365,Malware
-0.21897006687515874,2.648859113075353,Malware
-0.22360175109997926,0.48362958377167775,Malware
-0.2534682238314132,1.6636694884463186,Malware
-0.2246041093020143,0.48794970627568846,Malware
-0.25090199981143124,1.2505795215200093,Malware
-0.25429186014523114,1.22844531047463,Malware
-0.31135678048052745,2.9569030189467647,Malware
-0.2221051897754554,0.4247739042336479,Malware
-0.2908851820976736,2.159601188521436,Malware
-0.2504911959590967,1.2383819619389551,Malware
-0.24022097569249798,1.2939254563405906,Malware
-0.29492615245522413,2.4632434719540974,Malware
-0.2357711115556005,0.8001412442177307,Malware
-0.22811659725895875,0.6368933819756262,Malware
-0.35107781034485736,3.3700903788389094,Malware
-0.22029593922772472,0.15691262312261312,Malware
-0.2377583876537398,0.42307413771107805,Malware
-0.22310371593853195,0.45113167701575935,Malware
-0.236489422652187,1.0115547888881935,Malware
-0.2601417705413807,1.751270212969492,Malware
-0.2567023270300345,1.2456510394860454,Malware
-0.21730264977906252,0.21780158982018355,Malware
-0.2242428472204286,0.6898419806511333,Malware
-0.22615436312028378,0.5333005095924362,Malware
-0.2523532758410924,1.5449684108269504,Malware
-0.3665485832587364,3.86934354280096,Malware
-0.24697613823911418,1.2348481286034185,Malware
-0.2224847087370607,0.46986395067899134,Malware
-0.25634750794458433,1.233365546061261,Malware
-0.33616236711929837,3.324203074358054,Malware
-0.22864265054325567,0.793460248366388,Malware
-0.29054001056524437,2.1080604934411675,Malware
-0.22298022847107787,0.4765809610824417,Malware
-0.24928866667367294,1.108553002476289,Malware
-0.2548617023653881,1.8541092679456805,Malware
-0.2270630735359706,0.5514613103713984,Malware
-0.2776796828449634,2.012432758791177,Malware
-0.24214706187691273,0.8903105425128662,Malware
-0.2126620871529701,0.5662607834544225,Malware
-0.2508168572994105,1.1752652459167807,Malware
-0.2906348375261953,2.9189514885956793,Malware
-0.2267769197796076,0.5784450764961871,Malware
-0.3052887223482555,2.0403325117321005,Malware
-0.2622458356133288,1.8085841543794452,Malware
-0.22337079252635988,0.45623258798146193,Malware
-0.24895576997801652,1.2015416251299038,Malware
-0.27991788583650173,1.9049404264432315,Malware
-0.22493304657444665,0.4983463922003172,Malware
-0.248604500182679,1.0685006580361824,Malware
-0.22257840157787037,0.3612039719562127,Malware
-0.2228302885913304,0.4512430957650328,Malware
-0.2241067931377006,0.4808679221240507,Malware
-0.3480457048191901,3.305943221657476,Malware
-0.22290832083430784,0.4441163507987774,Malware
-0.2582716883519335,1.3418287335355599,Malware
-0.247393228975889,0.9633370397430513,Malware
-0.22268175398957465,0.38085384838111813,Malware
-0.22400250856405896,0.26119004465930973,Malware
-0.2260672116808708,0.5268261387227524,Malware
-0.2231675187425466,0.5262029898660042,Malware
-0.3487678311161182,3.660726182643717,Malware
-0.2353810582152657,1.3948317149679328,Malware
-0.21846163902951446,0.2773216456507695,Malware
-0.2507853656855426,1.2155038707573058,Malware
-0.35352855531403304,3.438057099639831,Malware
-0.22537084045333214,0.5220367586899272,Malware
-0.22025630472724714,0.3079180761130874,Malware
-0.22520597971883644,0.504421767728987,Malware
-0.24878492037789254,1.0525345598544722,Malware
-0.21806266837986224,0.07256068103009837,Malware
-0.211070494291088,0.08023479558113623,Malware
-0.26238680084858873,0.10644446014564389,Malware
-0.27873022148336146,1.8669466133755293,Malware
-0.2238982935417343,0.44847595419819514,Malware
-0.2168501763357364,0.19880969459004563,Malware
-0.2790919813441469,1.8971689834914303,Malware
-0.36295654151529555,4.166615505313335,Malware
-0.2565752297872356,1.300664086845785,Malware
-0.2955711301752396,2.2793235333071613,Malware
-0.22380421299863917,0.47450934204714557,Malware
-0.22402202028179943,0.06917425314091381,Malware
-0.224316164025638,0.47864459711665935,Malware
-0.22536072748700006,0.5050787480204204,Malware
-0.29236340254387394,2.0835035389873453,Malware
-0.2177629508286916,0.10759401926789153,Malware
-0.27990860711755977,2.6761113932530614,Malware
-0.24987193331796895,1.1413774606803313,Malware
-0.22234706958916575,0.4461269999189291,Malware
-0.2446441270247739,1.8322760077788116,Malware
-0.21795751339827046,0.0713393589174299,Malware
-0.25686889024465875,2.4882063219450856,Malware
-0.25320862133802324,1.6370728447359737,Malware
-0.22477344353295864,0.4926937009057201,Malware
-0.2201744711686308,0.159448966676114,Malware
-0.24014374448835893,1.2601426143386154,Malware
-0.24510974919952602,0.6052703826221348,Malware
-0.22250933980713253,0.44797791432439504,Malware
-0.22328919841658018,0.4554649173848663,Malware
-0.22928864714087346,0.6164205043947945,Malware
-0.403572616794522,4.521481786129387,Malware
-0.25459671583169435,1.7196458515210746,Malware
-0.2615231831718224,1.7910644507311657,Malware
-0.23317707153478825,0.7150479976544878,Malware
-0.24913240882079024,1.1003452828467457,Malware
-0.27407457758175374,1.935443009370472,Malware
-0.24830395815496784,1.0549965981165985,Malware
-0.22532171245067853,0.5201256243336361,Malware
-0.3399954574153478,3.043758105026798,Malware
-0.21686807123306015,0.21202552470258473,Malware
-0.3760951964001648,5.569531993826189,Malware
-0.30509475083269133,2.482529963710887,Malware
-0.22319168054082045,0.45203131288011006,Malware
-0.24715636540365604,0.9506684438757147,Malware
-0.23730217920133514,0.9235457532814078,Malware
-0.2753055020926997,2.198975077578729,Malware
-0.2239654169468456,0.4710469761571281,Malware
-0.219613876954753,0.14583482889309493,Malware
-0.20531331982827403,0.09456368968955062,Malware
-0.21693357257889737,0.21457349341450413,Malware
-0.22308620665822065,0.4479871771666765,Malware
-0.22565056863490976,0.5223431781205812,Malware
-0.36076107596041485,3.3332417406613146,Malware
-0.26866349434706666,1.6178521810692352,Malware
-0.2785094134029357,1.2500190023606754,Malware
-0.22191889200498205,0.42689797530636836,Malware
-0.2694515676602591,1.6308907396872265,Malware
-0.22278389044656896,0.44180414834907006,Malware
-0.21984879409161887,0.15348679018396447,Malware
-0.24732871334562767,0.96159080373,Malware
-0.27919188500274345,1.876193082896416,Malware
-0.21640488014661496,0.1946734819666926,Malware
-0.2224484377630176,0.4318402110857919,Malware
-0.2474261553380444,0.6241645443365371,Malware
-0.2468696921351614,0.9219068226375743,Malware
-0.36622448734564383,3.6058134488110447,Malware
-0.3645672578274,3.6487189352011793,Malware
-0.22344971862634036,0.46455416261303056,Malware
-0.223211052372058,0.4683560929595276,Malware
-0.2617207860520717,2.161687400925265,Malware
-0.22222264596035607,0.4505332511147233,Malware
-0.24485859603419305,1.0609339064431562,Malware
-0.2966127488455877,2.804498516446688,Malware
-0.25898497836429607,2.011883618622322,Malware
-0.2268605353208148,0.5513801325618034,Malware
-0.22492878696090624,0.5026214498341968,Malware
-0.22626190495829204,0.5382007350802187,Malware
-0.2750473378351766,2.208809386910137,Malware
-0.22702869213444343,0.5984344207124287,Malware
-0.21726704526707008,0.11522923766424953,Malware
-0.3709663774886627,3.7503051883401644,Malware
-0.2457891668666738,0.6233901713745713,Malware
-0.24497506948870718,1.0632688960952366,Malware
-0.2573869041445041,1.3364364594414093,Malware
-0.20726342756429253,0.16578073383231148,Malware
-0.25556238008065024,1.2241224085992282,Malware
-0.223708019261038,0.4665490642184089,Malware
-0.2795675771037165,1.8856504089848014,Malware
-0.22553491856777433,0.5126404972925941,Malware
-0.27840203295053306,1.8507905030408478,Malware
-0.3655138064816658,3.7313619780682066,Malware
-0.22346858026110206,0.4644557433163093,Malware
-0.23899190633617007,0.10029474501326223,Malware
-0.25387280585865374,1.152704156068565,Malware
-0.21654661219594207,0.6815749426988498,Malware
-0.2857706218976661,2.228875030342358,Malware
-0.2220811985450055,0.19880647757069897,Malware
-0.22369423986933212,0.47510999338919324,Malware
-0.2578555068875344,1.332042471438727,Malware
-0.21942781834310005,0.14211787524466052,Malware
-0.27788207270266735,1.8447126960315015,Malware
-0.2606799273910868,1.7636225802632757,Malware
-0.2167019277844031,0.20805813337560677,Malware
-0.2228188849407963,0.45766560192564926,Malware
-0.22387060239578868,0.48334466559446765,Malware
-0.22362567932671745,0.47169047944966297,Malware
-0.24947206163317895,1.1153505052709507,Malware
-0.4302854427538863,5.481667122486689,Malware
-0.22768469321410517,0.03009585130857313,Malware
-0.25750179376832455,1.3846515985723162,Malware
-0.28080465964183826,1.9273836170774103,Malware
-0.22658557219518724,0.5420204690635843,Malware
-0.22615446606436812,0.5276803913322765,Malware
-0.30475301075570466,2.475794317521192,Malware
-0.2894476105235672,2.0438308001885916,Malware
-0.25656976070185333,1.1569812980238454,Malware
-0.22441864461197814,0.48346250163725896,Malware
-0.2221804082241441,0.1720895460050319,Malware
-0.20897310249366466,0.216349604309578,Malware
-0.2215642517356702,0.16305143601810726,Malware
-0.2112597058263912,-0.052715048856708066,Malware
-0.20416847628513737,0.44797091296531016,Malware
-0.2218865328579672,0.19952761071487948,Malware
-0.21735872445929189,0.21079654321123772,Malware
-0.2099329768914826,-0.192095928090362,Malware
-0.22150643719158478,0.20226461040160826,Malware
-0.2221294937166589,0.17179189024148847,Malware
-0.22189918190989275,0.1809281445066606,Malware
-0.22450475902871553,0.7553326557693016,Malware
-0.2192177556888982,0.1896417397300847,Malware
-0.22563499860425396,0.6906118650872409,Malware
-0.21126064864197258,-0.052526388587023784,Malware
-0.21073111405051484,-0.1270540237900676,Malware
-0.2380263453723099,0.1431226829895722,Malware
-0.22677156731024734,0.3205983526902002,Malware
-0.2150494737595899,-0.07467843779471538,Malware
-0.22201296567582815,0.159696500185779,Malware
-0.22375190972156792,0.19482117126570397,Malware
-0.20301695755034066,0.09799834336325973,Malware
-0.20641126928628836,0.3089212901174003,Malware
-0.19963617080196483,0.3043791414988815,Malware
0.04177247202761644,3.9688808813746697,Malware
-0.21446783697912192,0.4571349337439869,Malware
-0.2018135677277404,0.03945320133942104,Malware
-0.20661511983209147,0.725903318869846,Malware
-0.20535701098893397,0.19246483306951165,Malware
-0.18544350190550954,1.265901249125503,Malware
-0.2107023948899717,0.5718955295763299,Malware
-0.19995752632086256,-0.14996817046021604,Malware
-0.30938514486705987,3.136477060153838,Malware
4.679462519495254,0.739821690690127,Malware
-0.20105408605072264,0.37111098717816615,Malware
-0.2032866540815936,0.029706352633747875,Malware
-0.19651931477583462,0.21567011562933178,Malware
-0.2062602543563783,0.14479570678834527,Malware
-0.17894062870794605,1.3499989488569757,Malware
-0.20376602176100658,0.12406421233876419,Malware
-0.18091828328930545,0.5684550984128904,Malware
-0.2062518521582123,0.11327423746562026,Malware
-0.19602030479994131,0.23113277331316204,Malware
-0.21769475783185066,0.014749157253226343,Malware
-0.19395626500536622,-0.08164033312558937,Malware
-0.21301225112485472,0.48935934789337354,Malware
-0.20333752346615003,0.02582783971583962,Malware
-0.19874713816874845,0.6419539477329805,Malware
-0.20789874500207287,0.02947833722825237,Malware
-0.20535057917013405,-0.05298863450383731,Malware
-0.21799073742387756,0.19163082022449449,Malware
-0.20996652562017046,-0.0036331298410173206,Malware
-0.21480494869879999,0.15977035586364083,Malware
-0.20003823648864597,-0.1389044427165212,Malware
-0.20548849424067345,1.0418269042692396,Malware
-0.20829703613309727,-0.05322678133046877,Malware
-0.20352112597316938,0.015060722164286288,Malware
-0.2078652703158606,0.3436963431483895,Malware
-0.2035177402771658,-0.14032441569659174,Malware
-0.203895558846095,0.3196176517314635,Malware
-0.20448011716381498,-0.03132977844609536,Malware
-0.196267455080124,0.045405887386370546,Malware
-0.1901760727347749,-0.018670072363094918,Malware
-0.29323317061274173,2.684708988258188,Malware
-0.21736077731459064,0.09504506690431382,Malware
-0.20030205349928978,0.3471343173146479,Malware
-0.22760340458638928,-0.07734087661764825,Malware
-0.1863359297723783,0.14601190128113112,Malware
-0.23719090848843374,-0.197465810759526,Malware
-0.19808760456134958,0.21505468466920005,Malware
-0.20732850403451702,0.04129461012722964,Malware
-0.20717138855358044,0.28696203941395476,Malware
-0.18345893073491926,0.5904689096991426,Malware
-0.19605798484404646,-0.016875955192717246,Malware
48.63267239849586,1.4084107176144707,Malware
-0.1975878420329079,0.385712283517955,Malware
-0.19736153807388684,0.03496337160947046,Malware
-0.17467311042160805,0.9902475505851013,Malware
-0.21367443295753125,0.23986647154487736,Malware
-0.19559722165455115,0.6878798515942273,Malware
-0.1909085762785675,1.145960503037409,Malware
-0.2709008137059882,2.0775090259568656,Malware
-0.14332938805798948,2.2703232149474815,Malware
-0.19234118274875964,0.4265199872554072,Malware
40.89208019822392,0.3487516079231966,Malware
-0.20371456902188986,0.06905421986623393,Malware
-0.20395246502300027,0.03092600860628261,Malware
-0.1987529905554708,0.06338937176676007,Malware
-0.18304595781819727,0.7527196219771889,Malware
-0.18197753575103612,0.7296752347701276,Malware
-0.20406029985713314,-0.0339370384436352,Malware
-0.2007256732811118,0.319459522499481,Malware
-0.1980111917740347,0.02739919235561836,Malware
-0.3248028052301539,3.547574381347479,Malware
-0.20101415019408753,0.19002646460988323,Malware
-0.20067086161787062,0.05803033681832271,Malware
-0.21586644316357687,0.9480378504736348,Malware
-0.20121447722589947,0.33136096273335847,Malware
-0.20289573121563595,-0.025923798344917513,Malware
-0.22974614487412673,-0.07883035772854953,Malware
-0.19885459810693842,0.07753976705822432,Malware
28.72074050882484,0.5966753145695105,Malware
-0.2031754878961757,-0.016730887612055538,Malware
-0.2100222991506278,-0.06484415992156034,Malware
-0.1994779055747976,-0.015864042990723776,Malware
-0.19386005217541205,0.4561332109553583,Malware
-0.30239352843890765,2.884765252163587,Malware
37.22950964518318,0.4785003071683879,Malware
-0.20478694116276455,0.3470114215378011,Malware
-0.21596734805515125,-0.054499064978638816,Malware
-0.1669019309984481,0.6328279551303239,Malware
-0.18154963214440464,0.20099676619642295,Malware
-0.2029417329789631,-0.1123988365797814,Malware
-0.19745936798670002,-0.015287612408814606,Malware
-0.20390560178333828,0.013958980368148998,Malware
-0.1939957725740938,-0.05425221028520993,Malware
-0.20281384291087734,0.02435844180632619,Malware
50.90069518621303,1.3787777887809656,Malware
-0.20826568526919897,0.40851343173989946,Malware
4.725843729021355,0.29980984730853905,Malware
-0.20078670059425655,-0.05189553649857598,Malware
-0.20673019222040798,0.009084149884000877,Malware
-0.2885992636024602,3.311753360408166,Malware
-0.22516295098114658,0.7516978879021051,Malware
-0.2395116351718479,4.876602860660473,Malware
-0.22736756108337136,0.7094207308018656,Malware
-0.23904215745201676,1.466431532199889,Malware
-0.2429607504960056,1.7925051116795727,Malware
-0.20686158548458344,0.38276900521632323,Malware
-0.22301530180969317,0.7315685760410812,Malware
-0.22859245530171063,0.4317818285680374,Malware
-0.2424398863056472,2.3087772400561657,Malware
-0.21264355909215735,0.4195853229399501,Malware
-0.2641556439777472,2.4239253671853027,Malware
-0.2153002189783467,0.6545181615998686,Malware
-0.22510511217004056,0.7027027383198206,Malware
-0.2552267102896104,1.8765432246691514,Malware
-0.20276681913334624,-0.11693497201125214,Malware
-0.20851569760271368,0.35731585048611914,Malware
-0.21257159501501036,0.4189035226382794,Malware
-0.27767467694297987,2.321611367710841,Malware
-0.22493112050608377,1.240111116240251,Malware
-0.21787471883499063,-0.15472471357102746,Malware
-0.22034666994791557,1.315747918114665,Malware
-0.2418698076429777,2.049842222019388,Malware
-0.22202892772802874,0.7195085516432354,Malware
-0.2551195967654777,1.793937965318376,Malware
-0.2251437564390904,0.7912194962160038,Malware
-0.24571933156467668,0.2878332277332829,Malware
-0.2435215866217096,2.227078921769452,Malware
-0.21327484264938837,0.7263666486588161,Malware
-0.23456876276251443,1.9705289667206245,Malware
-0.2141658437321359,0.41257547324927485,Malware
-0.2271511463564795,0.47067220677859,Malware
-0.2510700074574562,2.4307300515058263,Malware
-0.2536176404217251,1.8538728985918145,Malware
-0.21998605102949162,0.43652274582662254,Malware
-0.24418604985603054,1.3527477855730028,Malware
0.5948613771074951,3.3141822473051112,Malware
-0.21657794927078,0.4548322001332157,Malware
-0.19989969710476957,-0.06250988071311335,Malware
-0.21495087732336424,0.7085915679089486,Malware
-0.24087256984599015,1.109880000319272,Malware
-0.21772544278143113,0.4508198977371481,Malware
-0.22474831458400735,0.13630701751499197,Malware
-0.2090466646566328,0.42360986810654067,Malware
-0.22785358713967918,1.3959197292346341,Malware
-0.20546223435258018,-0.11659974818859078,Malware
-0.21823988910458722,0.7983622187185898,Malware
-0.21504898547480325,0.5882117366099567,Malware
-0.25107039748800875,1.886369891707197,Malware
-0.20877734920443525,1.01301161318329,Malware
-0.24040061021003942,1.5376657343556508,Malware
-0.197725811135866,-0.1681116671238523,Malware
-0.2228881807992507,0.15619609268539067,Malware
-0.24022032261529044,2.1515864950982753,Malware
-0.27210614461839977,2.0546554220380746,Malware
-0.23635897164668843,1.3628726707238108,Malware
-0.2076522270500084,0.07382149538956555,Malware
-0.24613359082422948,1.5676144579205928,Malware
-0.2375368260840779,1.2372717639101043,Malware
-0.20959972656550474,0.48057482021284265,Malware
-0.22002859870835312,0.5580827211763361,Malware
-0.22384344035423326,0.4771674145751652,Malware
-0.23283148065915604,1.7463564059462,Malware
-0.20271424395606907,-0.13247238272151887,Malware
-0.22009440541767528,3.184648151955221,Malware
-0.21924404978075118,0.7142964957303295,Malware
-0.21367509200056578,0.47186978005825947,Malware
-0.24101191940242414,2.1851334272628025,Malware
-0.21008117450563937,0.5208919550882333,Malware
-0.25183715012648744,0.7639945794414658,Malware
-0.22755161352886155,-0.19640401540009553,Malware
-0.21605616609657657,0.6191747384356399,Malware
-0.2057464179644157,0.16197605211340865,Malware
-0.2097778514483497,0.07128751464127614,Malware
-0.22602826996426473,0.07555354675820888,Malware
-0.25000840047942907,1.3816954733444398,Malware
-0.26615919227687995,1.7649097668326428,Malware
-0.21527420821214588,1.0133109715518045,Malware
-0.2515560371398605,2.2474717391695758,Malware
-0.23188597044670012,1.3399919865185235,Malware
-0.27737645305231584,2.19146539135402,Malware
-0.17081293575192105,1.8015802224258166,Malware
-0.22501634962869094,0.5201668545240498,Malware
-0.23628084223554133,0.2338707761023132,Malware
-0.22541703720863826,0.45674113356263163,Malware
-0.23775713082945082,1.0858316571355737,Malware
-0.22905809365516988,-0.2764035743949201,Malware
-0.2131641378471861,0.45133334659543434,Malware
-0.19249292119674924,-0.2268420972998117,Malware
-0.21417948418792304,1.4747328067931402,Malware
-0.22145117824987767,0.6797150691836387,Malware
-0.23038740408712846,0.25318088071003436,Malware
-0.20417002745864163,1.3080751753482789,Malware
-0.24707511084556072,1.9027633364985619,Malware
-0.231367026870151,-0.21538789578607948,Malware
-0.21321503542566067,0.5852725257980677,Malware
-0.22780797465658595,0.9128796431138906,Malware
-0.21844549379830827,0.08371751090087445,Malware
-0.22780568444467214,2.8944479579669182,Malware
-0.2084359064963472,0.7650970568407444,Malware
-0.21655531804564204,0.6818875386873697,Malware
-0.23915751317434614,1.2711413282459134,Malware
-0.2349472671809209,4.420592354490102,Malware
-0.20603289689445764,0.18979634944929258,Malware
-0.2233161541956512,0.8428683171465433,Malware
-0.22473739636001303,-0.1940605443248754,Malware
-0.20804804070941896,0.30821629811568213,Malware
-0.3038186651571541,3.1855976732147866,Malware
-0.20673134151745043,0.41783872803465566,Malware
-0.21447204464835096,0.6194086602530549,Malware
-0.21904095666209206,0.6264447913772078,Malware
-0.24795673959353495,1.5408610516687384,Malware
-0.24305007454709787,1.841684688891071,Malware
-0.22893028666925094,2.237792871082711,Malware
-0.22212559645524818,0.7956749737896543,Malware
-0.20892851251579297,0.7495502848169884,Malware
-0.2107417803314397,0.48721093100825635,Malware
-0.21276842510335806,0.3561026650135106,Malware
-0.2156696656177143,1.6307596511772728,Malware
-0.23383692998111774,1.143829369617837,Malware
-0.2219991432050483,4.093423203580823,Malware
-0.2319867993324375,1.0360590225367308,Malware
-0.23835537494272188,1.4353134436838022,Malware
-0.23609695802575048,0.8648078627990732,Malware
-0.23640050747021368,0.28124320073810233,Malware
-0.2160527999653159,0.6639443324935136,Malware
-0.23991206431130568,-0.19338225051277982,Malware
-0.21670861351325799,-0.09808989445572242,Malware
-0.20481964614297965,-0.2874624976419898,Malware
-0.19738372322775558,-0.14467767662319594,Malware
-0.20976186265849267,-0.034321043704371876,Malware
-0.2015818575844744,-0.2379701210143805,Malware
-0.2265596512172407,-0.41301160858389846,Malware
-0.22488795297209832,0.04333335032089633,Malware
-0.20512669995927138,-0.25185720910779535,Malware
42.4144876999465,-0.005937707727093704,Malware
-0.20241069727064911,-0.217863788325971,Malware
-0.21180633697786175,-0.2151037813510822,Malware
-0.20662020270248993,-0.3157588235153872,Malware
-0.22437211844970603,-0.19619250350812398,Malware
-0.20489935098302373,-0.23590398845505084,Malware
-0.20292350067851708,-0.1942629054299514,Malware
-0.2796338248148346,2.003713042158565,Malware
-0.2064042923168306,-0.23104234798207082,Malware
-0.2059090355161525,-0.14033617729996475,Malware
-0.20531701725801263,-0.15595804710516337,Malware
-0.2097802675079388,-0.22295289474972615,Malware
-0.17048659563396232,-0.409285531506511,Malware
-0.18828318448916262,-0.35283774261362777,Malware
-0.21515070758410496,-0.19106634148440724,Malware
-0.21583916525874158,-0.02589714129287138,Malware
-0.2760591957088111,1.1962053357996334,Malware
-0.20579938683523166,-0.20138305627180167,Malware
-0.19128597283364088,-0.4058329623773949,Malware
-0.2138465012728494,-0.1474509667752538,Malware
-0.2094694834771017,-0.3797817468977422,Malware
-0.22302028736628174,-0.17719710530780222,Malware
-0.2168207224912195,-0.08973630569277273,Malware
-0.2136786029431176,-0.12495748025179096,Malware
-0.21670095042295204,-0.3274567798535151,Malware
-0.21425055198248688,-0.2453865588472936,Malware
-0.19379896607890623,0.0022020730139545213,Malware
-0.20065208303157253,-0.06943648218534505,Malware
-0.2207777443356578,-0.2209248889347049,Malware
-0.1940068792607009,0.022248181058804155,Malware
-0.20014536500832059,-0.016280418536427095,Malware
-0.21286903833969834,-0.03517353244407425,Malware
-0.22860760079001935,-0.27117532486708634,Malware
-0.21020403322286357,-0.21200096228737103,Malware
-0.20234055217060415,-0.2176794463263361,Malware
-0.2133622763311588,-0.249070208042459,Malware
-0.1931732424745581,-0.25395863564276416,Malware
-0.2147460476840182,-0.1947954293414669,Malware
-0.21248155634706153,-0.35281965502939827,Malware
48.93076504361775,0.12129390351966791,Malware
-0.21356072806042087,-0.17155444067572143,Malware
-0.18692899904166316,-0.40238989515478824,Malware
-0.22399219585828836,0.1233832632954861,Malware
-0.20840418753543555,-0.3071959965292019,Malware
-0.20030541813234612,-0.27525461499301207,Malware
-0.21456392219777093,-0.24131970355498134,Malware
-0.19323755457192227,-0.28744363392153466,Malware
-0.19141104892522445,-0.3704309603816593,Malware
-0.21784560820587318,-0.10791896135447429,Malware
-0.20656217338973307,-0.225706832745358,Malware
-0.19759319630628588,-0.28714656429748503,Malware
-0.2588478366621589,1.0043558653908586,Malware
-0.22348348683687344,-0.3213969907313835,Malware
-0.012139257815105246,7.374464917784525,Malware
-0.2210881144437172,0.32099642955776553,Malware
-0.25912717237590027,1.340993042701154,Malware
-0.20722230321307292,-0.21950876424732987,Malware
-0.2219735526804389,-0.4470585590280463,Malware
-0.18817714676236735,-0.3205107063369698,Malware
-0.19533950572668846,-0.26174331159085623,Malware
-0.2094235246169737,0.03181202691991431,Malware
-0.21329327979492005,-0.09353865114452603,Malware
-0.2346475824345615,0.1830615716157836,Malware
-0.22795337189755244,0.0670110460297367,Malware
-0.19571534622917378,-0.23067013484767726,Malware
-0.1849185216118648,-0.3726973559324948,Malware
-0.21442571859351967,-0.2618797221110554,Malware
-0.20696043864112945,-0.2955499578434773,Malware
-0.21528623796217528,-0.11790305540954395,Malware
-0.2073383022269666,-0.3309988088468639,Malware
-0.22197237528482824,0.027334273146095944,Malware
-0.19135756167661136,-0.18099394416925393,Malware
-0.20676152999731745,-0.19725105209402358,Malware
-0.2143544393906914,-0.25949926250849453,Malware
-0.21328191922749554,0.11142487390304948,Malware
-0.2419770243615441,1.9685429913059243,Malware
-0.2297986610165892,-0.11047381642574106,Malware
-0.1957382687447143,-0.2296270898526049,Malware
-0.2139879615060309,-0.0038150800682626588,Malware
-0.23466656255068208,0.028482920091934396,Malware
-0.2127999496874634,-0.2359188502107779,Malware
-0.21540447028624923,-0.13692840019437014,Malware
-0.2164569507296584,0.1308784272513932,Malware
-0.21690008518078358,-0.09809344977456667,Malware
-0.23142969989288448,-0.10543421969206118,Malware
-0.18495314306690072,-0.3651649168751421,Malware
-0.21352383627968483,-0.1701074299110921,Malware
-0.20924539610705292,-0.32485511207720924,Malware
-0.21531650469903355,-0.14233781647553442,Malware
-0.23384259809086258,0.2433782599619214,Malware
-0.18873266097166902,-0.2159786423380387,Malware
-0.22352631473291304,-0.27911517140831893,Malware
-0.21332708668539663,-0.3465457416321417,Malware
-0.2224257087120913,0.0969318857221649,Malware
-0.21216652537379874,0.0838503125330251,Malware
-0.1679143135856014,-0.20008374988825176,Malware
-0.20313156105818983,-0.24082504007429656,Malware
-0.2470207364839202,0.6231080549945495,Malware
-0.20721649997802993,-0.300201034340385,Malware
-0.214245114655862,-0.21873518831810818,Malware
-0.22860923722808396,-0.1059936367962559,Malware
-0.22311371388305293,-0.34081350329933996,Malware
-0.184336135691376,-0.3650165989622937,Malware
-0.19156567652833134,0.008123043079456271,Malware
-0.21695146228512224,-0.08104697224302429,Malware
-0.22172539739237562,-0.21832906915391143,Malware
-0.2065953646227101,-0.13819324827356133,Malware
-0.1967355948041206,-0.15136409980465904,Malware
-0.20371602087598104,-0.2927042170821596,Malware
-0.2144879313866356,0.16583392303605568,Malware
-0.22001463022717183,-0.34209688078019884,Malware
-0.21018233559427696,-0.2273463851038324,Malware
-0.21329505378835625,0.15125272146808055,Malware
-0.20611086500306716,0.16825418949993892,Malware
-0.20868853432584647,-0.2629510436271437,Malware
-0.2221368367243887,-0.3840326431039809,Malware
-0.1848771541476527,1.261828953516762,Malware
-0.21731228066655334,-0.35324219103271215,Malware
-0.210550676768109,-0.19399190800595942,Malware
-0.188200405949207,-0.38021589369364717,Malware
-0.22055467252306798,-0.060409487723560806,Malware
-0.22609998798844289,-0.2276407077657541,Malware
-0.18913795370285225,-0.2867130120907884,Malware
-0.21677141000314878,-0.24902887072856514,Malware
-0.20721649997802993,-0.300201034340385,Malware
49.2786307301998,0.28842545057740543,Malware
-0.23425056641754613,0.12197186193457182,Malware
-0.2047679153348829,-0.3328401210029456,Malware
-0.23451224979010032,-0.06747997212126026,Malware
-0.21542066110602287,-0.17435987301570338,Malware
-0.305742836568054,3.7725349558168237,Malware
-0.19369858699851536,-0.2540076538536111,Malware
-0.1889622882246037,-0.21261422737343963,Malware
-0.20200494416495446,-0.31094558982978077,Malware
-0.21988192946422072,-0.27674798828239316,Malware
-0.21208841252863017,-0.11917617129024645,Malware
-0.23283586137865306,-0.4075306849231035,Malware
-0.1993407335556816,-0.2958457152153241,Malware
-0.1864141794078748,-0.26041222738417347,Malware
-0.22010381995667527,-0.16779004812900086,Malware
-0.20418223429067225,-0.12332460407886814,Malware
-0.19393725054868305,-0.26989873869207676,Malware
-0.1892526127250283,-0.33430238364611914,Malware
-0.21895864998711434,-0.17871430102219693,Malware
-0.2140470545942709,-0.3495761980005262,Malware
-0.20230722944244509,-0.2634369173394629,Malware
-0.22620517846196095,-0.19331755926018906,Malware
-0.21098951195110555,-0.26685969615617366,Malware
-0.20541481592659466,-0.2084431658566223,Malware
-0.21268283823441206,-0.3486591522060125,Malware
-0.19123165555472998,-0.3066471880768903,Malware
-0.20713104582772154,-0.2733855583583657,Malware
-0.18854187687161159,-0.037932487794034,Malware
-0.21984748037973115,-0.3310277821007494,Malware
-0.2180246662916805,0.16016717333496877,Malware
-0.2138609935451418,-0.21658172184597968,Malware
-0.22760844240512393,-0.09892662984438787,Malware
-0.2283339927514724,0.21586033090056164,Malware
-0.22762383712558948,-0.23040217028732488,Malware
-0.2030372596253784,-0.22792902189965128,Malware
-0.22300159665742317,0.08315768274883961,Malware
-0.18827803619287947,-0.3144691202980221,Malware
-0.22163215473886091,-0.2238989336036136,Malware
-0.2173416374155696,0.016591722685885837,Malware
-0.21471016468881765,-0.1921577181953327,Malware
-0.18477814694377,-0.27378768551765176,Malware
-0.21879475233147566,0.022617295311947852,Malware
-0.21396841448944895,-0.2246238727550193,Malware
-0.20727913805803863,-0.18863343520895748,Malware
-0.20219313201176475,-0.31289497019495327,Malware
-0.2273138264747272,-0.29211715226131174,Malware
-0.206935497043196,-0.15905664524407864,Malware
-0.2009380447752535,-0.18107828857162622,Malware
-0.2193423471750501,-0.003920209329717178,Malware
-0.21907198229353225,-0.12748783917709997,Malware
-0.2264392879246606,-0.04100719015556627,Malware
-0.18929601481573888,-0.34659850430035344,Malware
-0.21468946108805545,-0.4373475631970997,Malware
-0.20384819706642054,-0.322858906931003,Malware
-0.18680879880351522,-0.40540638861499284,Malware
-0.21193556139085784,-0.4300264284517395,Malware
-0.19335319713761503,-0.4079121740240562,Malware
-0.21995180708044787,-0.05542487057916709,Malware
-0.2259693007681441,-0.17489947011775264,Malware
-0.19643956497565654,-0.251511931800686,Malware
-0.20611930374328036,-0.3076029010502324,Malware
-0.19783042324948388,-0.17103322216143868,Malware
-0.2228961021519202,-0.39254874841666154,Malware
-0.2022782261969117,-0.26972852745002285,Malware
-0.18691351989314633,-0.38980041109342567,Malware
-0.2036560750722156,-0.2962462666719984,Malware
-0.20911377553869898,-0.05039357888748045,Malware
-0.2254205297962926,-0.26078647697241436,Malware
-0.19900337658408224,0.06500080248134778,Malware
-0.20717899229896145,-0.2713666026900178,Malware
-0.22524572735865722,0.6496578965708092,Malware
-0.2277310051703267,-0.25429741653557225,Malware
-0.22547268140909602,0.1429717907157253,Malware
-0.20419562913486697,-0.30107818045640933,Malware
-0.20159067418126708,-0.1822727178857129,Malware
-0.2189038963985947,-0.18103194751660795,Malware
-0.20851221957143323,0.036324863990050686,Malware
-0.20718072624822012,-0.23271178377394883,Malware
-0.1917234644406012,-0.2509727059290518,Malware
-0.22803445249956056,2.495130475316173,Malware
-0.20277474326858175,-0.3164049696086052,Malware
-0.20131249127939974,-0.22404610315421572,Malware
-0.1899245416043405,-0.28834916593239485,Malware
-0.18932868716434048,-0.22401693982829501,Malware
-0.5015720773231118,19.355960616821438,Malware
-0.201999159604109,-0.34763620935168904,Malware
-0.22853244917877752,-0.30154886257291375,Malware
-0.19089093533713297,-0.37871622425068324,Malware
-0.1852098213839753,-0.32604976776145467,Malware
-0.22655900887362332,-0.2648623841918951,Malware
-0.21183147556632476,0.16890219354012712,Malware
-0.22495326116955117,-0.07995325600953225,Malware
-0.2208610277330568,0.33199461422672855,Malware
-0.21860167747912937,0.001954322247567812,Malware
-0.19437335639436892,-0.24653948093354022,Malware
22.646027335922213,0.04800584887158246,Malware
-0.22377257463004507,-0.3105993051319185,Malware
-0.1869899034403187,-0.4096470261177,Malware
-0.1920502566434574,-0.2327678089856501,Malware
-0.18637494904071603,-0.3377455488046442,Malware
-0.2170971509288668,-0.24129106502732725,Malware
-0.20330371393093907,-0.28223183068991603,Malware
-0.2037373085709585,-0.32965305341439527,Malware
-0.2072886991589018,-0.23222729988006502,Malware
-0.22294235285743585,-0.3858895186172994,Malware
-0.21904794234384892,-0.1471930236617456,Malware
-0.21569563541397999,-0.17950574314858586,Malware
-0.20284225392018027,0.7419664930780121,Malware
-0.20209940180281333,-0.23784554321128323,Malware
-0.2418807142570024,1.8247168572001669,Malware
-0.22088714453002914,0.4163337432676412,Malware
-0.24743432998178355,3.097239838595048,Malware
-0.21576815991315676,1.479716237240617,Malware
-0.21131361509083427,0.6907318462855143,Malware
-0.22654128076738705,1.3522949056123665,Malware
-0.2796456522777878,3.3428534343464174,Malware
-0.20295173085312904,4.462162927356251,Malware
-0.2211815356703947,1.1603536922054558,Malware
-0.22665847344266357,1.6698561664583602,Malware
-0.27824941917070894,5.837080913943845,Malware
-0.20577156576880332,-0.042354389079419304,Malware
-0.2438686394372754,0.33724164309958876,Malware
-0.24108242322905446,1.5845589449110413,Malware
-0.19931416377389574,-0.13845295150295503,Malware
-0.22582810065765352,0.6907900046017705,Malware
-0.2661459700868482,1.1206281729367122,Malware
-0.23145125763909358,1.5688392118393946,Malware
-0.22366552754684454,2.0125692430301423,Malware
-0.22401310928861465,1.0363847912282438,Malware
-0.2265085023308414,1.3641851489550654,Malware
-0.27159716968499414,3.1787660544534555,Malware
-0.23190799996874112,2.566902083575677,Malware
-0.277177925338998,3.191763786976656,Malware
-0.16667065850860524,5.9242097839706815,Malware
-0.2565039849428316,3.35523290045316,Malware
-0.22527438300229805,3.20472809721564,Malware
-0.2385102658168091,4.521106781098688,Malware
-0.2743187109669108,6.733952728938946,Malware
-0.2004017083196353,0.6550437519688853,Malware
-0.23683346296284252,3.2162590695953717,Malware
-0.21202686861360398,-0.14589844486574627,Malware
-0.22397155222376736,-0.2711277291763414,Malware
-0.21740768645593947,-0.24174364791596725,Malware
-0.2198762574586566,-0.23510372300964458,Malware
-0.2000253780737739,-0.2272523905696572,Malware
-0.1962381371471842,-0.2065156921659941,Malware
-0.19789254134682657,-0.1439770964005838,Malware
-0.20023853541769543,-0.09334110921161737,Malware
-0.19680464322403937,-0.13908777777366166,Malware
-0.20999755968805028,-0.08921034160501175,Malware
-0.22357695062904956,-0.23697835962991626,Malware
-0.20165254288474407,-0.09399627753129923,Malware
-0.2228861874228767,-0.2691385229182334,Malware
-0.20293906046449753,-0.21481381053957146,Malware
-0.22652363731281497,-0.290665739528504,Malware
-0.21266654589711786,0.37421290371812665,Malware
-0.20027289034320817,-0.2610259102185982,Malware
1.572035826312425,-0.08702387954552195,Malware
-0.2203381144034127,-0.2588592650354625,Malware
-0.21745417806178158,-0.23550280278653016,Malware
-0.22383049086811627,-0.2513906139763955,Malware
-0.2211785734471282,-0.260601738887553,Malware
-0.22454618006807875,-0.271500668788069,Malware
-0.2177857685652278,-0.0004082398699808859,Malware
-0.22086560443750236,-0.2387759374374683,Malware
-0.20855581852757052,-0.11850072346342529,Malware
-0.20447167370492558,-0.26742021971656116,Malware
-0.21898966698749034,-0.24082401939523554,Malware
-0.20777153293109016,-0.5598172230516341,Malware
-0.22419049899560153,0.2882676280635589,Malware
-0.2234058906976501,0.3400159052623452,Malware
-0.21480828081026898,-0.2539836027272182,Malware
-0.20931276678937014,0.022659729364893404,Malware
-0.2192841634250934,-0.25002518255636685,Malware
-0.21682344739319143,-0.261380917614259,Malware
-0.21930900739224587,-0.2421674454674739,Malware
-0.2201757166604802,-0.2635900059610886,Malware
-0.21828679468138987,-0.26721929545212,Malware
-0.21119517789147058,-0.3862215516064144,Malware
-0.20558224256395877,-0.23755137433364662,Malware
-0.2156919517496651,-0.24336578540156573,Malware
-0.19925163510877011,-0.052015846489176516,Malware
-0.20648104795305122,-0.1253625032621431,Malware
-0.21838027578758967,-0.26160925188753587,Malware
-0.21779401879596888,-0.2637135191739136,Malware
-0.19904330178325824,-0.30457781401006023,Malware
-0.21995102496273877,0.07938403636379279,Malware
-0.1905576228379884,-0.14443695628782047,Malware
-0.218104167083021,-0.2636098829126036,Malware
-0.19288535942319135,-0.09005283259451606,Malware
-0.20489149028303924,-0.2328011803121953,Malware
-0.1939958476364669,-0.219902548822168,Malware
-0.2191706589267864,-0.15961384635181372,Malware
-0.21596867743517,-0.2312435793180413,Malware
-0.22114406874655856,2.8661312418885165,Malware
-0.20735545444917045,-0.112392488532583,Malware
-0.22981976829953976,0.14460686947551987,Malware
-0.20216134924001133,-0.2937139714719845,Malware
-0.2121454851775091,-0.2542846925830104,Malware
-0.19606936838525374,-0.247695128159634,Malware
8.00562363542216,-0.20484741303043494,Malware
-0.22790332642510114,-0.22298066101370018,Malware
-0.2018409587015246,-0.2797782357147104,Malware
4.786184785992473,-0.27718165034651016,Malware
-0.18963690267560993,0.0643505506976509,Malware
-0.2253183911138903,-0.08007077177295628,Malware
-0.2232870212592744,-0.25898874630308805,Malware
-0.21750850438352876,-0.23570110677629738,Malware
-0.20780748170795366,-0.2024181974400848,Malware
-0.21814193742588844,-0.19492696190093634,Malware
-0.2213109537724669,-0.24634683715901878,Malware
-0.18864647753255828,-0.0981134024487017,Malware
-0.21629058398481263,0.05047368743732637,Malware
-0.19344099371129608,-0.24614348494801158,Malware
-0.21855915640487866,-0.26663672049245113,Malware
-0.2158384591562781,-0.24520721804942505,Malware
-0.22606306310149415,-0.2560249143666273,Malware
-0.2192685234990361,-0.10566094392514626,Malware
-0.21574154547073657,-0.12334747268933036,Malware
-0.1949021906617111,0.05487276366297166,Malware
-0.22559647011788672,-0.2842412082710567,Malware
-0.21402448207660466,-0.23893838791705907,Malware
-0.220891814923923,-0.24987082193239044,Malware
-0.19812674291390708,-0.16410774794894498,Malware
-0.1979009330088862,0.022705769645277495,Malware
-0.22108286264331692,-0.25876410635276836,Malware
-0.22515457101940153,0.11420900056628702,Malware
-0.21705661986583027,-0.039107685706174226,Malware
-0.21319403722869895,-0.2711423890256347,Malware
-0.22200435702295798,-0.24362628447238902,Malware
-0.1792516568027512,0.30021076280115583,Malware
-0.2176319378601902,0.13794210293658915,Malware
-0.19962341740975054,0.04345615678670482,Malware
-0.19864103972297142,0.049715548292160225,Malware
-0.22158396571299904,-0.18677935857222688,Malware
-0.21726415934603047,-0.26239246833916874,Malware
-0.20029314920109154,0.13355632620600916,Malware
-0.20353620088265886,-0.27382544037463674,Malware
-0.22026647917678505,0.16241761720712267,Malware
-0.2205131263513108,-0.2778504654324495,Malware
-0.21724687406748827,-0.2733763592535732,Malware
-0.2164472384463728,-0.5127819909722386,Malware
2.813065146374974,-0.28720958947531355,Malware
-0.2202674257162116,-0.25802065058666807,Malware
-0.21731063348869362,-0.2458743667301463,Malware
-0.21167794922649685,-0.26393881157703225,Malware
-0.2104425211093783,-0.15708040945714916,Malware
-0.20642678532727826,-0.22701159735142165,Malware
-0.1881884365119887,-0.23395532838141164,Malware
-0.2243865663739594,-0.312805190896683,Malware
-0.2027394210769086,0.23206002993134142,Malware
-0.19709621888097087,-0.19793132571236996,Malware
-0.2235156416512256,1.1552245840053523,Malware
-0.2183172760559159,-0.25915256636183087,Malware
-0.19072614713134153,-0.2020838081030472,Malware
-0.2130614599764642,-0.0771527389565725,Malware
-0.21945092456427237,-0.25457558555424287,Malware
-0.18759643633419099,-0.25852444801227803,Malware
-0.21743527391274456,0.7119021581014428,Malware
-0.19759316581735342,0.11066411385905904,Malware
-0.2141751808833427,-0.24342051787730984,Malware
-0.1980304350350463,-0.15383215171482942,Malware
-0.21942709788303016,-0.23544938449075678,Malware
-0.21304327010014162,-0.5013817761980764,Malware
-0.21376480454240507,0.5143090895169776,Malware
-0.1986360011368239,0.023965042729557625,Malware
-0.20969097609765308,0.1728737101616115,Malware
1.5850774621054429,-0.16636328157499544,Malware
-0.21945914894820412,-0.11744821345136436,Malware
-0.2176892622012534,-0.23945530426680509,Malware
-0.22382521380181722,-0.2515510621449334,Malware
-0.2192469609398524,-0.26013053710306094,Malware
-0.20412624903668508,-0.27166781582114097,Malware
-0.23081140777158177,-0.24213568162547164,Malware
-0.21780941589281544,-0.2254452389930764,Malware
-0.2243865663739594,-0.312805190896683,Malware
-0.20449136342750585,-0.25397348578509893,Malware
-0.22328642377397898,-0.19084111954241625,Malware
-0.19663510717691296,-0.2073545035055127,Malware
-0.2274137420072887,-0.19479442193788446,Malware
-0.22642614601138805,-0.2160853218568822,Malware
-0.1062822799686265,4.146597760262546,Malware
-0.010979091288948969,-2.014224323646872,Malware
-0.011761993683929807,-1.919856341140531,Malware
0.011839985326443184,-2.1611624319957223,Malware
-0.22328233682530635,-0.2596198161302474,Malware
-0.21364452371562598,-0.38286456051300866,Malware
-0.470780570366223,26.9914273884679,Malware
-0.2211399156896815,-0.23246453366275813,Malware
-0.21745352736054538,-0.26679474320203805,Malware
-0.2207604733191252,0.020420715223520614,Malware
-0.21026082181250072,-0.10310745308919235,Malware
-0.19582819475424784,-0.23819869902261226,Malware
-0.20124507798048996,-0.2767111424402518,Malware
-0.20294040275713288,-0.1512234830873037,Malware
-0.20007457441977772,-0.23695779400458397,Malware
-0.22337878677087236,-0.29719166940103087,Malware
-0.21488470539076096,-0.24447524053760444,Malware
-0.2177592384132422,-0.24152803605028278,Malware
-0.1761358503101636,-0.3826605639671006,Malware
-0.212306974348431,-0.15837923028492906,Malware
-0.21846071873900968,-0.22514365677779402,Malware
-0.2225203463068386,-0.23388296606888548,Malware
-0.21874838830962035,-0.2817764559858368,Malware
-0.21738203980334594,-0.23372133400020292,Malware
-0.22570786049454258,-0.33607888213671955,Malware
-0.2061466348575682,-0.5641372658055509,Malware
-0.19428196579044252,-0.2299646718918632,Malware
-0.22076998483474006,-0.2634583625642417,Malware
-0.217367221802043,-0.2613692196501836,Malware
-0.2210336718570375,-0.2598123189076534,Malware
-0.22372542446559185,-0.24444032360174112,Malware
-0.20679780851558088,-0.07381791417414005,Malware
-0.21902086904416526,-0.23266020263922957,Malware
-0.19761578737938387,0.044462073477178156,Malware
-0.19724374471116438,-0.1859368699260404,Malware
-0.19016651339317045,0.02878929039711827,Malware
-0.21108173406532507,-0.2530057181394189,Malware
-0.2088401654466709,0.6517731322473149,Malware
-0.21699471570415763,-0.26024900473423074,Malware
-0.20822242796958368,-0.2135778832670493,Malware
-0.21636497489841675,-0.22013765328757673,Malware
-0.20401186611426575,-0.06798159995602987,Malware
29.77059434095528,-0.07116192326273953,Malware
29.77066657541117,0.8325962222399239,Malware
-0.21703696555134325,-0.2542513411298429,Malware
-0.21572747789923363,-0.2346194426512588,Malware
-0.2040925437694352,-0.04811108661454626,Malware
-0.1993561925210729,-0.19439403258826726,Malware
-0.21580252423423862,-0.2216325561552454,Malware
-0.19074746822686114,-0.13286561580332565,Malware
-0.21535537407204797,-0.21146463043597058,Malware
-0.2209502692547297,-0.07390407042769867,Malware
-0.21471951628925856,-0.2336948880310026,Malware
-0.21975438582028906,-0.16952214978355454,Malware
-0.2244711397770909,-0.20943266181071196,Malware
-0.2017888078607783,-0.23935262532014012,Malware
-0.21467252099206194,-0.2584470814516237,Malware
-0.2170366052102688,-0.25429988496270134,Malware
-0.21714426961827296,-0.24733501099872157,Malware
-0.21060571530111902,-0.2650669827685501,Malware
-0.1791100258243641,-0.3986252305362579,Malware
-0.2104926837444835,-0.21557343591563694,Malware
-0.19626344905736018,-0.21159797515976383,Malware
-0.21733715111140048,-0.23834161980129967,Malware
0.05552818431069293,1.2020044920685398,Malware
-0.200021750732435,-0.2011129295985737,Malware
-0.21495934533664568,-0.4612461787871313,Malware
-0.22754968018195076,-0.16988979012701094,Malware
-0.21426605382194508,0.44272127918713605,Malware
2.8419131159489845,-0.24139713512424105,Malware
-0.20342444795393386,0.29214445157948243,Malware
-0.21736655146270306,-0.23042052220958578,Malware
-0.19058115350319005,-0.23322498806964984,Malware
-0.22031875448269786,-0.2632910173214668,Malware
-0.21913905241195247,-0.24425861721287603,Malware
-0.20516707354800584,-0.2513078597331478,Malware
-0.20060269483658608,-0.08987392086663457,Malware
-0.201603918786212,-0.30368590408985047,Malware
-0.20039459371049226,0.18546682278866103,Malware
-0.22192663965963996,-0.26324572661433343,Malware
-0.20428256730596364,-0.18280808084502614,Malware
-0.2191362668613064,-0.19935710529604755,Malware
-0.21379494743627747,-0.2881408868290462,Malware
2.8586417202026,-0.15818136928456294,Malware
-0.21686848017155672,-0.24505699133667025,Malware
-0.22419921346501565,-0.24454933117348934,Malware
-0.2170681676080182,-0.24608752437383685,Malware
-0.2216139253266099,-0.28502248965224675,Malware
-0.2126815693203279,-0.47311648614328783,Malware
-0.22631146289324877,-0.25275401352066523,Malware
-0.20976965393863614,-0.2662181360692967,Malware
-0.22203057219627528,-0.30247865200383045,Malware
-0.19274467165126258,-0.02574189411114923,Malware
-0.22549868836555467,-0.23497124678637787,Malware
-0.23883078022554727,-0.24526368349322114,Malware
-0.25366171372787516,0.5498568687639045,Malware
-0.20335055296747892,-0.005109369673755067,Malware
-0.21430164164756804,-0.2565829639104836,Malware
-0.22895317424859182,-0.2546624675439798,Malware
-0.20742661471914986,0.7910049906979791,Malware
-0.21459543558041666,-0.20293083586347258,Malware
-0.22672233846178727,-0.2511094916103438,Malware
-0.22027672620581915,-0.28297081747640596,Malware
-0.2177398772737158,-0.2658999166230847,Malware
-0.19916585418165686,0.4262219570205544,Malware
-0.22918859984153273,-0.20492440692472477,Malware
-0.20802455791053023,-0.14613622177216487,Malware
-0.21750432397721411,-0.23942739416531592,Malware
-0.21945349910206,-0.18696189844001174,Malware
-0.21885279521845744,-0.2500973458129722,Malware
-0.22341382452954844,-0.2890615798079207,Malware
-0.2001007690352757,0.8832906260551955,Malware
-0.21700731437194967,-0.2832465890338097,Malware
-0.22403914513680626,-0.21678078414178809,Malware
-0.20892522235630068,-0.2842778582732133,Malware
-0.21859404190161544,-0.23092149101924048,Malware
-0.20403889532053224,-0.1431715955603657,Malware
-0.21332075208969906,-0.19021758355601648,Malware
-0.22090780769206014,-0.24141944941365714,Malware
-0.20448227430747817,-0.2667950277877439,Malware
-0.20033389806617438,-0.21268233429929173,Malware
-0.2173414752042941,-0.23775909380699875,Malware
-0.21645350108727873,-0.09843956078590811,Malware
-0.20980567131612926,-0.16451863800565944,Malware
-0.198356387663811,-0.30048003863333506,Malware
-0.20036810053237425,0.039358950303937074,Malware
-0.22670770823317926,0.8899432042940367,Malware
-0.2184218917930458,-0.24904216019359254,Malware
-0.22090888871528355,-0.24127381791508193,Malware
-0.19947848250453548,-0.15184826265322893,Malware
0.3161615837583127,-0.387888857958357,Malware
-0.22148606556809614,-0.24658962814533347,Malware
-0.21930864705117142,-0.2422159893003323,Malware
-0.21583209008465998,-0.17733752743270945,Malware
-0.21948472109956946,-0.2524568969762458,Malware
-0.2170526905526966,-0.2551994662175923,Malware
-0.22383265309563383,-0.2796755779794737,Malware
-0.21471798889438481,-0.2627815243883016,Malware
-0.2177638977625173,-0.27173170443134437,Malware
-0.22426996103717312,-0.22600739583037754,Malware
6.176665754462657,0.1529114393705175,Malware
-0.19976773480352,-0.26149844212531903,Malware
-0.20616926108442432,-0.1267925277520143,Malware
-0.21915366942028275,0.3268847838653631,Malware
-0.21753768808033586,-0.23097231441215946,Malware
-0.19787328028500112,-0.1657482581659943,Malware
-0.23468391812780812,1.5681573702154747,Malware
-0.22415889836809735,-0.26319628948993523,Malware
-0.19859473578230474,0.011467522977735595,Malware
-0.2241674431979144,0.0062043070244525295,Malware
-0.22929419993291647,-0.22983293788893594,Malware
-0.19279417512584748,-0.20256916483421755,Malware
-0.219131593507323,-0.2076124674194977,Malware
-0.2036391290601659,-0.12382467593700072,Malware
-0.21600487838235602,-0.45967132409510775,Malware
-0.22108622439581915,-0.2586803220044206,Malware
-0.21711576285502646,-0.13283173559268088,Malware
-0.21167794922649685,-0.26393881157703225,Malware
-0.20158911608808508,-0.13350481151796828,Malware
-0.2298108080604028,0.2452502921393134,Malware
-0.21628059707395186,-0.1993162986096514,Malware
-0.2166698630768744,-0.253693567203343,Malware
-0.22282536125548183,-0.29948613371004745,Malware
-0.22781363138386118,-0.2519458891985433,Malware
-0.21779401879596888,-0.2637135191739136,Malware
-0.2069724960632335,-0.03866850071507014,Malware
-0.2017376496250971,0.20002869681592622,Malware
-0.21228299470594983,-0.2445852249044284,Malware
-0.2175071769570781,-0.20668829459269988,Malware
-0.20930754711758728,0.29710151525056777,Malware
-0.21605858159959315,-0.2644990946884075,Malware
-0.22460788641890847,0.5428278117883725,Malware
-0.2167080558687132,-0.29177070767110624,Malware
-0.21536995374489176,-0.2563544616031851,Malware
-0.19948099918770873,-0.2670193482049604,Malware
-0.21429879353772577,-0.24016344633950157,Malware
-0.19038606278648232,-0.07624104864811562,Malware
-0.20273453004043998,0.10126672598114601,Malware
-0.2158181759599296,-0.29035157022329816,Malware
-0.19093483123344776,0.13138787400214008,Malware
-0.155207760381215,-0.2279029968370203,Malware
-0.15869874436721856,0.12450824817037512,Malware
39.144574800806204,0.5419317182518192,Malware
-0.12340857691975073,-0.02450765501190894,Malware
0.009112184478421841,-0.5366463131342261,Malware
-0.04999534671539068,-0.5981442289405672,Malware
-0.17367841782427793,-0.42242297012580415,Malware
-0.1850118496828851,-0.07450277785408435,Malware
-0.21662517636509607,2.4828944989782284,Malware
-0.24968532001604954,4.578242382950968,Malware
-0.20495791048048206,1.024093983279255,Malware
-0.20815207181126463,0.5899096143558508,Malware
-0.22216732324422403,1.6455807525435453,Malware
-0.16282733217083886,-0.015530552842627944,Malware
-0.1755384431098312,0.3199548907729807,Malware
-0.2122777005311317,0.6031874164042194,Malware
-0.2130015913779814,0.6931822747327211,Malware
-0.14537063220666857,0.377168263979458,Malware
-0.2301747475585306,2.33112168093138,Malware
-0.19066029115765604,0.19545028314123064,Malware
-0.15395586430437444,0.0526716918431199,Malware
-0.15612445842166534,-0.21082373992989242,Malware
-0.14406387745615032,0.022594669902241828,Malware
-0.2081184018343293,0.177788039456817,Malware
-0.2081468791404996,1.5581350606516344,Malware
-0.1454341142064763,0.22604498553852953,Malware
0.07623187501971182,-1.4381042086311733,Malware
-0.13632884210352092,0.20189088272760128,Malware
-0.2382419309913556,2.4077588356894073,Malware
-0.13425664796935993,-0.5054714122730127,Malware
0.08069373297820857,-1.8155479865846444,Malware
-0.02298129241117897,0.313973770393087,Malware
0.08188339265003598,-1.9407307188987337,Malware
-0.009924425028599892,-1.066800408400378,Malware
0.0860207755888192,0.08812811689596257,Malware
-0.14793706650598965,0.34834936969284075,Malware
-0.20795444516270709,0.12174553201915456,Malware
-0.18598856140246647,0.2681299924520509,Malware
0.07441690115837081,-1.4517950868781297,Malware
-0.14688923324989392,0.3551174805626632,Malware
-0.16955963628941895,-0.38255126826060726,Malware
-0.19546187336407506,1.3519890872072269,Malware
-0.18330847050424362,-0.1600970604764236,Malware
-0.16999364175966428,-0.12947303875469426,Malware
-0.15432542021472687,0.18329992063665726,Malware
-0.2166398969917732,0.1577277710983591,Malware
-0.21094637266355365,0.53167002814527,Malware
-0.153582663040033,0.39652717568798224,Malware
-0.20866784209139783,0.934261429299475,Malware
-0.12058742514918899,-0.30187540889399034,Malware
-0.13979690451549656,0.09152396224241477,Malware
-0.20929925253692258,0.19818575381777168,Malware
-0.19871129273141655,0.05972052525267784,Malware
-0.21020832238918438,0.6823550127890213,Malware
-0.1916462242595067,0.4172905105731634,Malware
-0.1950860376436518,0.17524110432847304,Malware
-0.20265587313604658,0.5338028614393008,Malware
-0.18516058434573288,0.15898446674715888,Malware
-0.1543004342021847,0.22281116626203348,Malware
0.0812170784761229,-1.7533309708023717,Malware
-0.14188847636730023,-0.08584914651665128,Malware
-0.1942573003805951,0.334981294594989,Malware
-0.12478720861902928,0.1436770458670661,Malware
-0.13273441141213252,0.13733674057520215,Malware
-0.18492007350820666,0.18321747195435864,Malware
0.08198078189543685,-1.8921780120984257,Malware
-0.21269263598396929,0.5988661052730079,Malware
-0.20580135483259765,0.1474317156597115,Malware
-0.1903260762311684,0.4761008628653277,Malware
-0.19234658276054015,-0.23851545396407542,Malware
-0.18907122892025746,0.5707159027422547,Malware
-0.15169356666216144,-0.029789470117565074,Malware
-0.19466953981943283,1.3677434167288176,Malware
-0.1841105386817715,-0.00923269562897722,Malware
-0.16287464372774876,0.09264213357394306,Malware
-0.1460046564231692,0.2405315595014121,Malware
-0.2079207558647342,0.526898153040598,Malware
-0.1433402317267807,0.2872914731918891,Malware
-0.2106417503731633,0.6979088414709327,Malware
-0.16548778548671775,-0.018036165582942455,Malware
-0.1457176707756168,0.23063118717494993,Malware
-0.19062991327110373,0.16102361085948752,Malware
-0.21233934594488982,0.5628121714536689,Malware
-0.20492963625992353,0.5545476191802237,Malware
-0.2191716404550367,0.15651773290686818,Malware
-0.21819329847476568,1.4294786381304754,Malware
-0.16730794028865828,-0.3074444992898679,Malware
-0.1835752656380044,3.3668531244852464,Malware
-0.12435396753078413,0.0589185311369699,Malware
-0.17866936556869015,-0.6111386485682903,Malware
-0.20321128454325424,0.44712028613552485,Malware
-0.19295011558333167,0.43510695623339257,Malware
-0.21020791985243814,0.617722373829408,Malware
-0.21972461570523238,0.1511007052820461,Malware
-0.21168881687787583,1.6073870022561312,Malware
-0.19018214052037713,0.4302718879703146,Malware
-0.13999368251031755,-0.25968263427999116,Malware
-0.1434847886463693,0.1688186097983104,Malware
-0.19216004611725182,0.3831686206917938,Malware
-0.14252878117720746,0.47746769013192325,Malware
-0.1381022516510458,-0.14987005963207295,Malware
-0.1488827935425648,1.2047234562007538,Malware
-0.14236192205116902,0.5624322693499498,Malware
-0.18815631607370362,0.03241971122214784,Malware
-0.18815903163712544,0.2513827613929204,Malware
-0.21702879955246393,2.091679462739474,Malware
0.07445095331388503,-1.254663180127554,Malware
-0.20531738512631423,0.04590672351695541,Malware
-0.20642047429571767,0.4872892001357448,Malware
-0.1788655813201988,-0.14048632974781472,Malware
-0.1269905931526404,0.01202182084985352,Malware
-0.1408195802842239,0.13553515567551694,Malware
0.0789449905946019,-1.7875803357293998,Malware
-0.1896375291350436,0.20777405712250832,Malware
-0.1398327963746705,-0.10990523939923447,Malware
-0.19722172903584448,0.14729338528058042,Malware
-0.20626260436762703,0.1946316888310331,Malware
-0.17578260252912203,0.371660639717233,Malware
-0.1753635109698825,-0.15846949718886985,Malware
-0.2102081069811586,0.7104306670465995,Malware
-0.1824156377745789,-0.20258413884036017,Malware
0.0920827114765149,-1.8857046426756117,Malware
-0.2051792478770586,1.6276321212202671,Malware
-0.21114237293558202,0.5046759285903916,Malware
0.08668458349526281,-1.8190316340692234,Malware
0.11742040658651043,-2.134362506452444,Malware
-0.23267104997710555,1.8774108072014484,Malware
0.07548357374387338,-1.781526528103776,Malware
-0.1400760506668298,0.09847026009434874,Malware
-0.1419399444616543,-0.22154656203782325,Malware
-0.13982564288217372,-0.17126839971306285,Malware
-0.1566201563304564,-0.5105089004287907,Malware
-0.18250494771913284,-0.07252004419895294,Malware
-0.10430341477917733,0.7601955235460218,Malware
-0.1785769204094208,0.14419808091323258,Malware
-0.20260167155214892,0.28162929766451944,Malware
-0.1876828456217619,-0.2444131915325596,Malware
-0.1626315471979237,0.16563008553926223,Malware
-0.12891504920483443,-0.08336794964794152,Malware
-0.15913029170074597,1.0627173232523,Malware
-0.14288568376204483,0.05443561178360996,Malware
-0.14419217977650092,0.10238322406351931,Malware
-0.19803555918473553,1.4745227612564555,Malware
-0.18726831596862495,-0.08466776891338221,Malware
-0.23648167078272325,2.185263941327458,Malware
-0.20520880791636933,0.7339571559669997,Malware
-0.21100736608482837,0.2549932869932951,Malware
-0.14963118385973795,0.39395538867497215,Malware
-0.12346849183204851,-0.24233997943926786,Malware
-0.13680072858918388,-0.44674737940643,Malware
-0.20848415263062348,0.423559521794563,Malware
-0.14119652854777043,0.15431162461542103,Malware
-0.19075256832641357,0.22876022020326026,Malware
-0.1438180802862818,0.14671707833376818,Malware
-0.21237484956037103,0.5539805085793658,Malware
-0.16565157735153463,-0.22601345318279276,Malware
-0.16354334369358914,-0.10294220444656985,Malware
-0.20351865281171413,0.3045760238332599,Malware
-0.1905351530494755,0.34472254574836014,Malware
-0.15872737033544043,0.07140071356843927,Malware
-0.1376380555137135,-0.10349943893582315,Malware
-0.1620697014709305,0.193805397034863,Malware
-0.21261737991182553,0.588892055880979,Malware
-0.180583905848713,2.0458488251674862,Malware
-0.14636358154079793,0.3948941918462074,Malware
-0.21345337323037092,0.5652737967491441,Malware
-0.17492283298166506,0.4259391370955367,Malware
-0.19202274015256743,0.33547107474115495,Malware
-0.20661512146619607,0.6772185134181011,Malware
-0.17314505662771182,0.29682559319211105,Malware
-0.13125336176995955,0.23780742161931187,Malware
-0.13870625860663577,-0.2565345294790243,Malware
0.08410638379662408,-1.7060391222201436,Malware
-0.01677030683281792,-0.9475648331007366,Malware
0.07370180218396646,-1.362294145666933,Malware
-0.20640257213300375,0.6806505418295355,Malware
-0.008370049640981495,-1.8442494296305794,Malware
-0.2728977199388692,5.882777328022014,Malware
-0.17473345806796314,0.4245196033828546,Malware
-0.2007603900649902,0.6097919346758114,Malware
-0.14400170816207045,0.21895042120207422,Malware
-0.14337277893507122,0.18612811917673813,Malware
-0.17696272207641156,-0.007321660103452941,Malware
-0.14946116580985783,0.3698978136863731,Malware
-0.1974552765329027,0.6090351243025685,Malware
-0.21924807481996894,1.8743715725758272,Malware
-0.20013291998935856,0.8276971013317528,Malware
-0.19181663130979204,0.26918924811842043,Malware
-0.2105355890417528,0.5293784996065628,Malware
-0.16337797371126625,0.05644647339794222,Malware
-0.1402638019630098,0.3943735799456861,Malware
-0.17153099412978595,0.2749603338201355,Malware
-0.17140070711930833,0.3303043676030605,Malware
-0.19028603131161434,0.1207615157575945,Malware
-0.2087772726612421,0.42847750451198424,Malware
-0.13916860101441428,-0.2962614948942383,Malware
-0.14195003440688023,0.3754333696311922,Malware
-0.19926460752500466,0.13157188429389494,Malware
-0.1907367801554965,0.3995347299266145,Malware
-0.17670217345819153,0.34877792462165924,Malware
-0.19431926766731275,0.2927236902212459,Malware
-0.21552277587007315,1.936252295607198,Malware
-0.14703426536049363,0.10989835316869505,Malware
-0.13391434870841123,0.15468116151100467,Malware
-0.20528267626644353,0.8613443984660014,Malware
-0.19196562367388303,0.4469346397169017,Malware
-0.1785751088477064,-0.0362069007904987,Malware
-0.17470032674430494,-0.06732236844240928,Malware
0.08021473074884818,-1.6174170049461676,Malware
-0.17803319886605315,0.12280230401383158,Malware
-0.14193901358665106,0.16958928045619523,Malware
-0.20772216501567456,0.4135228904423583,Malware
-0.21522361710592658,0.6093860830655209,Malware
-0.1484210046538172,0.36106552535235076,Malware
-0.19424405034792228,0.44322660427800875,Malware
-0.1498400940433757,0.2873115793748975,Malware
-0.18557236177456296,-0.4905578276816596,Malware
0.07607397817697306,-1.7725808928685152,Malware
-0.12365061159960307,-0.05440067433117886,Malware
-0.13574805329622475,0.2186500159894332,Malware
-0.14996333211941437,0.02319752228351054,Malware
-0.19258125433260243,1.3442736550957934,Malware
-0.20459840149095743,0.4954758950250688,Malware
-0.1247205069547628,-0.10724905170600252,Malware
-0.14227245495770285,0.10300524207004737,Malware
-0.16876379088492532,0.2200604708448543,Malware
-0.18053013216709793,0.12142207723351228,Malware
-0.1405416571675027,-0.33808140754023297,Malware
-0.20677634676450088,0.6785106788372774,Malware
-0.24690388742329417,-0.22545930773219353,Malware
-0.2547272087945526,0.09360248549809556,Malware
-0.253957208971165,-0.0813068185583824,Malware
-0.24757173681884093,-0.24105349508807267,Malware
-0.1969824505375569,-0.08268299393729926,Malware
-0.1988960380823792,1.196202259051857,Malware
-0.19701570002175745,-0.05631226172709198,Malware
-0.24828935182347017,-0.2560759733670807,Malware
-0.2508444183062865,0.09478218940795398,Malware
-0.24711128590689796,-0.2798709314983288,Malware
-0.25264905661380765,-0.29521718882385833,Malware
-0.25048266468136554,-0.30739969380273646,Malware
-0.21510511084170789,-0.1285919795266942,Malware
-0.2547783084663431,-0.22218415202167488,Malware
-0.21085786802719483,0.3457190456827454,Malware
-0.25513652768693695,-0.1477179337384672,Malware
-0.24582601003277413,-0.31960466603888316,Malware
-0.2526143092083408,-0.0421605295611231,Malware
-0.25029264410904556,-0.22332333763837225,Malware
-0.20625616898573612,0.13074595839265077,Malware
-0.25558667071153396,-0.1512756429525012,Malware
-0.24700623119638265,-0.2568269330080607,Malware
-0.24926969988867587,-0.22538056931217632,Malware
-0.25274306642415,-0.30140966001519814,Malware
-0.2459979396107069,-0.2995841097785607,Malware
-0.25287572992305146,-0.09279411125784214,Malware
-0.24916724679756974,-0.16157329476878718,Malware
-0.2497065487763631,-0.24645358501607886,Malware
-0.2506623610917553,-0.22705265850943868,Malware
-0.2660925403058707,0.3299736412304115,Malware
-0.2537242303360307,-0.23111362918432013,Malware
-0.24929377239543682,-0.23638684433411786,Malware
-0.25258125632131273,-0.27722267950835483,Malware
-0.2560595065672682,-0.03277273657261052,Malware
-0.2547111902653255,-0.22517132415490804,Malware
-0.20579300089798264,0.5179560248202659,Malware
-0.24765623925930857,-0.27657953028585786,Malware
-0.21684120634482176,-0.07494997960277221,Malware
-0.2519491986593862,-0.30004183435396303,Malware
-0.24831223943269798,0.163007051153602,Malware
-0.25086606376807874,-0.2770978417753784,Malware
-0.2535066292744106,-0.29256081741200035,Malware
-0.24798002659813373,-0.24154110060385334,Malware
-0.25485571985604144,-0.09186130785831334,Malware
-0.24711153246250395,-0.13472319944324282,Malware
-0.24944315203328465,-0.262094646111731,Malware
-0.2502533539173948,-0.16650959981251243,Malware
-0.2495618195622012,-0.22930858580790264,Malware
-0.2530000977494072,-0.2983920406043222,Malware
-0.25519819694591855,-0.10725413441854308,Malware
-0.24145871580267092,-0.2675624596006409,Malware
-0.25338724765533127,-0.279569880737157,Malware
-0.2481050705936283,-0.053019447302198645,Malware
-0.25381395579422295,-0.15404580534202142,Malware
-0.15904895547296893,13.731112216735582,Malware
-0.252118300472791,-0.31613115333321,Malware
-0.25326148431211754,-0.11830633053112485,Malware
-0.25187706864017567,-0.2780385845751201,Malware
-0.23968347464007775,-0.24189039394637626,Malware
-0.25276552964551374,-0.22767156314992143,Malware
-0.20529693689571507,0.5333084553818573,Malware
-0.24873950916453408,-0.21636368142885404,Malware
-0.2516491836355488,-0.31541701742176786,Malware
-0.24596079790269668,-0.23022411584319152,Malware
-0.2651012216436555,1.653522423870073,Malware
-0.24707347964834397,-0.31799022917273784,Malware
-0.2553332928452715,0.002634769725157489,Malware
-0.24963567825439248,-0.24837684839252835,Malware
-0.22009937544869412,0.22310293286238422,Malware
-0.8967760517724813,92.76370793381278,Malware
-0.190194338264602,-0.6350644538089202,Malware
-0.24453706127318195,1.6742784185119797,Malware
-0.22831676939955725,-0.6099953240191051,Malware
-0.22371462684253035,-0.5726368231451449,Malware
-0.22811376789815468,-0.6421416602838982,Malware
-0.22767513406305975,-0.5925888821893003,Malware
-0.22634023537752462,-0.6842353635469064,Malware
-0.210577831960249,0.128649670856216,Malware
-0.24075872475595764,-0.3192051788346307,Malware
-0.2506351552157699,-0.11825916970982393,Malware
-0.2499122539180802,-0.11833022018285212,Malware
-0.25007016155263734,-0.2042233423491844,Malware
-0.2423121190826174,-0.06620755824832537,Malware
-0.21019471835431142,0.022685935796016892,Malware
-0.24155487956254684,-0.2657569952116892,Malware
-0.24159291706619057,-0.2502724743972017,Malware
-0.200680409033675,0.14830611833182558,Malware
-0.2475402047972926,-0.2520722207391341,Malware
-0.24754684783339936,-0.2821210491078479,Malware
-0.21899168544053715,-0.10374860848489555,Malware
-0.2531912283749054,-0.2046785872253276,Malware
-0.20963687825116917,0.4321350870464044,Malware
-0.23603078724849128,0.15055169879374689,Malware
-0.25136962054108725,0.12334197146929685,Malware
-0.2176632809400876,0.3591766962331442,Malware
-0.24799652249163257,4.490616086623297,Malware
-0.25396487050275407,-0.1695230661714517,Malware
-0.2412697282138029,0.13672396681046628,Malware
-0.25499535231757536,-0.16892567369553568,Malware
-0.25298235358336013,0.5019448013983376,Malware
-0.25312595801141025,-0.26760328211319784,Malware
-0.253898274432723,-0.2093468935721333,Malware
-0.2496484381137289,-0.19699933393693933,Malware
-0.25445000941814316,-0.29553031195995394,Malware
-0.25324200823411386,-0.22700236833879514,Malware
-0.2481700754754933,-0.13229155658675096,Malware
-0.25400882066500147,-0.2149967914158458,Malware
-0.2524452504393447,-0.25824505600283515,Malware
-0.2542065551919791,-0.0900502862516693,Malware
-0.25263754892084045,-0.07302185978156489,Malware
-0.254337878606022,-0.05588762888129706,Malware
-0.253391450565126,-0.28847556020153986,Malware
-0.2532737905287502,-0.3065772969989182,Malware
-0.2530630341503596,-0.023703408706867272,Malware
-0.25344898763783147,-0.010296363911104606,Malware
-0.19724312564636218,-0.10614247457488027,Malware
-0.25199508495734735,-0.24934180624327748,Malware
-0.2523516734770489,-0.2953067935122596,Malware
-0.2522125886887299,-0.2711199749030356,Malware
-0.2529080799194035,-0.2473764185322822,Malware
-0.23111900155525256,0.208652002341291,Malware
-0.24299658638496183,-0.31895866384379806,Malware
-0.25271392726017006,-0.28052530938925924,Malware
-0.239470876627487,-0.022919161808659473,Malware
-0.2511482067726633,-0.11091269877161175,Malware
-0.24918684084734094,-0.10699573998442324,Malware
-0.2458422965922454,-0.28632216444061287,Malware
-0.24582941266967037,-0.31112767302994027,Malware
-0.2161918006655355,-0.0667927230135793,Malware
-0.25421808017246933,-0.2838388531984931,Malware
-0.2436232558313927,-0.23713698093668112,Malware
-0.2196671570580771,-0.5264217765803084,Malware
-0.21426162050199862,-0.3617480140297851,Malware
-0.25130786651037323,-0.11341515397966366,Malware
-0.19935301952124587,0.22893162104297085,Malware
-0.25276358026369905,-0.22647954229614312,Malware
-0.2507686535915683,-0.229308583644402,Malware
-0.25362294142860975,-0.1398682539515931,Malware
-0.24703538106828016,-0.19967493046649662,Malware
-0.21866519608493018,-0.12705625702369697,Malware
-0.25416129752960814,-0.13093913756038955,Malware
-0.2545111880370678,-0.27187254792214494,Malware
-0.253943003331191,-0.10649584279009351,Malware
-0.23730713134460682,-0.3144723861764183,Malware
-0.2547590294221916,-0.08047165413686956,Malware
-0.24224402322204605,-0.08597355151621366,Malware
-0.25421212541330823,-0.2684561616339877,Malware
-0.2581867348043775,0.20878814737851056,Malware
-0.24983770736426913,-0.2544431298100302,Malware
-0.2529350193109542,-0.2684466709181907,Malware
-0.250338511244285,-0.2628499100299179,Malware
-0.25445528165508985,-0.11691118989692502,Malware
-0.2533911153609622,-0.2804968799199611,Malware
-0.2549685181864413,-0.13268973502155804,Malware
-0.2541650070301422,-0.2634290054946351,Malware
-0.2463435189893203,-0.23425428247555002,Malware
-0.25328473759415876,-0.2638864158441757,Malware
-0.2334714715165997,0.1357445320135799,Malware
-0.24673589980147564,-0.2526005934339289,Malware
-0.24883879060569403,0.6177953203870152,Malware
-0.2539397283804237,-0.15450747903919332,Malware
-0.2536678303134604,-0.09826184745782648,Malware
-0.25391478148441265,-0.10753346327112795,Malware
-0.21652352787740492,-0.5327730191797749,Malware
-0.2018077429971408,0.23793596984075382,Malware
-0.2537474766565132,-0.20459889790952523,Malware
-0.2546030680758108,-0.2595202060648402,Malware
-0.2536063001024136,-0.26998375479808184,Malware
-0.24391595673538471,-0.29717572892637967,Malware
-0.2538132696391189,-0.1810904856536426,Malware
-0.2535876830566361,-0.17239818970148357,Malware
-0.2352321104636731,-0.4660457077919263,Malware
-0.2418048543271988,0.2959441135761882,Malware
-0.24596651688813295,-0.2335270258890146,Malware
-0.2570836851853239,0.1596805532345653,Malware
-0.25483718594364124,-0.04161641546299186,Malware
-0.2529352371188045,-0.29412180480968275,Malware
-0.25407164243756925,-0.09528813713036026,Malware
-0.25058287441855565,-0.03620273668523724,Malware
-0.215714499490467,-0.16024574663117194,Malware
-0.25491943604977446,-0.04841364238914824,Malware
-0.24815323008223955,-0.1903670355008729,Malware
-0.25201122460154446,-0.2897024940854536,Malware
-0.238411970787713,0.2532565295218077,Malware
-0.2544578057024264,-0.057412873326835444,Malware
-0.25374099908026876,-0.13160845421495732,Malware
-0.2524126923001097,-0.3305794607902394,Malware
-0.2468277517696708,-0.2676239149768174,Malware
-0.19756010274417213,-0.1253965198009495,Malware
-0.25283320199873727,2.2982151160692847,Malware
-0.24970585499182502,-0.2806191774714001,Malware
-0.24332403658157473,-0.3764794103735216,Malware
-0.2218598456355946,0.526581944498309,Malware
-0.21409220247720573,-0.49796885728429163,Malware
-0.21471018206968115,-0.5879018843117693,Malware
-0.25023543360819783,-0.045747707747220014,Malware
-0.24917361949971512,-0.28079355470162004,Malware
-0.21462718728697489,-0.13508202721258142,Malware
-0.19944023549660725,0.25414095633446177,Malware
-0.21426275209536544,-0.25324167903081285,Malware
-0.2526178109301754,-0.2948145470448191,Malware
-0.25016426746954673,-0.17650520007000725,Malware
-0.25575135416664896,-0.10953752993876338,Malware
-0.2516269493996679,-0.29920467773436665,Malware
-0.24520872493141774,-0.26310734232306315,Malware
-0.2139277297320139,-0.0705182197737982,Malware
-0.25026261728326044,-0.2308615883171642,Malware
-0.2507253908265642,-0.12863790546450166,Malware
-0.24905981713677178,-0.19360867109396818,Malware
-0.25266701149334014,-0.1088387689259467,Malware
-0.2541396203524373,-0.13262819196671277,Malware
-0.20173209101603606,0.07107650148554295,Malware
-0.2533279380398033,-0.24747256253048355,Malware
-0.20485800950072208,-0.10760206344105959,Malware
-0.2496233259697403,-0.2643089772827562,Malware
-0.24793950264958792,-0.2661786643035336,Malware
-0.24916440164851045,-0.2545474366263698,Malware
-0.2616063215560005,0.7166161432159563,Malware
-0.2540029111270503,-0.13576663602314354,Malware
-0.2746299134355825,11.081168013040982,Malware
-0.24766395951924913,-0.2266177546002274,Malware
-0.21535097047104415,0.043252103257250075,Malware
-0.24573110245352944,-0.141770852250693,Malware
-0.2497962235288792,-0.23733889062702812,Malware
-0.24588312912971158,-0.12030086774086186,Malware
-0.2525027678378053,-0.32658419420861506,Malware
-0.25255744945341835,-0.1508819712984795,Malware
-0.22290364821214725,4.21354574453097,Malware
-0.24736996282651402,-0.20428880055581883,Malware
-0.24975402987511092,-0.12462632289834837,Malware
-0.24989604226652756,-0.0361974533158642,Malware
-0.24941727359138216,-0.026789581447387526,Malware
-0.2521883725090965,-0.18794428158182122,Malware
-0.24878265917900788,-0.30648644228004956,Malware
-0.24716786581546307,-0.3488300831520232,Malware
-0.2479431987671411,-0.2601486738126995,Malware
-0.25615886842124586,0.1186627874419114,Malware
-0.2548682559066632,-0.18816076510051635,Malware
-0.2553635951633036,-0.14276366174283842,Malware
-0.19365237363146656,0.10741099065667145,Malware
-0.25542034552611426,0.08562209225129762,Malware
-0.2528522316026616,-0.08773812514982297,Malware
-0.2534326572371134,-0.21491620553114274,Malware
-0.20735250947471473,0.5175866142719041,Malware
-0.24660392562565742,-0.28821893306319274,Malware
-0.24168690015206334,-0.3140125391805166,Malware
-0.2547283160612121,0.25558262731643316,Malware
-0.25143830204665696,-0.2887283147402505,Malware
-0.262906810185076,-0.31719770218857657,Malware
-0.25109270098246333,-0.30824365068838666,Malware
-0.2488594912910161,-0.2157046027085175,Malware
-0.2521917109203735,-0.27187525329905865,Malware
-0.2548726862208439,-0.02610222807011985,Malware
-0.24575670686959697,-0.2302962715205043,Malware
-0.31252508179363836,8.967386020221788,Malware
-0.25306165932175145,0.4101201406063544,Malware
-0.2502017252938996,-0.30324192144925616,Malware
-0.2457501099241153,-0.25610252751952256,Malware
-0.24486669294158567,-0.29383164840155745,Malware
-0.25300147481995505,-0.050882825612304894,Malware
-0.24352583738133501,-0.20968442732482934,Malware
-0.24444072103819564,-0.18497465878789895,Malware
-0.2536278653938063,0.7988420075402954,Malware
-0.24533730786900929,-0.35475884293856125,Malware
-0.24818780328953977,-0.26498391794578446,Malware
-0.19532948661913865,-0.058242585431350344,Malware
-0.252477180355001,-0.2501184350210491,Malware
-0.25321772857124625,-0.15115595858864916,Malware
-0.24521324777275919,-0.19237988767089445,Malware
-0.2450370356168334,-0.3325556817125306,Malware
-0.240975944138274,-0.3993350215028996,Malware
-0.23291206996240033,-0.4177587390692346,Malware
-0.23153402067648687,-0.3164901984587878,Malware
-0.23927340549798376,-0.3024773065663338,Malware
-0.25372983937833266,-0.023022141945732235,Malware
-0.2523722055945434,-0.16462695690771814,Malware
-0.2529240708445609,-0.2933493491094835,Malware
-0.2455200913312068,-0.33321000562026554,Malware
-0.194858924555291,-0.029661973015773332,Malware
-0.2525209611133368,-0.07429158117825203,Malware
-0.29766469208782714,4.56978176877145,Malware
-0.2516197241336547,-0.29662430392391864,Malware
-0.255756703020001,-0.2991718874168628,Malware
-0.2598878986137907,-0.22813898009640118,Malware
-0.2161889150159789,-0.146569367097856,Malware
-0.2541160059050816,-0.3073687593374697,Malware
-0.254615367432242,-0.17552368160305123,Malware
-0.2542091978684645,-0.2826885031412721,Malware
-0.24754854818142097,-0.30988718377304436,Malware
-0.21892425408063196,1.4367912003745702,Malware
-0.22911201001655399,-0.03182264354296673,Malware
-0.2543809131292494,-0.13826714334606902,Malware
-0.25388878195529496,-0.26888738056355016,Malware
-0.255275893056465,-0.0987357942825171,Malware
-0.34536184623921445,2.7728504911827705,Malware
-0.21446251177503853,-0.04247066121581467,Malware
-0.25343516318210796,-0.27222868716509896,Malware
-0.25292884991756825,-0.14512464145722867,Malware
-0.2336361881308181,-0.03260282358835967,Malware
-0.25317598779152334,-0.2963694672518123,Malware
-0.2516468236696429,-0.2615668627380578,Malware
-0.25064246113106586,0.818814704297393,Malware
-0.21777277556820443,1.4000351006211385,Malware
-0.25472093559300574,0.8495353569234905,Malware
-0.2543264512383139,-0.16189802861806407,Malware
-0.24753507692746002,-0.17711064954044195,Malware
-0.2548665206731759,0.8430381464764731,Malware
-0.2525684639229208,-0.26769247734480944,Malware
-0.2580970212295858,3.362234595783404,Malware
-0.2532303232716467,-0.10300346350494596,Malware
-0.2521502081309527,-0.08908300766216509,Malware
-0.24664080817936812,-0.2654534329045251,Malware
-0.1986555424017174,-0.20946119525156642,Malware
-0.24872465022653018,-0.30053170670742885,Malware
-0.2506893225985918,-0.23764242840111766,Malware
-0.24998352768495669,-0.01959650210379646,Malware
-0.2409665214074293,-0.21215412707152015,Malware
-0.32785753788614513,10.157971787934557,Malware
-0.2499337433285877,-0.2959897383967796,Malware
-0.24692724275571426,0.4651068906673996,Malware
-0.2518498005739899,-0.04354394082914439,Malware
-0.24953246596848289,-0.1827697457331793,Malware
-0.25068243949634694,-0.005193150194103695,Malware
-0.24935193912418024,-0.28804745291515116,Malware
-0.23827775007938037,-0.30065551020274517,Malware
-0.2519169122001794,-0.1598182739160636,Malware
-0.23121589270182827,-0.1309615084617462,Malware
-0.2359491388958581,-0.3120601576991062,Malware
-0.2503506962798782,-0.3319981569954766,Malware
-0.2522747787146308,-0.04562009814695345,Malware
-0.2505236023381493,-0.15597251252327934,Malware
-0.25165462373309944,-0.1644928700204743,Malware
-0.2407314878536667,-0.2876680372942567,Malware
-0.2416175453488465,-0.22624318942160498,Malware
-0.2519459526956669,-0.17248952656772068,Malware
-0.2096287242784599,0.060147354681959565,Malware
-0.2525534426378092,0.00323138508526828,Malware
-0.244503561699181,-0.21458667086507519,Malware
-0.2431491960708567,-0.15181149222024223,Malware
-0.2475638027292113,-0.11438592616315527,Malware
-0.21600159700739913,1.4681468521871417,Malware
-0.248976654693076,-0.1986665465832449,Malware
-0.2547607554118945,-0.14459130234476428,Malware
-0.24694703692719505,-0.2138226406163985,Malware
-0.2153661042015808,-0.14093400075349521,Malware
-0.2455650609481511,-0.3129508363914961,Malware
-0.2550395198316863,-0.20896111957951052,Malware
-0.25461323029237953,-0.2053858276883777,Malware
-0.2588981396990255,0.8152103064082958,Malware
-0.24849813388864705,-0.2869340729649706,Malware
-0.2527763610889098,-0.22516135213859448,Malware
-0.25326232995271364,-0.31291596269257166,Malware
-0.25273659255727676,-0.24637793754224438,Malware
-0.25404925573056614,-0.2793699507887329,Malware
-0.249378781320432,-0.260457786968504,Malware
-0.25510304046102916,-0.0036176901849497324,Malware
-0.2655763468256701,1.3930482258237782,Malware
-0.25367572741698025,-0.2854582357817268,Malware
-0.2547588735379833,0.2834279350998733,Malware
-0.2533669287542074,-0.25601300530616583,Malware
-0.2164204809266691,-0.12485997883652004,Malware
-0.23406872832665196,-0.04330360430443403,Malware
-0.25412266752082646,-0.30746294611039354,Malware
-0.2541836653760385,-0.290940879652222,Malware
-0.2543165932434326,-0.2775701634294074,Malware
-0.25326273246850733,0.09152003792609807,Malware
-0.2518902208857117,0.634268139337222,Malware
-0.1862472011096706,0.029188568211555965,Malware
-0.25407809024252276,-0.15941668131635406,Malware
-0.2561337466831567,0.049402703264841974,Malware
-0.2523245626700589,-0.1124754440527619,Malware
-0.2553447821147879,-0.17859681186094206,Malware
-0.24779310201201488,-0.34825145260916945,Malware
-0.25463932117999866,-0.22606868666700095,Malware
-0.2561818690476603,-0.0023865200175019656,Malware
-0.2434119643631926,1.8424791656636659,Malware
-0.24985239073526472,-0.19011145859901965,Malware
-0.2554451663703639,-0.2833320554347108,Malware
-0.25466649792193885,-0.15428592268669086,Malware
-0.24747357209203075,1.2489547273360069,Malware
-0.24829132025887724,-0.2317859714256987,Malware
-0.20751248322429877,0.21289502060876775,Malware
-0.23153571333249107,0.2794085615145948,Malware
-0.24845578431317678,-0.33623753142508495,Malware
-0.2538530044300247,-0.11034535709467999,Malware
-0.27256109770345965,1.54878700494698,Malware
-0.244275124921886,0.08154120813242205,Malware
-0.254108010252112,-0.2846410548524941,Malware
-0.249493429887228,-0.24660116126828163,Malware
-0.24573843349650984,-0.2573613304366147,Malware
-0.2553092493029363,-0.1484500644291761,Malware
-0.24027897554987612,-0.19526699393899466,Malware
-0.24992438093242925,-0.22475623365201733,Malware
-0.25355427930636093,-0.1212795148034477,Malware
-0.24884296492013458,-0.2959120896100957,Malware
-0.19750776012092852,-0.0934278133144252,Malware
-0.24889698946624822,-0.2872154559904402,Malware
-0.24508867198286136,-0.22374535212288602,Malware
-0.2503150176708925,-0.24391049366193432,Malware
-0.2523865934038662,-0.2744120640507569,Malware
-0.2538446366138301,-0.16549289658298072,Malware
-0.25233674554598035,-0.28414984213229055,Malware
-0.25059909835991545,-0.141734567052484,Malware
-0.23606669354613083,1.1684075760400314,Malware
-0.25426935340290774,-0.25051499089751444,Malware
-0.25489090011543386,-0.08320691754492436,Malware
-0.24574811017954526,-0.2697422583701721,Malware
-0.25317332266223086,-0.18921923663011625,Malware
-0.24734630597890167,-0.2828261798068745,Malware
-0.21056871349981846,0.15747559315260773,Malware
-0.25684317079668,0.9230120933022635,Malware
-0.24361071981777835,-0.10070512615914758,Malware
-0.2507750983621178,-0.20921414553636128,Malware
-0.23504117463487909,-0.06782407987944182,Malware
-0.2533170433097845,-0.2633905327331109,Malware
-0.24520155544852748,-0.048191453850466616,Malware
-0.25398782904331735,-0.19740435466012132,Malware
-0.25079408776636203,4.76673855947916,Malware
-0.287717961414453,-0.2080718591554281,Malware
-0.24413239214368868,-0.24450378877663054,Malware
-0.24201496848478926,-0.32570838081476217,Malware
-0.24890242174911353,-0.3114311338166764,Malware
-0.24981907412761523,-0.13150005852752183,Malware
-0.20782368872410864,0.7448324756472572,Malware
-0.2546501514985249,-0.2525203234445697,Malware
-0.24610900235442265,-0.2956895776825057,Malware
-0.2550887621533036,-0.14101092911640467,Malware
-0.2538797662657756,-0.27692803417196665,Malware
-0.25429551209968965,-0.2426421796256019,Malware
-0.24678530199037402,-0.23877866578762,Malware
-0.2550715856491134,-0.1409421703206191,Malware
-0.2510404478983778,-0.18591345528406777,Malware
-0.2491594031296513,-0.17709505547297658,Malware
-0.253495586957641,-0.02536696719413339,Malware
-0.20697074162160728,0.12768512958094594,Malware
-0.24988411870037064,-0.1799976066565473,Malware
-0.2348382819567972,0.20676808397323268,Malware
-0.25041274493025856,-0.06261729927017043,Malware
-0.24835894389744045,-0.1868414291072344,Malware
-0.2505331205403613,0.30498592215252524,Malware
-0.25023193104294605,4.729408092295438,Malware
-0.25243706310399844,-0.28426885412172204,Malware
-0.24947674960821153,-0.21392806541390316,Malware
-0.250604717177498,0.06270091624942156,Malware
-0.21983215263172282,-0.1838555345073499,Malware
-0.2748606081696855,0.04556995446570965,Malware
-0.24848965373823295,-0.21076252136219292,Malware
-0.24348813390316135,-0.3125252893172255,Malware
-0.2488497379096748,-0.20716032628442127,Malware
-0.2488671607864586,-0.35312547559869156,Malware
-0.2533513904813174,-0.2976401262519842,Malware
-0.257708862885454,-0.22403770376736412,Malware
-0.24723801146301516,-0.28241162909529477,Malware
-0.24121743943758445,-0.08853208436722868,Malware
-0.25389485341212076,-0.15357954293609682,Malware
-0.24879562907170544,-0.04602962353491182,Malware
-0.22289180132465716,4.829991502481614,Malware
-0.24762537609540286,-0.28827402499812027,Malware
-0.2515619987892824,-0.35230239387894946,Malware
-0.23803807444108324,-0.35392599495239496,Malware
-0.2555698335151765,0.08848597284822861,Malware
-0.25385559545730346,-0.2653799531039076,Malware
-0.24884906655955852,-0.271000559265095,Malware
-0.25058033338547864,-0.21297651167396428,Malware
-0.2538144017681018,-0.2603004208302885,Malware
-0.2521998624402223,-0.06053947913293918,Malware
-0.19417159369881637,-0.01932292019500432,Malware
-0.2648145539219835,1.5009130499586743,Malware
-0.2534643325861816,-0.0218643696154698,Malware
-0.24795830764157017,-0.2856074521537552,Malware
-0.25265195755886444,-0.27435117421050886,Malware
-0.25292784358986664,-0.299416919418415,Malware
-0.2483442204816227,-0.18633577084867717,Malware
-0.25232434409198923,-0.3320795395934959,Malware
-0.25158344765129403,-0.31571139105314244,Malware
-0.2553071847994037,-0.23417353220714204,Malware
-0.25554535100682774,-0.15950040798354775,Malware
-0.2573416714131308,-0.06620646754117136,Malware
-0.26045721961692336,0.31058331379044424,Malware
-0.2570207108415695,2.0592010853328486,Malware
-0.2605177264059957,0.49935039653067836,Malware
-0.2553872419218059,-0.1595403862403198,Malware
-0.2541417309222039,-0.20095521337118846,Malware
-0.2553591019600865,-0.08244597346593631,Malware
-0.25696462474022896,0.06156512647433744,Malware
-0.25535433648855005,-0.0462580918124072,Malware
-0.2633678965779581,0.5125090988478974,Malware
-0.25942383369694305,0.5476266204053043,Malware
-0.26870163897741706,2.8238723799634236,Malware
-0.2401400355725516,1.5528559162885833,Malware
-0.21951420020394288,-0.05125277105979044,Malware
-0.25752843597484837,-0.07019835345293755,Malware
-0.2820146630721598,3.015575511849814,Malware
-0.2564498598236239,-0.07832313791471579,Malware
-0.245143141096513,0.6384005613159859,Malware
-0.28142966454650353,1.5973266628387641,Malware
-0.2557000011319921,-0.1464954789207619,Malware
-0.2501602160732328,-0.0023116321444965333,Malware
-0.25935881026176527,0.3342299121020742,Malware
-0.15179618835774186,0.14092846786627455,Malware
-0.2554200990845421,-0.23703979853220453,Malware
-0.2557366897950485,-0.14737564363565842,Malware
-0.23473069181649062,0.06828853252747638,Malware
-0.254632928655591,-0.12391981816901475,Malware
-0.2558483384425698,-0.1467399208976048,Malware
-0.26935750543330517,1.1832552967120005,Malware
-0.25518464385365897,-0.1899800971176698,Malware
-0.25411848427541583,-0.19534146106926042,Malware
-0.24425971081201378,2.081947973702702,Malware
-0.2600494630989874,-0.1638746230754465,Malware
-0.25495042682891866,-0.10973367944205804,Malware
-0.2526266846100953,-0.2278609778232234,Malware
-0.45577907944486823,27.80281540812223,Malware
-0.2633720982467672,0.27560921870275934,Malware
-0.2558710157509064,-0.1400790207829047,Malware
-0.25959390614564837,0.10303963164119793,Malware
-0.26007465526071366,0.7675482437770021,Malware
-0.25507123572794993,-0.10392342031880479,Malware
-0.25671351110088314,-0.12640963351988063,Malware
-0.2558604674683721,-0.15336861027520607,Malware
-0.2668005697465063,0.5719427012169267,Malware
-0.3180695412125347,10.253861123998758,Malware
-0.2583785429628082,0.03650902241115984,Malware
-0.3660153124142162,17.84569229811005,Malware
-0.1985106805611243,-0.4265532736935992,Malware
-0.2541579318241419,0.5884426324416739,Malware
-0.2574761312470738,0.03580898036387437,Malware
-0.255057462140032,-0.10345135389638607,Malware
-0.256974059550758,-0.09079177901763265,Malware
-0.25493846520356833,-0.1516880778779663,Malware
-0.2538621329155352,-0.27833143488646295,Malware
-0.25699077121133374,-0.08464676962191452,Malware
-0.26686809892410635,1.2239676222786329,Malware
-0.20400947813287718,0.6372029825945115,Malware
-0.2706898685182737,2.7115375719048624,Malware
-0.26190835682202124,0.7570196115890004,Malware
-0.2574151132152583,-0.09575618709712497,Malware
-0.2630548204282654,1.1499631020186647,Malware
-0.20476413210468045,0.6789578087722247,Malware
-0.2550002302539494,-0.1853998845833769,Malware
-0.25997076385763634,0.354999126941461,Malware
-0.25332028466002887,-0.17452151289455367,Malware
-0.2612957837990542,0.8972915870238102,Malware
-0.25476679642387606,-0.10167880685874028,Malware
-0.2541556137334934,-0.15073918743564801,Malware
1.5529254310297234,0.1666623377747208,Malware
-0.2538678546174217,-0.24688335809575623,Malware
-0.2511230620052113,0.10918356569148976,Malware
-0.2538038218345772,-0.21153521710367856,Malware
-0.2538418682674172,-0.21197723938954574,Malware
-0.25081279117373484,-0.28424170545565636,Malware
-0.25799238623548715,-0.3259981405116878,Malware
-0.25366984348604993,-0.2856576393242034,Malware
-0.2555919741547628,-0.05921084031327459,Malware
-0.2544171159312475,-0.1549403783035449,Malware
-0.25223024404392297,-0.2633985468075671,Malware
-0.20779554262106173,0.3212753682401121,Malware
-0.25511678118242653,-0.20078222368279416,Malware
-0.2561842351975372,-0.1497257754192987,Malware
-0.21361096866404064,1.4237416246402685,Malware
-0.21506341098372656,-0.14379015755553112,Malware
-0.24475367201954232,-0.04120256188002917,Malware
-0.2530504524872244,-0.1310384597722907,Malware
-0.26128991377286503,0.35703735756458876,Malware
-0.258995928037162,0.19779159445750205,Malware
-0.2546850051543673,-0.15827016713304728,Malware
-0.25350706323769784,-0.24272600111349105,Malware
-0.2579222354625077,-0.33908929628065315,Malware
-0.25552117609846453,-0.0007838221778428618,Malware
-0.2628155157889907,1.8089298533574454,Malware
-0.25533404919591013,-0.11449071760794746,Malware
-0.25501685804536717,-0.13055063402522643,Malware
-0.2632258873916519,0.5063558652005432,Malware
-0.2521534198237794,-0.309056427876157,Malware
-0.2349392662507951,0.12183004468677813,Malware
-0.25369690867277295,-0.10566642792675912,Malware
-0.25489816644291774,-0.11110587958692299,Malware
-0.2541541181093073,-0.2390556579772566,Malware
-0.2549547867672997,0.07351889933267737,Malware
-0.26201245368835213,0.4113914303871906,Malware
-0.2551794513136064,-0.16625244538393785,Malware
-0.2544304843534434,-0.1069196329000042,Malware
-0.2555306587318551,-0.062110784103707704,Malware
-0.25307965151146505,-0.26077059557410825,Malware
-0.255347989912759,-0.14126299765192338,Malware
-0.25404069955577535,-0.28329509069874176,Malware
1.5534196324935436,-0.01261110123742152,Malware
-0.25459981260923753,-0.19705509143881642,Malware
-0.22931022683411728,0.17372019157898724,Malware
-0.18337437898352096,-0.0075084990395290485,Malware
-0.25492739320889835,-0.10796743417040086,Malware
-0.25767041565879795,0.4371285000357904,Malware
-0.26430505782184577,2.4406773967069793,Malware
-0.2557018152548107,-0.1781940873356727,Malware
-0.22124759706512157,0.280145750597431,Malware
-0.2514851003524146,0.09217433504225472,Malware
-0.24711942052490699,-0.3503519291448357,Malware
-0.2455407796991124,-0.15913371807712212,Malware
-0.24648026698536776,-0.2892650680905714,Malware
-0.24952596101107077,-0.1367208106111988,Malware
-0.24692988300990687,-0.2942754184094912,Malware
-0.24508357195137206,-0.325495013964388,Malware
-0.20166435184255713,0.0061335894584126326,Malware
-0.18725462989482836,-0.20900371843470714,Malware
-0.2480232482524039,3.5202372420381676,Malware
-0.2513716756649782,-0.229360283389764,Malware
-0.2527446341000557,-0.02069358341185893,Malware
-0.2540688991158626,-0.16648879991900864,Malware
-0.2545158149190708,-0.15501465464055475,Malware
-0.2528700092696556,-0.0856195747254645,Malware
-0.2568259381822722,0.11962440819926083,Malware
-0.25521766816419905,-0.0787618731175512,Malware
-0.22056421882631158,2.13644787299219,Malware
-0.26650269279471184,3.0784607612652093,Malware
-0.253642074184889,-0.24120735766398269,Malware
-0.25811703593884433,0.46127805152313917,Malware
-0.21571557622520426,0.005670479238905574,Malware
-0.25611982652387,0.062198934583136356,Malware
-0.257080901614298,0.1306966529236979,Malware
-0.2549889765367835,-0.17394773379957035,Malware
-0.25773241066406594,-0.013957659763160367,Malware
-0.2043261685264965,0.2987583692171819,Malware
-0.2251785358380846,-0.30315320636207577,Malware
-0.25374894644355644,-0.2669241959256108,Malware
-0.24917963672666277,1.1719395874909397,Malware
-0.25386617906916226,-0.2175079925474385,Malware
-0.2352704494230862,0.15824134803640444,Malware
-0.2543012561511513,-0.20156438728269385,Malware
-0.2563620876708471,0.19052010109467443,Malware
-0.2547585573086359,-0.16061338150487076,Malware
-0.25588673053312094,-0.08206614760056635,Malware
-0.25237174620356,-0.17677210311857233,Malware
-0.2543111854596176,-0.16405594940995907,Malware
-0.2565460579568004,0.7290033392731281,Malware
-0.22994109177565114,0.34029011967254674,Malware
-0.2555144709894045,-0.22711237160831943,Malware
-0.2344349165577089,0.05529369307686708,Malware
-0.23136211708780774,-0.14811818971031843,Malware
-0.25408691534864275,-0.21073480976627082,Malware
-0.26200561848162557,0.6726309874118982,Malware
-0.25501815894533875,-0.1701142521368336,Malware
-0.2564946696092612,-0.09423828173248747,Malware
-0.2561252858756259,0.03654435992015375,Malware
-0.2545808547943128,-0.1318066176329509,Malware
-0.2549926199415384,0.018928710876969686,Malware
-0.24198012004220285,2.692675068515105,Malware
-0.19919113150093293,0.19413533362480412,Malware
-0.2553274589516588,-0.22794105728469433,Malware
-0.24172796037988756,2.094830051689146,Malware
-0.2595452564452914,1.137462348315567,Malware
-0.22772275652151683,0.5859204513164605,Malware
-0.2598988995370817,-0.34777948258671915,Malware
-0.25453249590957583,-0.1371587239032268,Malware
-0.22858391881889562,0.044522293371039426,Malware
-0.2562584298421166,-0.17558557792535825,Malware
-0.25554802351526285,-0.22481144008176437,Malware
-0.25747363128414386,0.11747282073437622,Malware
-0.25908649213981216,0.12228707625239532,Malware
-0.23419967534285577,0.0321701245497117,Malware
-0.25450839827944755,-0.14436849228462317,Malware
-0.26129272671514864,-0.12965172962844124,Malware
-0.2561665106208695,0.09072921111835827,Malware
-0.26212635482633106,0.38870925900392667,Malware
-0.2569960402128931,-0.029164818405344434,Malware
-0.25891582796130125,0.17607918028302005,Malware
-0.25520183078958464,-0.12964749546573567,Malware
-0.2573445026331892,0.29372699725055135,Malware
-0.2535152113155128,-0.28119111109987005,Malware
-0.25503020633101275,-0.0771543789604542,Malware
-0.25667112027827277,-0.03870485445004016,Malware
-0.1778442093172123,0.06497838292570252,Malware
-0.2551495625077959,-0.11985196158998264,Malware
-0.25488162268199976,-0.1387209986102125,Malware
-0.2547250782809957,-0.15720268917837232,Malware
-0.2551954039297288,-0.13861697011020774,Malware
-0.2564427796208262,-0.08143194895748843,Malware
-0.2530911875213806,-0.017755714784435266,Malware
-0.25492827358591247,-0.1339075536223238,Malware
-0.2546910443619903,-0.17845989007744506,Malware
-0.25436404108127736,-0.24300193058627123,Malware
-0.2565416955629335,0.1333205835077199,Malware
-0.2505961786045382,2.058132246848519,Malware
-0.2558574866159402,-0.1256642958150322,Malware
-0.2558949530706959,-0.1535841386147978,Malware
-0.2591929846363789,-0.33395772069707425,Malware
-0.25791645693759746,0.04245764674144908,Malware
-0.25482161967375205,-0.2640519748528458,Malware
-0.25496940785774386,-0.20964035307181927,Malware
-0.25539566112463,-0.12261272783629384,Malware
-0.2556555928493198,-0.0823113326857675,Malware
-0.2548727927806371,-0.18249410878770267,Malware
-0.2560817462060422,-0.15099331976683367,Malware
-0.25400122982642837,-0.21786508973639523,Malware
-0.254323488536076,-0.2370528120360619,Malware
-0.2540911018445693,-0.16589937030355506,Malware
-0.2598135022326546,0.10643422858348363,Malware
-0.2570395741137095,-0.002352774014572476,Malware
-0.2552528728325845,-0.22339906740069546,Malware
-0.2824423975004774,3.2043177694281244,Malware
-0.25870453416488143,0.12562047525009584,Malware
-0.2587180308994939,0.041813340320900845,Malware
-0.2560574327358396,-0.15110899585785775,Malware
-0.26109166592919764,0.7202320152794526,Malware
-0.255444168191223,-0.1864531212733155,Malware
-0.2891157273931206,5.657535980185385,Malware
-0.255363251801279,-0.15932773591424337,Malware
-0.2557415875738728,-0.1457807368469011,Malware
-0.2597183505537584,0.15107488548418857,Malware
-0.2589704089377076,-0.35264527431104137,Malware
-0.24846045245606357,-0.09436465004275905,Malware
-0.2558960706653413,-0.11647626446103126,Malware
-0.2533991504044224,-0.2813082282850335,Malware
-0.25559738648877633,-0.18375427653573484,Malware
-0.2682080155368699,1.7770806716269885,Malware
-0.2642554185267097,-0.003086862766163514,Malware
-0.2552613921284858,-0.2426229478330756,Malware
-0.26165670378255096,0.16351714268402,Malware
-0.23444505621374334,5.8865436098632715,Malware
-0.22233780564260364,-0.08008568169234792,Malware
-0.25701678658975086,-0.08527156542046647,Malware
-0.25811807817025767,0.022001389466704723,Malware
-0.20254880318256419,0.6595563571329885,Malware
-0.21806350414265355,-0.13208813613992118,Malware
-0.2604559941844467,0.5393194515125213,Malware
-0.2604435832006042,1.541146460998062,Malware
-0.25252107519786376,-0.261415737312854,Malware
-0.2016120374285681,0.0634755989086578,Malware
-0.2540108064658905,-0.2551496564338458,Malware
-0.25635468103691017,-0.02884292124226921,Malware
-0.256645227593544,0.2429325039083862,Malware
-0.2530346103881873,-0.23283865172354537,Malware
-0.26522972295668823,1.9093486363152359,Malware
-0.2544780717567336,-0.16147295172766274,Malware
-0.25445526542506713,-0.1668936375123781,Malware
-0.2561731958546788,-0.02674527666578044,Malware
-0.2586440755940727,0.10780227227637897,Malware
-0.20866817449373895,0.1628018240815572,Malware
-0.25125667832134263,0.3271985460687812,Malware
-0.25544011050056475,-0.1875775761012918,Malware
-0.2890624156261226,3.614128691283375,Malware
-0.11665152724992542,1.3299218379009385,Malware
-0.26891033227140343,4.273077221735686,Malware
-0.25202835689461783,-0.17376142756056245,Malware
-0.25629181919539423,0.001784992904592237,Malware
-0.2611633388200342,-0.05142632565363559,Malware
-0.2591953681554285,0.3004108105001583,Malware
-0.20707127685030519,0.3003121532493801,Malware
-0.2283116027162847,2.882982520816678,Malware
-0.25862314256301483,0.16653070620041843,Malware
-0.25493566425798,0.08676763962413353,Malware
-0.2738935041164613,2.153868093891911,Malware
-0.26300255286763474,0.4423783756664334,Malware
-0.256208596729152,-0.16209755539111181,Malware
-0.22381052852961417,2.3203783942696803,Malware
-0.25638896690535806,-0.09621661634020466,Malware
-0.2565784210602945,-0.1076902100950288,Malware
-0.25505251618945307,-0.16830651168098443,Malware
-0.2562840162840754,-0.1563820064151599,Malware
-0.2559979981107983,-0.14571159402867787,Malware
-0.19970799989826846,0.16573804131963346,Malware
-0.22615268407487624,0.4986377341370223,Malware
-0.26809501524201496,6.7268412350070745,Malware
-0.19615047700273028,0.3795838367275971,Malware
-0.2549527909707379,-0.22948208427536748,Malware
-0.18376215194655335,-0.6640784503342485,Malware
-0.25599802758174767,0.743404661136814,Malware
-0.256140630207474,-0.1436617662218776,Malware
-0.3880344614853269,7.125743456805485,Malware
-0.2634165940316082,-0.04056710055221239,Malware
-0.2504277717085392,-0.21515923923689662,Malware
-0.2554951049049205,-0.13466614380262246,Malware
-0.25764057687132297,-0.017091940706155294,Malware
-0.2353748144823657,0.14499373808558633,Malware
-0.25723041262814167,0.1300405918626499,Malware
-0.24149087634871558,1.2639029057750653,Malware
-0.25509651242801884,-0.15681751319829582,Malware
-0.25508395906245146,-0.08056285770781473,Malware
-0.2547801728249034,-0.21896093153985727,Malware
-0.19339741559489576,0.12525082385050926,Malware
-0.2556597833241348,-0.06991124513562649,Malware
-0.24522829377616442,-0.12881119899840965,Malware
-0.23467800949227285,0.03929125358351631,Malware
-0.2545476222025795,-0.10201851236401976,Malware
-0.2551713157195669,-0.11820853825133756,Malware
-0.25928320737078525,0.3291502683189297,Malware
-0.2539525487132088,-0.10830799304305289,Malware
-0.19912580590713103,-0.02399148618434194,Malware
-0.21064312737855456,0.1500674990878644,Malware
-0.2543306115308114,-0.14693342346980284,Malware
-0.2714070527344505,2.1349574227435895,Malware
-0.2163801608685368,3.4703792873916455,Malware
-0.2558338546921624,0.10169799071148768,Malware
-0.26047233901610356,0.44238553502933503,Malware
-0.25975303267272826,0.49399275327291103,Malware
-0.4132375920550738,22.706063653812695,Malware
-0.25935395065308003,0.10283939873825552,Malware
-0.2558290615290607,-0.2275545104710465,Malware
-0.2544410092372491,-0.25150896676977885,Malware
-0.2615921126234699,1.3899575451402781,Malware
-0.27527743846600455,1.4919038189675493,Malware
-0.2299774296567547,0.360586831665866,Malware
-0.20073573616647952,-0.12370941351349368,Malware
-0.22138049541650603,-0.04904915147500245,Malware
-0.25438439458975226,-0.1553945200238688,Malware
-0.2369843690547696,0.260911519222359,Malware
-0.25381407134243095,-0.24709558318383096,Malware
-0.1854449658226055,1.1588092035124198,Malware
-0.25420940653280233,-0.026410473523238935,Malware
-0.26302234877537706,0.08423781687339571,Malware
-0.26431293611507184,2.7907565633421503,Malware
-0.26141819766694946,0.5090812116171444,Malware
-0.24619465896889817,0.42878605717588414,Malware
-0.23236600488098805,2.438667887408961,Malware
-0.2562771789274853,-0.04049973941780978,Malware
-0.2295221204724386,0.22878247943892885,Malware
-0.2579686495904981,0.13008436166717086,Malware
-0.22326077870835018,1.6497665850251697,Malware
-0.25732746889888586,-0.029519714266342534,Malware
-0.25561791093430947,-0.21689645738223154,Malware
-0.20997775857896755,2.824180591798153,Malware
-0.17973372434841922,-0.36485420367688864,Malware
-0.2564273414854086,-0.09882127694013028,Malware
-0.260927467207223,0.3449387256034484,Malware
-0.25533396126391633,-0.21221463258229947,Malware
-0.25348726252796516,-0.1542381130346994,Malware
-0.2558918388756555,-0.13701408738437873,Malware
-0.2557239538479612,-0.19956115973732602,Malware
-0.23063355371058689,0.4635847798623653,Malware
-0.25633419565378424,-0.1170770158585747,Malware
-0.19665461173365784,0.027212539918584633,Malware
-0.18531995955201808,-0.06537074053939701,Malware
-0.22374641366045225,-0.1522873480160994,Malware
-0.22431721090337567,0.7864453575604776,Malware
-0.2214624454131338,0.07436042414998367,Malware
-0.22051454804762405,0.23070511354725007,Malware
-0.21928780541811413,-0.11713750472049321,Malware
-0.21730802535307994,-0.2018158479066208,Malware
-0.25492961692415456,-0.12530018634088327,Malware
-0.25514804189092627,-0.11457178643868235,Malware
-0.2583880097508004,-0.35315684833681416,Malware
-0.26100097083233503,0.29257230965413394,Malware
-0.2560492731636723,0.007076668119735572,Malware
-0.24802859302286911,-0.23801166927921463,Malware
-0.2011466339886122,0.1448147722858465,Malware
-0.20149251616766173,0.17767021057287863,Malware
-0.1700174021595375,-0.026312995642237026,Malware
-0.2375433830686734,0.7458886937006954,Malware
-0.25741513413169914,-0.04467233428621175,Malware
-0.22674241363808245,-0.08957157811341307,Malware
-0.25417648827304223,-0.2156894049524756,Malware
-0.2394357560297654,2.783891529112055,Malware
-0.2364780105166403,0.31519247824963903,Malware
-0.2671327155373272,1.8108828530430805,Malware
-0.2538136167785051,-0.19129586629504514,Malware
-0.25977825343772915,1.0260643439142052,Malware
-0.2559124441006553,-0.16361365718665014,Malware
-0.25577204795533054,-0.1444726870809294,Malware
-0.2639481811537201,5.97581867395658,Malware
-0.21048064328955138,0.4109355674570945,Malware
-0.23278783133502207,-0.11987761312875955,Malware
-0.23221870891349042,-0.14525169792302353,Malware
-0.25525429115697407,-0.21474990215409956,Malware
-0.25651831729863045,0.08864775976238332,Malware
-0.2505914432318033,-0.190735420419124,Malware
-0.25985250441633273,0.12633879881717242,Malware
-0.2891695013313249,2.6865644501290324,Malware
-0.24117712639563305,0.14899651410767872,Malware
-0.23879334915662484,0.9834620278477975,Malware
-0.25658367397646886,-0.07191143953221876,Malware
-0.2585270013057226,0.04263074852388194,Malware
-0.25628896268980406,-0.1004140260236452,Malware
-0.26771036658505754,1.277010051634901,Malware
-0.2597215213609933,-0.325948238875641,Malware
-0.2542994350333111,-0.0006860808722975934,Malware
-0.253827486548219,-0.08541779760181857,Malware
-0.25925400477766214,0.0919098135898872,Malware
-0.2554423839760147,-0.23224586814447123,Malware
-0.2561504430671947,-0.0934710726838506,Malware
-0.2577555375803799,0.060984611233981134,Malware
-0.25465236632350935,-0.08825188985074081,Malware
-0.2582962410438759,0.09620788843834606,Malware
-0.23796664891181363,0.3957725325408523,Malware
-0.22944614633705013,0.2510015467208979,Malware
-0.25616589893943825,-0.14550690969844018,Malware
-0.25614316673512527,-0.12294839792149406,Malware
-0.19836358661095288,0.21098032721853852,Malware
-0.2031909309032917,1.733695203731277,Malware
-0.25448971734228776,-0.16676323133321314,Malware
-0.20834061058832234,0.6796125768363188,Malware
-0.18924943039852063,-0.012606824521489896,Malware
-0.22189516532104453,-0.1270986705101438,Malware
-0.25719851983693093,-0.3480420944569548,Malware
-0.25524129421278796,-0.003961552230923245,Malware
-0.2544667462896385,-0.15252862190330146,Malware
-0.2633171832826635,0.86414494581121,Malware
-0.22964828933268774,4.156079148027804,Malware
-0.20168052194557823,0.006535754432150844,Malware
-0.22192508543673165,-0.13590973480285493,Malware
-0.2544109933570931,-0.15465948477734662,Malware
-0.2541274874487638,-0.0860827298632669,Malware
-0.25668063459244733,-0.07182672279541982,Malware
-0.2330366130963741,-0.013058670956066908,Malware
-0.19934053348923655,0.11611404624266165,Malware
-0.26686821533873994,1.4586816325822918,Malware
-0.2548420594742095,-0.15231355984927494,Malware
-0.2613895457733008,0.4690373175881709,Malware
-0.25452791466206554,-0.18353169804238853,Malware
-0.2557381839615634,0.09328999369503307,Malware
-0.25579112544865273,-0.08603135942816426,Malware
-0.25539025862220893,0.033219715869478944,Malware
-0.25756402821729324,0.23941548912878405,Malware
-0.20807516623290323,0.03708252643672611,Malware
-0.24071776129593964,0.29704298604926865,Malware
-0.2009711115674124,-0.04148956563517625,Malware
-0.22124849870720842,-0.17973606439466255,Malware
-0.2560428947608909,-0.08785652662113416,Malware
-0.255467734758808,0.06165558373487798,Malware
-0.2563912376651458,0.04840207641320287,Malware
-0.25546393276744256,0.29287511402067096,Malware
-0.26165910018781374,0.36921139738783737,Malware
-0.538727676926193,36.595172178507006,Malware
-0.2541901313327052,0.471315298390487,Malware
-0.4724456967546951,28.061001600762125,Malware
-0.2762996799411567,1.599443626423928,Malware
-0.25861474759845743,0.2099103774089605,Malware
-0.20727444005875975,0.14804426672819468,Malware
-0.256379969952452,-0.05942209213293135,Malware
-0.25665034412987037,-0.11676314663518028,Malware
-0.2560740926410719,-0.04151512501990696,Malware
-0.25773715541368175,-0.06635076799783243,Malware
-0.23518815884212038,0.2474018481695799,Malware
-0.2533077552329252,-0.24397517421315482,Malware
-0.25376668377774453,-0.21145915907441323,Malware
-0.22952080949796744,0.011765880113637602,Malware
-0.2571003837068267,-0.07056643719349055,Malware
-0.2565543378256523,-0.10159514763657722,Malware
-0.1995909092559865,0.031191711960651205,Malware
-0.23049991807005601,-0.07841167232304558,Malware
-0.2314080770614944,0.059918470824730646,Malware
-0.23031267808817352,-0.10786778276614609,Malware
-0.2298529800195745,5.469534874738932,Malware
-0.2306691257857317,0.039791094014946286,Malware
-0.19586747509236668,0.5614548354429086,Malware
-0.2552399644870955,-0.00393825191780589,Malware
-0.25555344154849946,-0.08831656391043778,Malware
-0.2555296395322035,-0.05849898714439331,Malware
-0.25549398544563784,-0.03715680400163515,Malware
-0.25788040956554026,0.06054158581165979,Malware
-0.22232972518228275,-0.11331610053335019,Malware
-0.21618953547130423,-0.02598110609663509,Malware
-0.2216748157137177,-0.23828290456199214,Malware
-0.21463754681378447,-0.25319047817602264,Malware
-0.23643870688321336,-0.16567455027126693,Malware
-0.21585885968654178,-0.1435209544075896,Malware
-0.20195334927003114,-0.18633270099365257,Malware
-0.2159738700164982,-0.13578592100484901,Malware
-0.22866267475852006,-0.23366775379133345,Malware
-0.2092990056745764,4.24050789125024,Malware
-0.19752990965792677,0.019499787295653034,Malware
-0.18936110955214439,-0.18730499410715398,Malware
-0.2244816595197001,0.20470195055349552,Malware
-0.18136567505003612,1.2824921149231567,Malware
-0.20650382226824998,-0.19289024857941348,Malware
-0.21482084574275062,-0.32987873704855747,Malware
-0.20900794742029513,0.6804444327996898,Malware
-0.2225673406789054,-0.13236704213051123,Malware
-0.2542132106601389,-0.19664506848338204,Malware
-0.23879872536322694,-0.3352467081439733,Malware
-0.2534741203206496,-0.10121690979788595,Malware
-0.2456553651586557,-0.27210951286282015,Malware
-0.25886759746120497,0.270693594126089,Malware
-0.24745406837677814,-0.14986056070537676,Malware
-0.2211526590860342,-0.1568241670208903,Malware
-0.21626554045636576,0.042479734176789095,Malware
-0.48849388648088166,15.983363915404025,Malware
-0.23372234685374904,0.7907834986971544,Malware
-0.2242946622022483,-0.30544513800151263,Malware
-0.18767744536661793,0.06124412905311058,Malware
-0.19838571436016533,-0.1664334806965267,Malware
-0.20006889981436415,0.17032729226392,Malware
-0.2484855209229745,-0.03870069901142618,Malware
-0.2520313700119299,0.19438996539756692,Malware
-0.21150051389603666,0.9880815047544146,Malware
-0.11988162431026118,-0.4134413306268973,Malware
-0.1923632964534805,-0.3449366016661916,Malware
-0.19993833761368318,-0.2528398453830684,Malware
-0.2159678954104752,0.04953888991229702,Malware
-0.20548553326007266,0.07754510254219578,Malware
-0.21441826166038142,-0.10265295041094046,Malware
-0.24833762283021965,-0.22425505659147757,Malware
-0.24679028698836192,-0.13565124778736515,Malware
-0.2566513264568856,0.3519253385652415,Malware
-0.24271948566093707,-0.3346233889791541,Malware
-0.2021587799564734,-0.12528333967478472,Malware
-0.24790912739981474,-0.2711913898088682,Malware
-0.2240546624326629,0.1258103332655202,Malware
-0.2509070660961373,-0.010043992859375503,Malware
-0.24690122667988473,-0.2699625221164855,Malware
-0.20678328693180603,0.002806920895002592,Malware
-0.18160520656063167,-0.25617915512427913,Malware
-0.24375798646592536,-0.2767603187888066,Malware
-0.22407122153008732,0.11733218384073876,Malware
-0.19588217257896606,-0.06607245741982955,Malware
-0.2158856918220067,-0.10976701761313694,Malware
-0.2152636367449343,-0.1925596546779914,Malware
-0.21354445555256352,0.1977887738720716,Malware
-0.20303271602535333,-0.13721729573367855,Malware
-0.19036230094634427,0.43868621759208953,Malware
-0.24378108826567832,-0.3367734440269453,Malware
-0.2502080880795343,-0.47950400085873074,Malware
-0.21618212859919736,-0.026166389593823593,Malware
-0.24807510177248698,-0.10131376330415208,Malware
-0.2567997687318247,0.057374354047358404,Malware
-0.24071423519468116,-0.32926720653011715,Malware
-0.23919708614175123,-0.3027383245610715,Malware
-0.24707007301855993,-0.2713938242980011,Malware
-0.20217329964968517,0.05472031451963292,Malware
-0.18564559440446543,-0.2137766369375451,Malware
-0.24464513591055123,-0.12553992753836427,Malware
-0.20122360805268558,0.09023412510351578,Malware
-0.20057854627355462,-0.12163264311562921,Malware
-0.2017842609566629,0.02046509828293068,Malware
-0.20690483463944162,0.1413928090746077,Malware
-0.21366612181911265,0.013017989191197133,Malware
-0.25460509977827095,0.3530959239394883,Malware
-0.2343532564773345,-0.09104526466453572,Malware
-0.25884206062807474,5.530642436837927,Malware
-0.20289307803239756,0.22576398432441946,Malware
-0.24759703924660398,-0.23845594064640305,Malware
-0.20899128829355956,0.23626989817346317,Malware
-0.2085666226957799,0.13325758097453624,Malware
-0.20724973055576573,0.43015338954415383,Malware
-0.18231123949151196,-0.2714905272938351,Malware
-0.2504639606547807,0.7635314400582744,Malware
-0.21581933384899848,0.033770156240366736,Malware
-0.2503490003636587,-0.10320501321227257,Malware
-0.20607564977132464,0.0019700422516220574,Malware
-0.21861383578173513,0.696269384979679,Malware
-0.19913567565147652,-0.10728052216035062,Malware
-0.2059076415930728,1.1707259623916975,Malware
-0.22759183397260477,4.931694924385093,Malware
-0.24713509840492565,-0.2733949401658276,Malware
-0.24529763972440002,-0.2928587302588709,Malware
-0.19636817136056262,0.02204894565411303,Malware
-0.18643109277922335,-0.004911044596514666,Malware
-0.20631780635884006,-0.1858784551215558,Malware
-0.21428383457326536,-0.1513078460869102,Malware
-0.22335424635882048,0.08212510134935855,Malware
-0.2470638836942553,-0.027448139397525356,Malware
-0.24255336279747236,-0.10054999914153244,Malware
-0.24946910608011996,-0.09463705865942908,Malware
-0.21532025241591396,-0.13793007474828403,Malware
-0.23592891958549697,0.7704634041843108,Malware
-0.21504253612831567,-0.016199437940551373,Malware
-0.23489674961217585,0.12533178951849772,Malware
-0.22317963942902524,0.014079997189396268,Malware
-0.21337866718466597,-0.3207147229049536,Malware
-0.24366421509734096,-0.34151034265515096,Malware
-0.19642730050888488,-0.056397419912643125,Malware
-0.20934921503924714,-0.03899596402631744,Malware
-0.20663115773134366,-0.1553016729234065,Malware
-0.25234455271988987,-0.30694828648619266,Malware
-0.19467664409335014,0.030019017317348105,Malware
-0.21585301491827993,-0.15429990220423895,Malware
-0.18487726803027119,0.014796388771393843,Malware
-0.25212951687758073,0.1477680176694578,Malware
-0.2002744199054898,-0.23158267765924956,Malware
-0.21221961426242683,0.059152449402041216,Malware
-0.22468179754530332,-0.33767035185096533,Malware
-0.24287387983904038,0.03251911085489213,Malware
-0.24780247361116303,-0.019003659324456138,Malware
-0.20348277239991727,-0.17767808623576486,Malware
-0.2138779334870546,-0.10654962053821244,Malware
-0.22985550810353478,-0.08522344877341213,Malware
-0.22417490107900928,1.2554239442231312,Malware
-0.22027056273233322,0.17540878469350094,Malware
-0.23075660235955647,-0.23069688852585316,Malware
-0.2448472704684386,-0.3302491990877448,Malware
-0.2454199521786761,-0.2974108913629612,Malware
-0.21710606855446898,0.06269180711588515,Malware
-0.24649290246550934,0.13493440799952613,Malware
-0.1944576130738284,-0.28939161021128,Malware
-0.1807012197414376,0.17211612556660102,Malware
-0.20605439448256477,-0.04941513546563908,Malware
-0.2165685598675702,-0.21557570055480565,Malware
-0.2138190116479888,0.0017287661690941723,Malware
-0.2553830379927815,0.020886929428857153,Malware
-0.24728381004829225,-0.2708294663516088,Malware
-0.24657012740590556,-0.3412530476705195,Malware
-0.21225300260624175,0.3080528558576321,Malware
-0.2512524522397676,0.46909597667892106,Malware
-0.2523956088158566,-0.2856657466288673,Malware
-0.24254468523239991,0.24447218596617043,Malware
-0.2462421975615817,0.024869758327044893,Malware
-0.24051021562091054,-0.3529320918177606,Malware
-0.2183417476134395,-0.1419039440900512,Malware
-0.251185203967235,0.0061716524880732985,Malware
-0.24715823745251447,-0.34270539878958517,Malware
-0.21852039998488443,-0.029474934864196063,Malware
-0.24209795171797005,0.4391231161244922,Malware
-0.21865027132446324,0.25168521208668576,Malware
-0.21538283171071126,-0.06837906377440671,Malware
-0.2155094180166364,0.6609077556679991,Malware
-0.20938626891177983,-0.2540082485349133,Malware
-0.2208859164588688,-0.0891654456011957,Malware
-0.22807452509626533,0.72779268494212,Malware
-0.2050721624357951,0.14923165047297,Malware
-0.21129166141386377,0.9454745977509694,Malware
-0.21676535504206404,0.09753418366603876,Malware
-0.2247186361495535,-0.27932936027836697,Malware
-0.2526828883223726,0.22671431522276206,Malware
-0.2540997257637869,-0.13825999497886818,Malware
-0.1921524921851408,0.25557071363685246,Malware
-0.2469799524110869,-0.276688276262492,Malware
-0.21542943795443426,-0.12982872311647503,Malware
-0.2636172507669062,1.1087972334689635,Malware
-0.24606221728404618,-0.25054204595492513,Malware
-0.21459018491387563,-0.06592015728785873,Malware
-0.23564936935401168,0.30361696499610846,Malware
-0.12216502486891903,-0.3987555666419998,Malware
-0.22253320084150519,-0.10190450949003077,Malware
-0.21537584575355298,-0.0959386533122737,Malware
-0.2542718248090675,-0.36855380638812635,Malware
-0.24843965742098162,-0.2167546487802773,Malware
-0.23638690912574487,-0.052972477063258104,Malware
-0.27574060035927933,3.0058074920269315,Malware
-0.22788892934186705,0.08048304096272485,Malware
-0.2329803794052694,-0.01816839070755636,Malware
-0.24415191361314434,-0.09532919351503724,Malware
-0.1967690129056292,0.020991078747470335,Malware
-0.21089132339811537,0.642791825890095,Malware
-0.2455000493167723,-0.2939886234950816,Malware
-0.22939714203764822,0.27207763905090676,Malware
-0.1977991314593424,-0.26078570181135186,Malware
-0.162139303780374,3.141156622896371,Malware
-0.2558574276366388,-0.06296557259724729,Malware
-0.22090714201974782,0.7258892338218652,Malware
-0.296816064276402,14.648465449748521,Malware
-0.2437938895585726,-0.34796514923608907,Malware
-0.2431429343305882,-0.3087975260436974,Malware
-0.2427208285145516,-0.04971624798399387,Malware
-0.21673552653433678,-0.2605059072934514,Malware
-0.20835867582637835,0.6193327698171829,Malware
-0.20867137061165839,-0.08205729909376162,Malware
-0.19065446314517787,0.050210215463503176,Malware
-0.21439873953806188,0.2819550197153845,Malware
-0.1833784972902943,-0.25391790895701516,Malware
-0.21289546912793236,-0.07296053471177184,Malware
-0.2221851348857615,-0.1343111495817909,Malware
-0.21227749723430633,1.2423358006188592,Malware
-0.21391939496656434,-0.22120416409276764,Malware
-0.21553963079199992,-0.09015275591534727,Malware
-0.2077997316109168,0.6857937147726938,Malware
-0.1851155053821786,-0.002199480118006706,Malware
-0.2021947663123827,-0.19442757197973498,Malware
-0.2746550298274181,3.5176721972319385,Malware
-0.24361409980946744,-0.0010687185970697992,Malware
-0.17253055307563986,0.4008468658180871,Malware
-0.1851346527347056,-0.15947654062737415,Malware
-0.25468674393879437,0.10326235156736033,Malware
-0.23515748085875537,-0.09961284302036123,Malware
-0.2510287784390913,0.00038631216095697847,Malware
-0.21569439450859781,-0.09057727627457815,Malware
-0.22647560914623066,-0.08771799896080866,Malware
-0.10434283222389758,-0.532097979074108,Malware
-0.21377266974646938,0.003824019326168479,Malware
-0.20714414198894562,-0.5792060999262887,Malware
-0.20866617946357696,-0.503632285773205,Malware
-0.23534374362853644,0.9875548288794169,Malware
-0.24462765546585005,-0.23204815391959968,Malware
-0.24805284008548156,-0.2598413579506023,Malware
-0.20351947760774158,0.30682478968744664,Malware
-0.19195073364102436,0.22910934614920178,Malware
-0.191042294987658,1.3151092934041393,Malware
-0.21870445766256033,-0.1377657501683395,Malware
-0.20959409144826277,-0.0980245380927027,Malware
-0.2232802426522991,0.17127955316779508,Malware
-0.25444346988935174,0.29541833068166495,Malware
-0.19978001693346026,0.20343212526647028,Malware
-0.20269453634058068,-0.013027012295052653,Malware
-0.20491139413106818,-0.2934083365040365,Malware
-0.22167107136128544,-0.23940805634242218,Malware
-0.2231988049778203,-0.03161834003951483,Malware
-0.2020919634687546,0.04756685448219721,Malware
-0.22378667128161017,0.10419175414802316,Malware
-0.2102729985049823,-0.20038323178603148,Malware
-0.24604032442300863,-0.13465484565589014,Malware
-0.22632924989960965,0.16443030155953584,Malware
-0.20621729672874922,-0.11081525036029086,Malware
-0.24835571553456315,-0.20246759493527075,Malware
-0.24650666189921946,-0.10598292075006002,Malware
-0.24219945199870402,-0.31766918509680264,Malware
-0.24120429310565986,-0.3232256207353524,Malware
-0.2162217217236154,-0.013467195686132392,Malware
-0.1976377841352297,0.06699743273394568,Malware
-0.25217640346590015,0.01827057194188463,Malware
-0.24022190629536494,-0.2483843103402597,Malware
-0.20511634543485885,0.053622359490070035,Malware
-0.2102271711287937,-0.015256206470462948,Malware
-0.24977447000132125,-0.13277134636420118,Malware
-0.2540269001782353,-0.05732256750353773,Malware
-0.25337439923797767,0.18839236814406427,Malware
-0.24489830056554493,-0.2989699242351988,Malware
-0.24407908409053222,-0.35998604061348394,Malware
-0.20845300118133586,0.4414828434111706,Malware
-0.1815640080800329,-0.15895401544337562,Malware
-0.24970557756359996,-0.254661225344146,Malware
-0.24587168087677055,-0.2808696226054893,Malware
-0.2543821600909644,1.074380435998812,Malware
-0.1978774613662036,0.06626681800782115,Malware
-0.21224006618141694,0.9118266472874579,Malware
-0.24121301417274682,-0.3280122801937077,Malware
-0.2443686872650783,-0.3116957180240746,Malware
-0.2491623535453189,-0.043628012864298134,Malware
-0.24689991675291112,-0.18452236338369118,Malware
-0.20034214098191938,1.0500148891792829,Malware
-0.24409471025137472,-0.250542674761005,Malware
-0.2466242469028358,-0.3200602230501792,Malware
-0.2212909767106366,-0.19548603771454004,Malware
-0.2419290629248657,-0.12482121191579905,Malware
-0.2466554083236045,-0.2596525324668499,Malware
-0.24958758070486461,0.2954643080596178,Malware
-0.2179104665487684,-0.2443181765318854,Malware
-0.24825091529158994,-0.30578860050302226,Malware
-0.24695211170953335,-0.09178448160553089,Malware
-0.24749818980339577,-0.28096141052961016,Malware
-0.24985192347212232,-0.13957651771898627,Malware
-0.2422975728623121,-0.3251329397234221,Malware
-0.2508325498713565,0.26339456977014214,Malware
-0.24670563261829714,-0.33033650739453274,Malware
-0.20738568794022066,-0.16226831808729336,Malware
-0.24278873326350933,-0.3048845530709564,Malware
-0.24665771591830832,0.038545606446317396,Malware
-0.20231799453323657,-0.06973580075158033,Malware
-0.21620948113253335,-0.013277923116640587,Malware
-0.22877877662744542,0.001598208565987004,Malware
-0.2065590802540071,-0.23139256760054738,Malware
-0.21751564546780777,0.2161919589787682,Malware
-0.21618301524071543,-0.02639895437614908,Malware
-0.20609599189463162,-0.21646045130174926,Malware
-0.21082995747944186,0.062280420882292326,Malware
-0.20625236011805015,0.4560871470140026,Malware
-0.22211139802908583,-0.11772692261874713,Malware
-0.24277066524227467,-0.17099949471457193,Malware
-0.24682888039715228,0.01912518901363736,Malware
-0.2481622081287624,-0.20794024632534552,Malware
-0.23366284348391494,0.9655828953760061,Malware
-0.2413950756526541,-0.30606231094707503,Malware
-0.2016218190564746,0.27012196849165454,Malware
-0.2047222954053411,0.08357640084081171,Malware
-0.20921825511116068,-0.06173043186496844,Malware
-0.2166997081971274,-0.26779654746435905,Malware
-0.21604164077497745,0.042485438082152785,Malware
-0.2160210661407106,-0.056727428380507906,Malware
-0.22717363177250302,-0.2589957580131426,Malware
-0.2168663193613358,0.07407757156694625,Malware
-0.21662317783338897,-0.1951634815626708,Malware
-0.22706985543912195,-0.10304963824493897,Malware
-0.21579273349081743,-0.02912959097460709,Malware
-0.24652529610618068,-0.10637701284336348,Malware
-0.24407264411485372,-0.3073974714676359,Malware
-0.25642878599151875,-0.29875890761853396,Malware
-0.249529811557696,-0.2458301558263911,Malware
-0.24203103355169603,-0.26543979969548853,Malware
-0.19744646894985743,-0.18925966801517444,Malware
-0.21190460783077078,-0.13827102007325193,Malware
-0.2234953716905239,-0.23727550624216348,Malware
-0.2019818038286882,0.31141365852091096,Malware
-0.2541516136984758,0.12065408373987861,Malware
-0.2096194159722773,-0.15534826529332527,Malware
-0.2063115531045619,-0.16199028822203976,Malware
-0.20615359652523196,-0.21102847767302887,Malware
-0.24955493246292032,1.5577915294926232,Malware
-0.20142184191259874,0.8980941178665529,Malware
-0.22253879449324457,0.33028638025196333,Malware
-0.20169924279927837,-0.007514508548264152,Malware
-0.1961003079898984,0.035047283694476315,Malware
-0.21643644515800375,-0.018291982203509062,Malware
-0.21710671404110812,-0.022917458637539374,Malware
-0.21846821629514507,-0.14105887245683946,Malware
-0.21609285604177444,-0.017128212995110373,Malware
-0.20687165401905075,0.3449169393227255,Malware
-0.13831559851920988,-0.7187513328393261,Malware
-0.2423722337746139,-0.23159999381301327,Malware
-0.20521552934179224,3.7206110124225824,Malware
-0.21573695644885826,0.0015994578867290028,Malware
-0.2263598747053756,0.5390764638828508,Malware
-0.2077783693006475,0.1781802804978312,Malware
-0.2163513009079663,-0.006143331054689923,Malware
-0.2467983425544854,-0.3259594993754704,Malware
-0.24617683829566792,-0.29469314384412737,Malware
-0.1989115925585771,0.03919036503710898,Malware
-0.20445327909547034,-0.06104065458775257,Malware
-0.22724183583737584,-0.1839929543081157,Malware
-0.22453071242443748,0.026660396442471753,Malware
-0.2228459357630979,-0.027677636485422315,Malware
-0.21051124375613595,-0.3595510600844285,Malware
-0.2067535280876249,0.3111931567920534,Malware
-0.21297113234576154,-0.21377838094159657,Malware
-0.2247884392970084,-0.1049857262760383,Malware
-0.2025065798814749,-0.022940680395003056,Malware
-0.2066938287740053,-0.22875976638992096,Malware
-0.21193152300519058,-0.10889115198879333,Malware
-0.2243373721837255,0.16836006155070052,Malware
-0.22728461413828716,0.007187774870479528,Malware
-0.20486367467041605,-0.04695517052494469,Malware
-0.21509488892361237,-0.2949482345579019,Malware
-0.24842741300464022,-0.2741169277238269,Malware
-0.2551801842413225,-0.12248914133572768,Malware
-0.2545403070806305,-0.052571785960876895,Malware
-0.2543925058661049,0.25786418320983856,Malware
-0.25694120554708927,-0.0859218684580531,Malware
-0.24444352629092558,0.4536227915359445,Malware
-0.20406297175798535,-0.1602457279225892,Malware
-0.20919554256517617,-0.07005484520525894,Malware
-0.24691674677877212,-0.3236617427858829,Malware
-0.22753350598506558,-0.08516084387102787,Malware
-0.20699171684072623,0.04253996743632602,Malware
-0.20288783162797625,-0.13529881596919877,Malware
-0.2542953576075059,-0.07958145801265122,Malware
-0.24160267385222356,-0.31864914568730246,Malware
-0.24234499624672937,-0.3655714669939852,Malware
-0.19634441091148724,-0.2148730210278489,Malware
-0.24875417159401592,-0.2128843745591145,Malware
1.5771341556615508,0.08353731451429493,Malware
-0.2271271685942334,0.3551918396127432,Malware
-0.20530286545480395,-0.13403516777185837,Malware
-0.20378492126408365,0.0548107410608874,Malware
-0.25166645122723236,0.8339972151315485,Malware
-0.18609155601189173,-0.13657643824552243,Malware
-0.2402602030289885,-0.3415402963207435,Malware
-0.2233591928121406,0.34987069458728715,Malware
-0.21895733626556546,0.41137478168564573,Malware
-0.24388826351356588,-0.12023949626043684,Malware
-0.20947287022414518,0.06127887875768639,Malware
-0.2373527549597091,-0.14925068336705058,Malware
-0.22122714542489105,-0.14118411724792648,Malware
-0.19936372143504974,0.1854362086031446,Malware
-0.22712727335392022,-0.025919680857251118,Malware
-0.2164697730627614,-0.09744708749749195,Malware
-0.5389444246963977,39.13214680560998,Malware
-0.25612567323330143,-0.1603954038251853,Malware
-0.20410529201856553,-0.11628841557989268,Malware
-0.20430218859157062,-0.2461933271775319,Malware
-0.22387959109342795,0.4707855230388529,Malware
-0.19746364721538448,-0.11919481973974115,Malware
-0.2121976533661904,-0.04445701285423873,Malware
-0.19448982026098693,-0.15896811387303728,Malware
-0.20283434810571768,0.03019178636131029,Malware
1.5786308255203396,-0.20694318700029307,Malware
-0.2098996646204815,-0.2040034242915521,Malware
-0.2093339010283373,-0.22083921116583197,Malware
-0.18962893262729483,-0.03223950447726281,Malware
-0.2489341548025138,-0.21792111537818895,Malware
-0.24560324633653505,-0.1032916687961369,Malware
-0.2470961418471429,-0.18841043565814644,Malware
-0.21129208473237626,2.0934340697303297,Malware
-0.2474574697270363,-0.23932722856983996,Malware
-0.22684949989506764,0.24887675262263295,Malware
-0.21650081368298674,0.0742697618898624,Malware
-0.21618212859919736,-0.026166389593823593,Malware
-0.2771028931036636,-0.19218379534546928,Malware
-0.2223000945499168,-0.10919685376731697,Malware
-0.20342735251663785,0.013670840313421764,Malware
-0.21600781627760546,0.12179313406994302,Malware
-0.23738532176464125,0.11684169152923037,Malware
-0.21280292267187415,1.2473814798386764,Malware
-0.20553268372089378,0.07454509036958798,Malware
-0.22416093107187576,0.20658432921115202,Malware
-0.2503456490071266,0.06538090145692468,Malware
-0.2430394896201661,-0.0904083684129847,Malware
-0.19786218800043076,-0.07622846946189721,Malware
-0.21679124807182065,2.3623915388112633,Malware
-0.21001029724065043,0.2177725409264066,Malware
-0.2500099887245009,-0.24439176932856885,Malware
-0.24827573842259043,0.05227980651991372,Malware
-0.22260352520606164,-0.001963072771159547,Malware
-0.24798262062815968,-0.2394222069764162,Malware
-0.4691953232579692,32.120593767882816,Malware
-0.22238360692846285,-0.09222742758115353,Malware
-0.2512037255129157,-0.09133107394335614,Malware
-0.24562377306580593,-0.26538144862267027,Malware
-0.20277266207444264,-0.1520821729381527,Malware
-0.2719941952749641,2.923829986243731,Malware
-0.2457859154353833,0.31446021108720335,Malware
-0.24607573838404093,-0.26318199936458175,Malware
-0.21624980604548227,-0.12438701794395808,Malware
-0.2009916007475456,-0.1988285132972421,Malware
-0.20447878191307595,-0.20199286497199254,Malware
-0.2427679460027274,-0.3568473859136561,Malware
-0.24633029383485175,-0.08400583048368361,Malware
-0.21602665899274143,-0.044817793812021806,Malware
-0.21138520562083082,0.28494947460146874,Malware
-0.22366347814528564,0.025135185083189078,Malware
-0.21604501399055373,-0.23002300226394604,Malware
-0.204047529606066,-0.048654271212551746,Malware
-0.22912319972747383,-0.022762757715861823,Malware
-0.21489907994478166,0.22011895056164824,Malware
-0.21079135341952304,0.6288928848083991,Malware
-0.2159589750926416,-0.06607032929806277,Malware
-0.2076391205742897,-0.12258837936984593,Malware
-0.19865358622638546,0.08317853126825431,Malware
-0.2436264120107621,3.3040228989260485,Malware
-0.2187149633342726,-0.13971768908491425,Malware
-0.24517563136041146,-0.2711334613788512,Malware
-0.2442841630725294,-0.2589452676078075,Malware
-0.22131370320409982,-0.2514604811421992,Malware
-0.25106428602669023,0.23391313488258972,Malware
1.5804578932487374,-0.1643034535000148,Malware
-0.21415952890259005,-0.21059145013439812,Malware
-0.2234360600314898,-0.06905061570806224,Malware
-0.23492458551730322,0.12919289668644324,Malware
-0.21856651696308413,-0.13481308562241187,Malware
-0.24483994489705288,-0.3275811795699351,Malware
-0.19593968247679378,-0.21132120206572041,Malware
-0.20450121341917102,-0.1947685502566037,Malware
-0.21620897393024183,-0.013256981096312934,Malware
-0.25228906034270376,0.5095692201253568,Malware
-0.20289501195377688,-0.2191106744039134,Malware
-0.18464548752060456,-0.06564564197211906,Malware
-0.22251647422527276,-0.10193003068960439,Malware
-0.20564061746157614,-0.21852883767329,Malware
-0.19092055706553346,-0.04295387145177751,Malware
-0.21646293595140073,-0.024993452850712316,Malware
-0.19777807742091041,0.06591521707490205,Malware
-0.24367995355358166,-0.35535728041268966,Malware
-0.24190539992770538,-0.30659285809047,Malware
-0.2407604395886003,-0.189052204602961,Malware
1.5764948344322434,0.2603010117225549,Malware
1.5711737227695666,-0.5123908964956734,Malware
1.574504901696008,-0.08710600139675885,Malware
-0.25436195333265177,-0.03026680712756219,Malware
-0.24610488782396975,-0.28723990709460157,Malware
-0.2158489077337735,-0.02784784123017562,Malware
-0.2445630938718,-0.2401839862322936,Malware
-0.2470962056616049,-0.29946052822726654,Malware
-0.19248710569194546,0.6862680517828705,Malware
-0.25009012640222594,-0.13785378808491996,Malware
-0.21965636157018578,4.154631914229377,Malware
-0.19441254748625983,1.6485945428191033,Malware
-0.2040811089218002,-0.0711274089744417,Malware
-0.25476519745314735,-0.11639996683361975,Malware
-0.2434249908514833,-0.16745104159883567,Malware
-0.19590711342048045,-0.18189733918639486,Malware
-0.2181492354905805,-0.19698499339143355,Malware
-0.22370078183580192,0.8588506459853751,Malware
-0.22293066406254394,0.04528138348626837,Malware
-0.19923362872475336,-0.2927050607678985,Malware
-0.22351281841607637,-0.11536332430780778,Malware
-0.20476061475032364,-0.17815729322634827,Malware
-0.22712730353933397,0.19362227116011332,Malware
-0.19127673262258363,0.0908574017249304,Malware
-0.20168787569936858,-0.0016596702992896673,Malware
-0.2044941791737868,-0.12511791254164029,Malware
-0.21737161432841368,-0.260310693182437,Malware
-0.20206837509566988,-0.2739233798607802,Malware
-0.19818673141867746,-0.2353909890245011,Malware
-0.2046241616111677,-0.10388425532244532,Malware
-0.22487206923869482,0.9705506539349833,Malware
-0.20728704488683647,-0.12008557701992635,Malware
-0.20934140689833525,-0.05663319298465636,Malware
-0.1999416107883009,-0.05483056591871317,Malware
-0.20525344578305074,2.328249318458191,Malware
-0.22379617202824942,4.565681022271737,Malware
-0.21308017908252824,-0.22252631169121076,Malware
-0.19503140605947172,-0.291246266778065,Malware
-0.24807147200333687,0.5500390989886496,Malware
-0.19488471146725925,0.04351395597854006,Malware
-0.19966619141772432,-0.25741088631046866,Malware
-0.20580468876838928,0.8297294061030398,Malware
-0.20049001307342382,1.3887742834187973,Malware
-0.2088104279571051,0.847494973151366,Malware
-0.2497703850777614,2.579856161654484,Malware
-0.21487582828193053,0.6101830387774211,Malware
-0.22124908284663974,3.500609365377086,Malware
-0.20484891545092399,-0.1152171891779715,Malware
-0.20349541696890755,-0.15634003360353682,Malware
0.06093995795222673,0.26569593633746924,Malware
-0.207168000048907,-0.1997265881044214,Malware
-0.20642691530359544,0.12221964979916639,Malware
-0.20990248345966836,0.4888881941616656,Malware
-0.20836192322463187,-0.17929670948333207,Malware
-0.2429682080244907,-0.1813135599060839,Malware
-0.19907082548815325,-0.2805796506303804,Malware
-0.19883263810357105,0.5506294635569714,Malware
-0.19372929520916907,-0.07780550036458637,Malware
-0.20724009430143525,0.586352356076716,Malware
-0.20622270166776163,0.41359821875977093,Malware
-0.2179339255677942,-0.2205302824741045,Malware
-0.19820847485538057,-0.263406052855095,Malware
-0.19850164227869538,-0.1694581565673887,Malware
-0.20909483567320758,0.019608594589397225,Malware
-0.2012137704091108,-0.09494705895625771,Malware
-0.19646930833238682,-0.2968014535995217,Malware
-0.2152761673242247,0.31468919780573196,Malware
-0.20805888666572717,-0.16194234406088795,Malware
-0.19840365114372369,-0.13188838094466646,Malware
-0.21142830598500495,-0.11156733169654583,Malware
-0.19958789154700693,0.5150581547541532,Malware
-0.2140314971734003,-0.12196549356677837,Malware
-0.21375986360594146,0.26307158433171157,Malware
-0.20280492892285656,-0.1005964142900855,Malware
-0.2146740588216922,-0.2077765641196856,Malware
-0.2063592840937153,0.3581724038155914,Malware
-0.1930703802952959,0.5000068785469345,Malware
-0.257377475465583,0.43675676321521856,Malware
-0.20641734657039013,-0.19472580182907007,Malware
-0.22363099765713026,0.7691845140139572,Malware
-0.20088861206866135,0.044225126472251075,Malware
-0.2088949514478946,-0.052853605427190344,Malware
-0.19952353792877026,0.058048257574457834,Malware
-0.20713816429100515,4.700865829476187,Malware
-0.2198976828119509,0.06277599409861422,Malware
-0.20137755708745705,-0.16774649290136512,Malware
-0.23901721258185607,0.08862260934529295,Malware
-0.20463870128845457,-0.1069888978138786,Malware
-0.2061985505008135,-0.11555894361040958,Malware
-0.2006797424505774,-0.0553007270418412,Malware
-0.24429145570900734,4.114178450133668,Malware
-0.2289854780010982,0.11841321170619934,Malware
-0.22141914085464956,-0.15201045555270432,Malware
-0.21073865757971671,1.2369855195770385,Malware
-0.2127877636148972,0.4110540857660728,Malware
-0.2059106750192054,-0.03925018977256901,Malware
-0.2041532406756749,-0.10853139145857305,Malware
-0.20675821308022588,-0.038001135000260984,Malware
-0.1869449316649871,0.02581106238335365,Malware
-0.20865053251885368,-0.07010819042086305,Malware
-0.21611162370016013,0.025625799143353355,Malware
-0.21044150392638444,0.889099677230835,Malware
-0.19728902259173942,-0.12882301529882156,Malware
-0.22417870789140634,0.024862952238653514,Malware
-0.25435390529564345,0.804866533568475,Malware
-0.2300482235843683,-0.0643432972755187,Malware
-0.2444399159703237,-0.30694002059361697,Malware
-0.2112146639988261,-0.0030879892779862345,Malware
-0.20103281602912063,0.7178638687061741,Malware
-0.21593892786429772,-0.12265461244286292,Malware
-0.24725618072850253,0.021151719888786967,Malware
-0.21573158928593378,-0.08017421042178319,Malware
-0.2041975464872769,0.7804832581923558,Malware
-0.23253796213348546,0.5371744441015839,Malware
-0.20383009345198747,-0.12565421205660662,Malware
-0.23204147520946203,0.5000233843094349,Malware
-0.22095614596007368,-0.21168811491850834,Malware
-0.23356440914179524,0.3052124934245416,Malware
-0.21614085106076697,-0.1338473997581311,Malware
-0.24419451971277864,-0.1198475258720262,Malware
-0.203542808109433,-0.14593055336398772,Malware
-0.2077590089547473,0.7957260984130747,Malware
-0.20195477528962186,0.5611915144975153,Malware
-0.23668969058207467,1.0763364781725004,Malware
-0.2083513421328071,-0.06660618817030974,Malware
-0.20498302573484328,-0.2060548050819784,Malware
-0.20649279095752598,-0.08620003608194887,Malware
-0.21730508323389408,-0.0018106070818350542,Malware
-0.2119374351648598,-0.08145753220279932,Malware
-0.21904513999905192,-0.20428749105779817,Malware
-0.22358892502225033,-0.21124051516942843,Malware
-0.21483408584251434,0.9523884906893871,Malware
-0.20689080248701824,-0.28548084995222095,Malware
-0.21912406756666938,-0.25665035699950783,Malware
-0.22653324516441076,0.2030091147949597,Malware
-0.21418653158451878,-0.15396892942279633,Malware
-0.21213215107334524,-0.162561604734667,Malware
-0.20135876257025517,-0.1335652982028653,Malware
-0.21418570946989124,0.11773320376208901,Malware
-0.23884115948864781,0.26433775418509403,Malware
-0.21098685801134243,-0.05195666747030892,Malware
-0.1938076574622701,0.11680041657588348,Malware
-0.19672090544777007,0.10804134947248206,Malware
-0.21839471249648046,0.5993623482285331,Malware
-0.2062472876019065,-0.09283055098551513,Malware
-0.2127470983933349,-0.0368872102298083,Malware
-0.21731816090348555,0.01609541114593618,Malware
-0.21403451948408816,0.03766040852694138,Malware
-0.21877774574193853,-0.2888310775876465,Malware
-0.21786755201121286,0.009709354372962341,Malware
-0.06605638538076265,-0.2996645218132759,Malware
-0.23937585085502408,1.5954952201968062,Malware
-0.21707939792061465,-0.1423577080401748,Malware
-0.19763153822915255,-0.15179553264769702,Malware
-0.22162063936856388,0.7857986781199121,Malware
-0.21225551693694758,2.2955334020342533,Malware
-0.23241619608401667,-0.03340196356004171,Malware
-0.20306918287993944,-0.12050758344273887,Malware
-0.20637854818278137,-0.16038510797820602,Malware
-0.20388779606515206,-0.11597900235153516,Malware
-0.2240694699351861,-0.1663171830949913,Malware
-0.24260041267767293,-0.23493070855031672,Malware
-0.20697851426518207,0.4477923241783493,Malware
-0.20722477551469984,-0.06708545356906392,Malware
-0.2145734269904072,-0.06654576843299201,Malware
-0.18781631934300708,-0.124436704668966,Malware
-0.19701513502598147,0.5851020499897444,Malware
-0.22748566616684732,0.8645443925077693,Malware
-0.20331235008833554,0.19644177843130706,Malware
-0.20758178351669093,0.37850960996282373,Malware
-0.1775861649782466,0.4386214538537857,Malware
-0.21942527563654868,0.8716916233176909,Malware
-0.2131455337959524,-0.1534395455902331,Malware
-0.21101540817007722,-0.2830337627728595,Malware
-0.2119751496296736,0.22067331215683897,Malware
-0.1887368703207034,0.21604520334182348,Malware
-0.20791651684050405,-0.04775566171239325,Malware
-0.21170922454307284,0.30851915691866566,Malware
-0.21046973381123715,0.5535956432907898,Malware
-0.22246697580003957,-0.11073886432026032,Malware
-0.21903581430748922,0.23404452732011619,Malware
-0.2040747981588999,-0.0042741358051557295,Malware
-0.2034374191037668,0.15835242023685947,Malware
-0.2090657729419185,-0.0943525395645143,Malware
-0.23093465497537688,-0.018048080022172123,Malware
-0.21096923830654501,-0.13489372438544986,Malware
-0.22543247659272592,-0.12884479142307748,Malware
-0.20064551180612705,-0.11217663710678058,Malware
-0.20568718239646064,0.9543489857960051,Malware
-0.23256145197488734,-0.08165022903317262,Malware
-0.2150918999469105,-0.1302983136532091,Malware
-0.22438666477290978,0.5213501844944024,Malware
-0.20258470287744726,-0.0898933716207673,Malware
-0.2123728399233306,-0.04386852674930502,Malware
-0.2169028012361597,-0.02751356495212593,Malware
-0.21537017667136787,-0.05904592787719424,Malware
-0.21330321320237527,0.5914310308024592,Malware
-0.20718783140568858,-0.5590866052568517,Malware
-0.21205029552624896,-0.40703194733064996,Malware
-0.21137918494748567,-0.13665714057615597,Malware
-0.18917574223041525,-0.13553207402210404,Malware
-0.22012981460372094,0.3709985139755835,Malware
-0.1908397825802036,-0.22926100428531135,Malware
-0.2178302262516249,-0.12583345512722163,Malware
-0.20007936401817364,0.13882444883489986,Malware
-0.23801133192134907,-0.19330061210479346,Malware
-0.21420166015682124,0.20447066374369555,Malware
-0.24634915779108507,-0.1928509333578227,Malware
-0.2395187696210422,-0.1597758808523814,Malware
-0.2019038793097072,-0.040070715597270205,Malware
-0.21558026143930167,-0.03493017938564807,Malware
-0.1830524939251637,0.12587712470898066,Malware
-0.20024313235969315,0.08052928510584705,Malware
-0.22473206576392277,1.8744492668990365,Malware
-0.20210187743326344,-0.04803923077690696,Malware
-0.20622865664328588,0.15929916620264617,Malware
-0.2071613866509639,0.0719346844041572,Malware
-0.2333457406066923,-0.15313437805008986,Malware
-0.21852871644342822,0.5238685599105998,Malware
-0.2152855818913919,-0.13944726502898036,Malware
-0.2062714768774682,-0.08943165956209947,Malware
-0.20562436858998234,0.15583858201094386,Malware
-0.20334012673614382,-0.018826378184170333,Malware
-0.216544621236063,-0.03839880424268187,Malware
-0.20795927757191782,0.28734727128541176,Malware
-0.21265142333230436,-0.07894157220649949,Malware
-0.2179044398147035,0.46975306833129915,Malware
-0.20055891039524806,0.8065500220303669,Malware
-0.21401988866720456,-0.15099208636264375,Malware
-0.20377960922631905,-0.33431011259254734,Malware
-0.21603292060890805,-0.04522723877311503,Malware
-0.21186674288618668,0.5876016567209169,Malware
-0.19098086706492354,0.6534301090879451,Malware
-0.2111161982760298,0.697254587574938,Malware
-0.21114143463886362,-0.2225042251398044,Malware
-0.203837863560494,-0.09327644462049228,Malware
-0.22095603706163267,0.5402453637012538,Malware
-0.20363519731580743,-0.05160622817541523,Malware
-0.22943167140094986,-0.1826786284888159,Malware
-0.20359436892461336,0.0884635073477933,Malware
0.052601697464407855,0.002172983444020002,Malware
-0.21314769125148597,-0.21298349296127722,Malware
-0.22832191026787615,0.04848038865514181,Malware
-0.20354229797010698,1.1515885108669794,Malware
-0.21181524771039695,0.35571416945191625,Malware
-0.2083830626851349,0.19551457930017774,Malware
-0.20632430752309328,-0.06837642547269568,Malware
-0.20421349576289155,-0.0873981562538154,Malware
-0.20895440208293428,0.24572346950565394,Malware
-0.2254610684418159,-0.036790672536240375,Malware
-0.2098219534937292,0.16917064393389714,Malware
-0.2337723368284299,0.28779693794665856,Malware
-0.21614928132385017,1.0668699889719906,Malware
-0.22180221606101458,2.214720584917812,Malware
-0.22120509269304264,-0.2337352005473966,Malware
-0.20379428184836212,0.877680641422726,Malware
-0.20663559653531816,-0.05431504916686801,Malware
-0.23726132924300686,1.6177942084590433,Malware
-0.21680140633212505,1.6963328088369434,Malware
-0.20472542064627103,-0.15029979685973208,Malware
-0.2190396930513655,0.9591952411540796,Malware
-0.20649265415595144,-0.10375998463353553,Malware
-0.19823742968144176,0.5422122335624283,Malware
-0.22304312704664458,0.4842504820417095,Malware
-0.21538238127217635,0.3949527463696356,Malware
-0.20259673269651213,0.4010539169353213,Malware
-0.2318730946225914,-0.19048679401817878,Malware
-0.2123487259569697,-0.08964967921737446,Malware
-0.24545070355138898,0.127128680295543,Malware
-0.18405401239582544,-0.07091335427477304,Malware
-0.22182309279280324,0.018556797296989187,Malware
-0.20230966438034467,-0.0027780265166073522,Malware
-0.21761240527892595,0.6345087518557189,Malware
-0.21842616704925952,0.15850916993514386,Malware
-0.21056505451275687,-0.03845944797995974,Malware
0.3397262681643363,-0.31099350659870434,Malware
0.33921296590325434,-0.3208987340672163,Malware
0.3390925205759068,-0.2953299356857744,Malware
0.3374579675258209,-0.03786722857222675,Malware
0.3391319294928352,-0.3050179590877218,Malware
0.3399007474844777,-0.3602363007983539,Malware
0.3391557973057892,-0.3111278445678494,Malware
0.33917896005008424,-0.2666386626285706,Malware
0.33892032749156425,-0.28036629059572454,Malware
0.3388841824426719,-0.22932513491608383,Malware
0.33914659953371984,-0.31130447968419156,Malware
0.3384988790543268,-0.23506063383322792,Malware
0.3388590163511967,-0.2708577064089156,Malware
0.3388215094529571,-0.2111812711837894,Malware
0.33871915515226675,-0.26392318239613693,Malware
0.3394002817258259,-0.2992286962343884,Malware
0.33909445082374,-0.29546156323889927,Malware
0.3379321320449768,-0.092603430504459,Malware
0.33932911594436,-0.32817631137040565,Malware
0.33904077991083814,-0.2773157526427476,Malware
0.33934263266978926,-0.270605821032727,Malware
0.33892913562746607,-0.2892384151697743,Malware
0.33941882560911724,-0.23987342437452067,Malware
0.33915886987368987,-0.2669026180390655,Malware
0.33893523638826495,-0.26144837898397705,Malware
0.33963066639330297,-0.32402892018289736,Malware
0.33879656978628647,-0.265633692642516,Malware
0.33912137877821863,-0.28757274972587193,Malware
0.33930590661650933,-0.32352137026850764,Malware
0.3391870048154399,-0.2741113038123012,Malware
0.33925427916255674,-0.3126098035592486,Malware
0.33935389624323936,-0.33006065087545233,Malware
0.33934991965804795,-0.33047810292882296,Malware
0.338795824496123,-0.24672278408441575,Malware
0.3393941622616469,-0.26577182896029194,Malware
0.3391954364026416,-0.3111534522959943,Malware
0.33772475822758025,-0.15595020988154407,Malware
0.3391485069638811,-0.2440017134440513,Malware
0.33685992245384105,0.12989459046890497,Malware
0.33916509915734083,-0.31326286462803626,Malware
0.3392824653234687,-0.274464371278524,Malware
0.33878822846297807,-0.2290319425768851,Malware
0.33873511243420656,-0.270213437382634,Malware
0.3391442955951288,-0.24434358984078636,Malware
0.33954106715447924,-0.30603603749692854,Malware
0.3389813562772895,-0.2643021990518952,Malware
0.3394277941766153,-0.29919581579765026,Malware
0.3393901044077192,-0.3387412610583806,Malware
0.3390051954961271,-0.2573072592988282,Malware
0.33774217857743877,-0.12343034377903261,Malware
0.3391371363372322,-0.3052885371455044,Malware
0.3391279371230271,-0.3046774313204416,Malware
0.3394386708457551,-0.27164692141993513,Malware
0.33941439578754534,-0.34276465489350644,Malware
0.34043791959341085,-0.005105159728302032,Malware
0.33911934268573657,-0.31043148946987337,Malware
0.3390424885935667,-0.27728757599849246,Malware
0.3401065620362335,-0.261938639763425,Malware
0.3393838711348721,-0.3385965809966351,Malware
0.3393839969130514,-0.33859450688015247,Malware
0.33778532938035055,-0.05110602537587104,Malware
0.33913106865067794,-0.304462333708935,Malware
0.33743654311416266,-0.038869791166555194,Malware
0.33908622674076877,-0.29029696266775334,Malware
0.3397023506821595,-0.3351008488659162,Malware
0.33922060049567865,-0.2587271903106291,Malware
0.34008410140594175,-0.2548884382451448,Malware
0.33909636534924603,-0.2868555957341068,Malware
0.33897343277735886,-0.275737924174249,Malware
0.33947161554467975,-0.2734980288355467,Malware
0.3392899745242567,-0.2953768830168417,Malware
0.33917962595455603,-0.2522758718919816,Malware
0.33847637907898553,-0.1683181303098985,Malware
0.3393629627150667,-0.2795449810734795,Malware
0.3394765313430348,-0.2608048724826869,Malware
0.3387547751201816,-0.2369194835684551,Malware
0.3393705545312983,-0.2840066711654346,Malware
0.33903397266572993,-0.26224278643379395,Malware
0.33908544088114756,-0.23452206873553808,Malware
0.3388235081643783,-0.2627353743041858,Malware
0.33873126659788866,-0.22362460571325338,Malware
0.3377389661918026,-0.11670431756136392,Malware
0.3394151146384217,-0.2985580908996593,Malware
0.33890422142810656,-0.2866774909084775,Malware
0.3393844643985849,-0.33885922769350935,Malware
0.33855174096524115,-0.2091393792714675,Malware
0.3397023446403891,-0.3365531476062005,Malware
0.3391582567459111,-0.2661794499162214,Malware
0.33927439842013235,-0.29121097200958934,Malware
0.33899727308480826,-0.16891206575498507,Malware
0.33764936490233327,-0.1503790330874553,Malware
0.3387754737088671,-0.23145967467616368,Malware
0.33875108476106375,-0.2364059544329301,Malware
0.3391498570127176,-0.24430636650327645,Malware
0.33937747608743246,-0.3370674584093382,Malware
0.33889887672325203,-0.23594672630252497,Malware
0.3391194465252571,-0.30301940706328434,Malware
0.3390627421090395,-0.2996463990130121,Malware
0.33810179089957465,-0.10638242369902513,Malware
0.33933868099308695,-0.30012815949090593,Malware
0.3391368097003334,-0.30529392347705914,Malware
0.3391148627681276,-0.2663657527824113,Malware
0.33916195283443407,-0.25352672431615564,Malware
0.3385988687579638,-0.2182043739018763,Malware
0.33727635965419234,-0.02757265491208145,Malware
0.3378764722363342,-0.11780044016676308,Malware
0.33894897198681334,-0.2543077226507819,Malware
0.33878168730144487,-0.2681327723084034,Malware
0.3396359445679029,-0.32553257727416884,Malware
0.33880593628715217,-0.23952671372159345,Malware
0.3379535041181405,-0.013722526684050102,Malware
0.338569696964518,-0.26060763245005775,Malware
0.33928718228247157,-0.3067562981105673,Malware
0.33910417352537636,-0.28746467881030774,Malware
0.33919352040862444,-0.3110215896935545,Malware
0.3385834190103246,-0.2513296030013036,Malware
0.3390027226545644,-0.2628255967574806,Malware
0.3389979531159064,-0.24029786819957688,Malware
0.33871331921401204,-0.2638809220895134,Malware
0.3389669231511271,-0.29697128330934464,Malware
0.3393508785737232,-0.33024434632593247,Malware
0.3378739208222015,-0.07707843037062682,Malware
0.3379726094520187,-0.18899693838226805,Malware
0.33871494754276266,-0.26426499680184384,Malware
0.3380201445501397,-0.17154403950836372,Malware
0.33852879165833194,-0.19960335372111265,Malware
0.3382024979059218,-0.14149741948006844,Malware
0.33963358617270895,-0.3231385215460147,Malware
0.33882374324505254,-0.2110222107871932,Malware
0.33679558537676824,0.04173677908068344,Malware
0.339159742212951,-0.31291075119528655,Malware
0.3389177520046622,-0.2800273593889879,Malware
0.3389226452624776,-0.25494921637394796,Malware
0.33792150927941017,-0.12492878484892275,Malware
0.3392879534573101,-0.29692036219386186,Malware
0.33901622205531484,-0.277481359899126,Malware
0.3384753951193697,-0.28005194305330744,Malware
0.3361377007478661,0.30849524949827684,Malware
0.3389508925780081,-0.21983715377213078,Malware
0.3385159357720879,-0.20200269208054597,Malware
0.33932483618850073,-0.2715304225469152,Malware
0.33963822341453104,-0.3300218101160823,Malware
0.339395328367508,-0.3029322872751975,Malware
0.3395880906643795,-0.3052789694718131,Malware
0.33835870185738437,-0.1609386813802191,Malware
0.3393391157720902,-0.2752769367980004,Malware
0.33993367927405693,-0.3686985095197446,Malware
0.33935616848307515,-0.33091991765432466,Malware
0.339051125098038,-0.2664859550556548,Malware
0.3390529651633687,-0.22667664612198868,Malware
0.3390505854910526,-0.2762282267875488,Malware
0.3412999043666728,-0.1719187682433801,Malware
0.3392947459046699,-0.32886257161002636,Malware
0.33866433919243777,-0.20925543146245656,Malware
0.33873829178780046,-0.2704084774058512,Malware
0.3386959499659115,-0.23317052076955008,Malware
0.33896378845377145,-0.2405198927174593,Malware
0.3387599840560403,-0.23688807275081825,Malware
0.33881891767738215,-0.279181071123556,Malware
0.339127793663404,-0.26473154811150007,Malware
0.33888650676132537,-0.2574034730916726,Malware
0.3391081389075055,-0.266011218825036,Malware
0.3391474439894014,-0.3106367229141129,Malware
0.3379449330974759,-0.13417610244900557,Malware
0.34062046502069493,-0.2540346748840869,Malware
0.338941524101727,-0.2544927178559778,Malware
0.3396480020923941,-0.3260466260907142,Malware
0.3386131241124662,-0.2464691311043363,Malware
0.33758334183277566,-0.07789346797136026,Malware
0.33835487663275676,-0.13454406690770201,Malware
0.3385895130549843,-0.2263937131746347,Malware
0.339196443661998,-0.2810248919776036,Malware
0.3394033791591362,-0.29942508714542687,Malware
0.33852140871534336,-0.2019124417534632,Malware
0.3396681600257276,-0.33168262410432636,Malware
0.3393499090955097,-0.33044875249863004,Malware
0.33911626271301504,-0.3024725634854792,Malware
0.3389479790695894,-0.2558823558189045,Malware
0.3389249346676516,-0.2690102139042407,Malware
0.3390445321102301,-0.2812958995090523,Malware
0.3389661188595742,-0.26972643770076005,Malware
0.33878484518754853,-0.2396049383360097,Malware
0.337536521485926,-0.004882493600215274,Malware
0.3393942749512486,-0.29125862899792415,Malware
0.339617266807573,-0.3216595184903651,Malware
0.33938780640473876,-0.33856121193248057,Malware
0.33871034066299743,-0.22534444665358663,Malware
0.33896726405494426,-0.29130072541455043,Malware
0.3390441266230807,-0.3056313042259966,Malware
0.33930664473611044,-0.27221677602351674,Malware
0.3389921519708319,-0.2625049733531259,Malware
0.3397335226796451,-0.34471736041599726,Malware
0.33804029846989053,-0.13800498875450604,Malware
0.3393778774673689,-0.29165764341642986,Malware
0.3376845674936004,-0.1585064045461796,Malware
0.3389424167706077,-0.26613981686399896,Malware
0.339339162718241,-0.2703361257474445,Malware
0.33936068602825614,-0.23018775707995937,Malware
0.3388765487844114,-0.2580535882832927,Malware
0.33861568158900524,-0.21184231172130757,Malware
0.33906596628806335,-0.27884199522979763,Malware
0.3392114335672383,-0.28400076736969815,Malware
0.33896709589717194,-0.29764722749163747,Malware
0.3394704481790567,-0.260657717084749,Malware
0.33872265492572173,-0.2808348845023757,Malware
0.3393530088478302,-0.3304816473021692,Malware
0.3388919195117848,-0.2626477862947281,Malware
0.33881292864077306,-0.24815932130249183,Malware
0.33807654239773843,-0.07277253620528135,Malware
0.3386002666324283,-0.25694061210273395,Malware
0.33962075233104777,-0.3218495096887363,Malware
0.33956274890706795,-0.25430897936563324,Malware
0.33914677795899906,-0.24359433756245563,Malware
0.33903129442136415,-0.2873409935493014,Malware
0.33912106330715,-0.2362662932469991,Malware
0.3391616679427767,-0.2747621398378859,Malware
0.3376473578204663,-0.07489203393067598,Malware
0.3393625670542413,-0.2297254140678878,Malware
0.3390671008309122,-0.2964722572472929,Malware
0.33966490407740385,-0.33189977344666655,Malware
0.33896436525855006,-0.2971473969126907,Malware
0.3391358634051954,-0.30498261240921626,Malware
0.33885392130486514,-0.18812120360281753,Malware
0.3387039572341571,-0.26733798836236033,Malware
0.3389043923463182,-0.28121555987481284,Malware
0.3393838146505538,-0.3389244281712299,Malware
0.33955463822375637,-0.334268904976536,Malware
0.339210471296832,-0.29143811681794723,Malware
0.33931417157438937,-0.2923193915622033,Malware
0.3390907654209578,-0.30737226053792227,Malware
0.339228547863384,-0.2358293680280479,Malware
0.3393376012437673,-0.324658343152258,Malware
0.3396707836896406,-0.17281726744885995,Malware
0.3391162899675645,-0.3024721140505253,Malware
0.33901517552309146,-0.2711547783995093,Malware
0.3389182014605954,-0.2479129933539587,Malware
0.3371103696125975,-0.015894969471713344,Malware
0.3396692725764222,-0.32691348271519655,Malware
0.3390075181353998,-0.2707593974946237,Malware
0.33963872511611176,-0.3239800402104766,Malware
0.3387354612581694,-0.27009871326941604,Malware
0.3389771685005725,-0.24204280267098377,Malware
0.337935762218673,-0.093251885371061,Malware
0.3396887830325116,-0.2281957606237581,Malware
0.3391640459965069,-0.3129782771508029,Malware
-0.2395430365445586,1.7507862894225714,Malware
-0.22376558964066853,-0.10230351131982351,Malware
-0.2339118857158941,-0.08476719869627451,Malware
-0.2211794522518533,-0.09758942259272861,Malware
-0.2267980248358657,0.24611479185939647,Malware
-0.19747784289712225,-0.16656283891477658,Malware
-0.23091529662017632,-0.0963601911754097,Malware
-0.2176892207058357,0.0637852472034831,Malware
-0.20931034982675167,-0.04493628221032701,Malware
-0.24531078266186923,-0.04659085338382105,Malware
-0.2202831681779762,-0.2240427506368173,Malware
-0.21350179887550877,-0.12117420891888225,Malware
-0.18511836488531247,-0.1011327069760411,Malware
-0.20744696884497288,-0.17194563784381475,Malware
-0.21770912707906329,-0.08195602382376235,Malware
-0.23927308051234936,0.10988878777520918,Malware
-0.22908256448647624,-0.20969062589314086,Malware
-0.22141084092569827,-0.11619099684950128,Malware
-0.2084071919340399,-0.17135651266938276,Malware
-0.22818492962813594,-0.20016583402352822,Malware
-0.21562308188401214,-0.15694260652921616,Malware
-0.22686196080749155,-0.1312071403496016,Malware
-0.22685379950904092,-0.18341442816564024,Malware
-0.20218336343075022,-0.1028176394172967,Malware
-0.22918446417757382,-0.17935635686001758,Malware
0.3289404077327594,-0.26134252812687,Malware
-0.22534763053511828,-0.15950872706054764,Malware
-0.2186292850721486,-0.07425784785122805,Malware
-0.22457498373382132,-0.14099172183710795,Malware
-0.22451014365073635,-0.1720426742321871,Malware
-0.21873639739570172,-0.13327141172216067,Malware
-0.22464913216536236,-0.15405820078146004,Malware
-0.20843414804091745,-0.12569162808411563,Malware
-0.23941129722345067,-0.15049700859890683,Malware
-0.22116339733073354,-0.18842448353089059,Malware
-0.22445107144790596,-0.12397198878123533,Malware
-0.223762598070113,-0.22779108734667697,Malware
-0.2217120536513331,0.05516328172893648,Malware
-0.22482058191350676,-0.13770969888625495,Malware
-0.22812011231547208,-0.1149276085010808,Malware
-0.2310642460414962,0.06355415587988804,Malware
-0.2068413837665527,-0.1312255303907277,Malware
-0.22903340714058956,-0.19213908310783942,Malware
-0.21678733350822232,-0.12605435881656457,Malware
-0.22035340305761392,-0.1965538338456103,Malware
-0.1991252748712506,0.11989930652470936,Malware
-0.22372993253526513,-0.16825120652269368,Malware
-0.2138055253807704,-0.06726202787949574,Malware
-0.22706187150625634,0.15743448053089076,Malware
-0.22973373762705576,-0.19189463518886174,Malware
-0.2254380650208636,-0.18594587482021147,Malware
-0.21541182012939428,0.15096282896490082,Malware
-0.2022791655357875,0.012983359896346913,Malware
-0.18734122303475745,-0.030282729970566986,Malware
-0.2298644485423506,-0.19454775785505568,Malware
-0.2234234091532974,-0.04172093985054368,Malware
-0.22981242320184367,-0.1558351136725425,Malware
-0.2321635151948883,-0.25890108614929713,Malware
-0.2057914859656021,-0.1447187269491191,Malware
-0.22436186989119866,-0.055549908040272745,Malware
-0.22855988255711496,-0.11936390080176973,Malware
-0.21369919039355262,-0.17611042016572248,Malware
-0.2240800979985539,0.10950496844137837,Malware
-0.2078733170835448,-0.028236346251134053,Malware
-0.23594430675488923,-0.1403012987303663,Malware
-0.21248185736939462,-0.08305436142881698,Malware
-0.21235125828695764,-0.11006543461079267,Malware
-0.24945904143824985,-0.12796417113280034,Malware
-0.22661591936681352,-0.1824785335233189,Malware
0.32500699125467336,0.12429186744732512,Malware
-0.21884481491556712,-0.2576223125152643,Malware
-0.2078479004551701,-0.19557076382181574,Malware
-0.2134244657786601,-0.0004098349895750826,Malware
-0.23559750183686573,0.11829835069448766,Malware
-0.21663952015485968,-0.18505946041860377,Malware
-0.22730888258183574,-0.1536375323517852,Malware
-0.22453908052936977,0.31807845819038605,Malware
-0.22155661143170735,-0.2000053079526039,Malware
-0.2374722371452255,0.08811596681841859,Malware
-0.22634937112197123,-0.005147776562020278,Malware
-0.21760320394042468,-0.0061216616665824035,Malware
-0.22467542167153687,-0.11447030522160591,Malware
-0.20688701835406473,-0.11122985036084757,Malware
-0.21190669955549365,-0.1295345340954895,Malware
-0.22248750492603525,0.7526625110423021,Malware
-0.22547731780338218,-0.15817904687681936,Malware
-0.23609186210236216,0.07162886628445496,Malware
-0.23403015356219417,-0.16506380260058306,Malware
-0.21577066012588986,-0.21331370219207382,Malware
-0.2079484525362069,-0.12438224511871397,Malware
-0.2023140177407218,1.2470099138972888,Malware
-0.22840093912818168,0.6745793849288206,Malware
-0.22862975454202103,0.2296510511753751,Malware
-0.24808276032370932,-0.18618261976945044,Malware
-0.22273334134253683,-0.1810603279890904,Malware
-0.22855066109240704,0.05238245632687074,Malware
-0.23549831969228557,0.20701940372231495,Malware
-0.20505955995744227,-0.1491118413247699,Malware
-0.22426043269247836,-0.012158263285328347,Malware
-0.19624608370843447,-0.06437047606080537,Malware
-0.2269738818551161,-0.07075713505559987,Malware
-0.19239642320083453,0.2318215705986021,Malware
-0.23284728870714352,0.11904456511011434,Malware
-0.19007824358981187,-0.05233308798832147,Malware
-0.22420986866652654,-0.03575887895328633,Malware
-0.22475055088115506,-0.1437219137872597,Malware
-0.22045957740550262,-0.04922642318618429,Malware
-0.20891431086008175,-0.22346952454107724,Malware
-0.22104384508272112,0.1092243976042733,Malware
-0.22872319885385858,-0.08949652900310967,Malware
-0.1990091202134367,-0.09782182398001432,Malware
-0.22096094341721756,-0.20360312854211804,Malware
-0.20911019021137633,-0.07346387732097884,Malware
4.690385902455285,-0.20933894386952687,Malware
-0.22742604551906945,-0.09898391863468181,Malware
-0.2021707122174864,-0.2025020181980449,Malware
-0.2169490939637414,-0.18627009981807044,Malware
-0.20858765151538125,-0.12310391716886253,Malware
-0.2143749427602163,-0.041373375554044745,Malware
-0.2492420860479573,0.23056794079746162,Malware
-0.22775893164166391,-0.0629487365954438,Malware
-0.23499444615924692,-0.09662191476522532,Malware
-0.219454801354266,-0.15247699275142093,Malware
-0.2431345873840563,-0.15788655577551539,Malware
-0.21029925127526083,-0.0724801611310354,Malware
-0.22348307874825427,-0.17010662102538118,Malware
-0.2282027656697355,-0.07930942024964364,Malware
-0.22383471608445274,-0.1711306007769765,Malware
-0.20727673142864708,-0.08604332322524459,Malware
-0.22593423345259597,-0.13642936542023543,Malware
-0.20184635553712907,-0.10576658902768321,Malware
-0.22309794054851545,-0.18774550429039216,Malware
-0.14359067242423385,-0.03302441386550061,Malware
-0.23501582833158982,-0.10954733858358189,Malware
-0.20994322112267658,-0.0139058204895711,Malware
-0.22238131665846766,-0.17148437700553895,Malware
-0.20350050597349112,-0.08239432583647617,Malware
-0.20289571265381645,0.5081795287129603,Malware
-0.22688678147321492,-0.15211179278352743,Malware
-0.22540796852556094,-0.1698039359566275,Malware
-0.20855084553340278,-0.02382399525251942,Malware
-0.25811021361026554,-0.009503866617585609,Malware
-0.22695324281746013,-0.10403806077449439,Malware
-0.2426411029661398,-0.1688552183511534,Malware
-0.2245209477680766,-0.21375857062103362,Malware
-0.2135319617470154,-0.06046897946181138,Malware
-0.21066435250783697,-0.21215020406520088,Malware
-0.22876601892514734,-0.2574976397378949,Malware
-0.20816102133811787,-0.08688460832169496,Malware
-0.2196635282438307,-0.0892077028401107,Malware
-0.23601010333682287,0.7219561087188181,Malware
-0.22181762608996405,-0.22897878935834381,Malware
-0.23603854596313947,-0.14811597391948336,Malware
-0.2250360346112613,-0.017666368390655884,Malware
-0.23242050657714533,-0.1482624236381036,Malware
-0.22434589028220628,-0.16206872587833707,Malware
-0.22193217551833475,-0.16980227860422858,Malware
-0.23502406959504807,0.05424181327122413,Malware
-0.2091831706594678,-0.12883222311096695,Malware
-0.2295711127977449,-0.08045985150086052,Malware
-0.21292851489809964,-0.22417713728257294,Malware
-0.23243849891855636,0.009862379816935371,Malware
-0.22901295814945766,0.17569697843948628,Malware
-0.22109925151884025,0.16661050385891674,Malware
-0.2144756616338724,-0.2134609662395329,Malware
-0.23004366443833277,3.5982112810910416,Malware
-0.22496266816415483,-0.2293754270379815,Malware
-0.21745678355191064,-0.18669664795572066,Malware
-0.2194146242305069,-0.2475468238849974,Malware
-0.20779546275363353,-0.1878631044626571,Malware
-0.22614346086697626,-0.0031132594698213916,Malware
-0.21750143718190756,-0.09272043005637641,Malware
-0.2209463826941467,-0.048817992945632036,Malware
-0.20387977291342108,-0.177042104601878,Malware
-0.20812561739615434,0.002114360684278642,Malware
-0.2336187926930473,-0.1992884210460571,Malware
-0.22647712104745016,-0.19817955100148732,Malware
-0.21293254548056906,0.1390398876094781,Malware
-0.22462915015621157,-0.23882539877037426,Malware
-0.22501311608363628,0.07058764739810088,Malware
-0.22736514527409712,-0.20610984173665312,Malware
-0.23836363467147684,-0.13593521598431282,Malware
-0.2081818939828849,-0.12484446214783038,Malware
-0.2274781922219547,0.033833075357872056,Malware
-0.198420254524813,-0.0548795995634041,Malware
-0.20889045865131745,-0.21725455753871598,Malware
-0.19845152423922768,0.5298083541664457,Malware
-0.19183252644317744,0.16919340795529644,Malware
-0.2100842725691809,-0.060142501826126425,Malware
-0.22561577604323158,-0.19167445518493434,Malware
-0.23259714488691674,-0.041868906778130426,Malware
-0.21501844108565882,-0.05202973189238921,Malware
-0.21848821685219613,-0.08178354647281047,Malware
-0.21950805036888343,-0.21348604784240885,Malware
-0.22828818129797224,-0.22344853964031294,Malware
-0.22427690707261883,-0.03818788862314374,Malware
-0.22360041123995109,-0.17964026226773208,Malware
-0.24267902471035754,0.18402684495986915,Malware
-0.2133898960923706,-0.12865291528806772,Malware
-0.2398094076609871,-0.16213248937391866,Malware
-0.23503560588871764,0.06124684466511946,Malware
-0.2205997244780292,-0.21145920065139914,Malware
-0.24104583553911638,-0.1323896020205191,Malware
-0.22532767891735944,-0.12338586443993535,Malware
-0.22605688277545635,0.021780722550383897,Malware
-0.2178638636913098,-0.15113749919238223,Malware
-0.21488642666532642,-0.03176158169900195,Malware
-0.2105697692178497,-0.21764785084001823,Malware
-0.2115311038051847,-0.1540404060759447,Malware
-0.20695165122143785,-0.114929678864857,Malware
-0.21124441596378293,-0.18162344940132533,Malware
-0.23196537043894289,-0.06589202246764637,Malware
-0.22075889900353537,-0.20543295774421477,Malware
-0.21324945467211184,-0.11826420906486564,Malware
-0.2136546703221912,-0.08625273576097979,Malware
-0.20848910649142396,-0.06037736770107031,Malware
-0.22704940285662153,-0.22511327037788467,Malware
-0.22409810966287164,-0.16033041211439072,Malware
-0.20945783926595077,-0.08043266474647887,Malware
-0.19505380900675523,0.33355621760917403,Malware
-0.1492804279763479,-0.06446855346732887,Malware
-0.22879163496612215,-0.13314869363611148,Malware
-0.22597467853651224,-0.027836281560447988,Malware
-0.22582220248571694,-0.1340013363694689,Malware
-0.22325032492555896,0.05250367371288516,Malware
-0.2064272306602192,-0.20504700030975853,Malware
-0.19837159172182287,0.28356393784634376,Malware
-0.21491457653047408,0.09312192710994688,Malware
-0.22719349744860393,-0.1504380259470646,Malware
-0.21128719822225409,-0.1685928088191102,Malware
-0.24203453539440434,-0.17124359897610184,Malware
-0.21913008102918144,-0.17962245430973067,Malware
-0.23469188569348529,-0.22614186560935787,Malware
-0.2207273446080078,-0.17244416279912883,Malware
-0.2107172101426977,-0.2394019107480678,Malware
-0.2236903486772362,-0.11612598777125303,Malware
-0.22172339662721677,-0.2326943690033002,Malware
-0.2112518666557574,-0.16667713479142648,Malware
-0.22317476452748605,-0.16275317958791707,Malware
-0.22811634869652894,-0.1807294430470293,Malware
0.3276426098091211,-0.11649714415124804,Malware
-0.22110266148924596,-0.10239060556958825,Malware
-0.22692672390305849,-0.17840916377849364,Malware
-0.1931593607961567,-0.2289730479648338,Malware
-0.21450954918302553,0.048850327179528946,Malware
-0.21252207115745142,-0.1129736971430452,Malware
-0.22776690258910223,-0.15423910102409252,Malware
-0.22344753392611078,-0.19867778313724913,Malware
-0.2120669986255351,-0.09200336248938988,Malware
-0.15699840213879854,0.6549036802310703,Malware
-0.23945933543924838,0.017063598231406768,Malware
-0.22857580428825738,-0.10681040723319407,Malware
-0.21582827908047447,-0.22501823699485252,Malware
-0.20965700782166252,-0.20597737609741304,Malware
-0.21602939003090357,-0.16444814797673715,Malware
-0.23019427911413531,-0.09228111180937341,Malware
-0.2281021684087508,-0.04143600196200556,Malware
-0.22976632164927066,-0.18143551213323397,Malware
-0.21006776777189312,-0.07182414083326048,Malware
-0.22515368586766574,-0.1313104933264755,Malware
-0.22711573736140056,-0.11373723683361038,Malware
-0.23113143157200372,-0.1096464330603296,Malware
-0.24907679312384728,-0.11503052970545684,Malware
0.31901588482508514,-0.2044200829993278,Malware
-0.2148908570952217,-0.25999074901199565,Malware
-0.21967191706853662,-0.2004004419200055,Malware
-0.23225786099209636,-0.13665277648324323,Malware
-0.21339239468556473,-0.04948363661490844,Malware
-0.22049794872094405,-0.18823736476651737,Malware
-0.21492987881021255,-0.19707311264525898,Malware
-0.21526012309670225,-0.18159515341673144,Malware
-0.21495591531093927,-0.18923226621822362,Malware
-0.21495908839743275,-0.19468246863169292,Malware
-0.21591086635947154,-0.18775548370752346,Malware
-0.20306066192901961,0.2279641244689766,Malware
-0.22506510559234275,0.2077959811903536,Malware
-0.2155873717485199,-0.11570001761500774,Malware
-0.21864743428863728,-0.19218943588601467,Malware
-0.21856557969755752,-0.17306546111648685,Malware
-0.2186482013544521,-0.16016091291904155,Malware
-0.21751078040924118,-0.11095904165942204,Malware
-0.2151463002876058,-0.1687051413948316,Malware
-0.21489827201783404,-0.15760674969234106,Malware
-0.21500138081580972,-0.1777801019486685,Malware
-0.21656219139354072,-0.03711194941717384,Malware
-0.2182685799898062,0.05382800463759377,Malware
-0.22149800562626065,-0.12757264858595835,Malware
-0.22116267662858705,-0.13908844947960286,Malware
-0.21579030966260626,-0.1251654879597725,Malware
-0.21494944672554117,-0.18345612473874318,Malware
-0.2202199131975978,-0.031031306013552775,Malware
-0.21715990504056942,0.015142663015504165,Malware
-0.21976383979360448,-0.2084901163687505,Malware
-0.22228515885950983,0.2719479058196248,Malware
-0.2163596319051174,1.412822125860467,Malware
-0.2173501583017986,-0.029086666272765987,Malware
-0.21563213818801116,-0.13374293072995933,Malware
-0.21609392226419208,-0.082105344768666,Malware
-0.22184399122107695,0.22198595857152986,Malware
-0.21752894770044098,-0.029213023920771162,Malware
-0.21475396760449722,-0.2130770390296146,Malware
-0.21682198770332275,-0.18180315911357964,Malware
-0.21372387706850432,-0.2846108352434213,Malware
-0.2217133558526867,0.0046193980422439525,Malware
-0.2233822750472935,-0.0010444624934988936,Malware
-0.22151553740086632,-0.17285150125255777,Malware
-0.20675566044192945,-0.17180526987854783,Malware
-0.21493161759321144,-0.16130175030980187,Malware
-0.21794147500050784,0.0012143281843201008,Malware
-0.21682413612687934,-0.1785793651296076,Malware
-0.21961353646280354,-0.04518484647307683,Malware
-0.21894111954241371,-0.18576713067368775,Malware
-0.2185517832874416,-0.1845847290420602,Malware
-0.2194452096177594,-0.07793940137644569,Malware
-0.21888262410620302,-0.1778120453039317,Malware
-0.2188060831992497,-0.1641775220527843,Malware
-0.2186653186481128,-0.19244154269913932,Malware
-0.21838378370991185,-0.19397462506271224,Malware
-0.21519095648918393,-0.19376736894124738,Malware
-0.2146943096497927,-0.21032560564141684,Malware
-0.21511873649569413,-0.1779555791484775,Malware
-0.2106223279272063,-0.02749113984619102,Malware
-0.21911417781666215,-0.14067850776376115,Malware
-0.21580331837759623,-0.17701853826224678,Malware
-0.23301839747838948,0.6722004748610828,Malware
-0.2158273344869547,-0.1410052130152287,Malware
-0.21544219532000683,-0.15132555730024796,Malware
-0.2161883452730834,-0.08652960853257134,Malware
-0.2190171896827644,-0.1546128151984317,Malware
-0.21610667728760785,-0.1622360052992888,Malware
-0.19998298921308444,-0.2285879574626939,Malware
-0.21481836029380927,-0.18088714261719316,Malware
-0.21919472391020348,-0.03831487044418537,Malware
-0.21494952258131927,-0.18345631292238146,Malware
-0.21827840677077678,-0.17968567101526545,Malware
-0.2169134860590344,-0.05399596363836266,Malware
-0.21499073150335166,-0.1952046482655355,Malware
-0.21525826801899803,-0.12651839242969448,Malware
-0.21163445212982454,-0.15026003496225562,Malware
-0.19544524247198125,-0.18660735823621577,Malware
-0.22767111863987533,0.6234595019887774,Malware
-0.2161398140266162,-0.18824220346632456,Malware
-0.21504216457541916,-0.1835503365347567,Malware
-0.20339020766191346,-0.007041078054139468,Malware
-0.2187234504002967,-0.12782441753926524,Malware
-0.22080841505162724,-0.05133766177407247,Malware
-0.2246771442463268,0.2626065523323228,Malware
-0.2202539456521117,-0.05777013454617054,Malware
-0.22630431904360912,0.1519648971223387,Malware
-0.22212105872213483,-0.12243485229619017,Malware
-0.20756096057897358,-0.2269448198917585,Malware
-0.22245929540038817,-0.19005168564424288,Malware
-0.22204172034597014,-0.205433929246934,Malware
-0.2227633448382593,-0.16824416723981794,Malware
-0.20778201869185067,-0.2034089573996401,Malware
-0.2539340102869202,3.5489375984097515,Malware
-0.20769476160527695,-0.21982959057324147,Malware
-0.21708256174556,-0.1389904846400406,Malware
-0.22023491002513335,-0.20636198127300062,Malware
-0.22015607436841672,-0.005010764257063038,Malware
-0.21847491448617262,-0.18964803036392539,Malware
-0.21526572424397278,0.31037709383840795,Malware
-0.22727838985677618,0.35951558921137133,Malware
-0.376008325380671,10.326822204442792,Malware
-0.20408058228976,-0.2015637052452534,Malware
-0.21871967675440174,-0.16972956983329054,Malware
-0.20453507823862585,-0.16592685823633535,Malware
-0.21891469319575624,-0.17538411915959062,Malware
-0.2222234237364462,-0.13566315242824845,Malware
-0.219653393148098,-0.18878828761786404,Malware
-0.20639661551757846,0.01488040600352964,Malware
-0.21859622119917674,-0.18949000070774089,Malware
-0.21483467687276295,0.06876901848102299,Malware
-0.2150504455422193,-0.19544960844378054,Malware
-0.21564405296306025,-0.1606238370522556,Malware
-0.21511164758626503,-0.18464825438650043,Malware
-0.21571776129599426,-0.08055959448843877,Malware
-0.2188066946101987,-0.15743511241284022,Malware
-0.2210977562475557,-0.03450653350404842,Malware
-0.2225561748505691,0.312995790253631,Malware
-0.2187193574818864,-0.17783473765874974,Malware
-0.21912116347346447,-0.15449063753717632,Malware
-0.21934998062237915,-0.10706824664910368,Malware
-0.21496078179806968,-0.19612740166383733,Malware
-0.2151999869456634,-0.15990862757125898,Malware
-0.21489049385587747,-0.21323265305054534,Malware
-0.21482335438433225,-0.18072574492433066,Malware
-0.21500737831666697,-0.17869987081257402,Malware
-0.21491212790127856,-0.19667335585057558,Malware
0.07178231319080342,-0.2613945797127557,Malware
0.0574186877823098,-0.19720984244629536,Malware
0.05799039247843843,-0.22959913096046683,Malware
-0.21202461419129315,0.029011766232358543,Malware
-0.21888393307324935,-0.1625214970947245,Malware
-0.2197538406325002,-0.08708641090590889,Malware
-0.2186152662967382,-0.18499506395540122,Malware
-0.21467138518294424,-0.21340597829537084,Malware
-0.21492062779685803,-0.1904805522048461,Malware
-0.2158964543244395,-0.12096657210391652,Malware
-0.2155393492482801,-0.14143601601988262,Malware
-0.21642278295754258,-0.07042961996191,Malware
-0.21700899584266992,0.023294050452738108,Malware
-0.21692709291909262,-0.00036414415200512133,Malware
-0.21511092879674248,-0.18461879198854256,Malware
-0.21497910820891178,-0.17548614561813214,Malware
-0.21523863348515518,-0.14677505340890296,Malware
-0.3456948720632733,17.976159126621766,Malware
-0.21464024685270391,-0.1435986915775322,Malware
-0.21519998658018094,-0.15990862154435348,Malware
-0.22217134302511696,0.05532102028184229,Malware
-0.21884062919760436,-0.19388299251913682,Malware
-0.21729346434216287,-0.05770149008533521,Malware
-0.21407139183078835,-0.02117886541148514,Malware
-0.21676770381721586,-0.13066059045790637,Malware
-0.21707034949780107,0.09531028407706596,Malware
-0.2183497827557323,-0.17116270491038246,Malware
-0.21682930440322054,0.0445346054352989,Malware
-0.21511194356680802,-0.18466068205610336,Malware
-0.22118826490193105,-0.03919718467534964,Malware
-0.224742865232907,0.17147470501238762,Malware
-0.2162431829841054,0.13764222639551849,Malware
-0.21917080676123918,-0.1369628720737862,Malware
-0.2158960741098389,-0.23075510386695147,Malware
-0.21412932961988515,0.8222226251085545,Malware
-0.217528303002677,-0.02921075571358073,Malware
-0.2150849631938644,-0.13865962337646706,Malware
-0.21509778905255714,-0.17724412237211845,Malware
-0.21470618205640032,-0.20474610486920183,Malware
-0.23048920480679258,0.7742364847392066,Malware
-0.21375547556365931,-0.14306947205170087,Malware
-0.21706377086631046,-0.13160678715706095,Malware
-0.22049711042420533,-0.13721504977540383,Malware
-0.21929192000354208,-0.05843395152804225,Malware
-0.2211348154434673,-0.033481013106245294,Malware
-0.21501903971610245,-0.1811196579900712,Malware
-0.21528207175346606,-0.1725717867376711,Malware
-0.21563872016273636,-0.13159303664483007,Malware
-0.21925303450026895,-0.18152881384881542,Malware
-0.2189200376918867,-0.17824609039016065,Malware
-0.204109984314055,-0.20741125040540967,Malware
-0.20411243413526856,-0.19382556448508653,Malware
-0.3382748594652231,10.328358169634088,Malware
-0.2438679040643911,3.398754509993976,Malware
-0.21716847222675748,-0.07116980592768843,Malware
-0.21505470432796686,-0.20810379462587286,Malware
-0.21693559837357357,-0.29096022785259146,Malware
-0.33496466845364,6.926884744323262,Malware
-0.22094934461297247,-0.14731778932210937,Malware
-0.21864083502203477,-0.2002507359551738,Malware
-0.21622796957611978,-0.16710334446768293,Malware
-0.20274838802104955,0.017651455542606696,Malware
-0.20269414370259448,0.001872620861999925,Malware
-0.21668762829963045,-0.03484826513718088,Malware
-0.21482662598186517,-0.17350649469776183,Malware
-0.21497918660426402,-0.1754863471238336,Malware
-0.21526306678305607,-0.17273545357089926,Malware
-0.21514084382933718,-0.18179419394328208,Malware
-0.21496430599872818,-0.20098349130015233,Malware
-0.21887164234631357,-0.2018531900576288,Malware
-0.21103622959399215,0.22049095714717143,Malware
-0.21814515534341197,-0.22597236382181166,Malware
-0.2147073577633569,-0.20561110167861818,Malware
-0.2159786313461582,-0.18842566264692798,Malware
-0.21982340471640702,-0.13668820243571783,Malware
-0.21954788941760817,-0.14325998660342248,Malware
-0.22002892321236917,-0.011796233731709948,Malware
-0.2207506920639974,-0.07823365511501539,Malware
-0.21848077839453625,-0.18441175439094548,Malware
-0.22084218305569256,-0.03572330864972399,Malware
-0.21779664656840314,0.33088396915726553,Malware
-0.21274399107545067,-0.09103465101912128,Malware
-0.2151945903913831,-0.15313423566971004,Malware
-0.21486531447918888,-0.1800299614068483,Malware
-0.30506419765848714,10.728338116720895,Malware
-0.21542813618479514,-0.12273793448678474,Malware
-0.22002541220230584,-0.1962457468299694,Malware
-0.22261108890181275,-0.05346943988903951,Malware
-0.2161154388832746,-0.19605176073583927,Malware
-0.21189715333784154,-0.18297070084107847,Malware
-0.21486566036188015,-0.18717851831937346,Malware
-0.21477038674488177,-0.19443611415111423,Malware
-0.21833438367784275,-0.20811515277949816,Malware
-0.21473768018919862,-0.20870397022364778,Malware
-0.21780060084479588,-0.01292066286045793,Malware
-0.2152788462744547,-0.179085031412046,Malware
-0.22064514397851193,0.6026080223330031,Malware
-0.21536255481950037,-0.18705151897491504,Malware
-0.21828852322497314,0.00913944730414521,Malware
-0.22049721945046472,-0.13721541561267353,Malware
-0.21591962156425895,-0.09783852655012526,Malware
-0.21578470754464216,-0.13640831852991428,Malware
-0.215117868768739,-0.15458991192916297,Malware
-0.22110284630869584,-0.034345457840289306,Malware
-0.23359012374377489,0.7389450228978091,Malware
-0.21899064331251897,-0.17739141404337128,Malware
-0.2197721733978482,-0.19672249556293311,Malware
-0.21953397172101194,-0.1335441325817173,Malware
-0.2184635975079493,-0.16896108413559519,Malware
-0.22083750362728174,-0.043365761120663586,Malware
-0.2039247197157681,-0.21243457167771138,Malware
-0.21885427902343396,-0.17049289708422657,Malware
-0.2188392286340527,-0.17696392624799806,Malware
-0.2182226528185994,-0.194113570095214,Malware
-0.21499948209829756,-0.17877136610020494,Malware
-0.21823997679613433,-0.2217286008268981,Malware
-0.22220869240196264,-0.1948011178953032,Malware
-0.22261427549325996,-0.18725709083664244,Malware
-0.2623641110208231,2.5920304622089825,Malware
-0.2183995636982007,-0.21239502280421874,Malware
-0.2309853948207458,0.31118438095479395,Malware
-0.2219700514810049,-0.1965568958763052,Malware
-0.22343477795832148,-0.20109571914363916,Malware
-0.21541846424233946,-0.18903831788757822,Malware
-0.2180317528958546,-0.010344401681765238,Malware
-0.2070536967066926,-0.12100146409630988,Malware
-0.22068130081008688,-0.06781813296153633,Malware
-0.21306367008468335,-0.2868992512084015,Malware
-0.22274159429082402,-0.1543334253220494,Malware
-0.21785466078457702,-0.12984312028709774,Malware
-0.21280118446356516,-0.24085093618636927,Malware
-0.21480504284797391,-0.18832774030389612,Malware
-0.20002375423002944,-0.39729294847438007,Malware
-0.22277139065293383,-0.14636387615555146,Malware
-0.2221813806954813,-0.16976849233717162,Malware
-0.2201288432759802,-0.027270226409607187,Malware
-0.19020814867689803,1.195163127895825,Malware
-0.22161335599702386,0.00754025175452854,Malware
-0.2180506404688543,-0.2369023756671186,Malware
-0.1925898772736806,0.33673941780742317,Malware
-0.21817906263878117,-0.2130886483928864,Malware
-0.22214017613658818,0.30817089841617723,Malware
-0.21818723684107955,0.005944638746974521,Malware
-0.21438908840232102,-0.15880648105612236,Malware
-0.22056540884232287,-0.12356049577796185,Malware
-0.21861528911657668,-0.19001269589398775,Malware
-0.21825223256965665,-0.18614333575275666,Malware
-0.21832732789262335,-0.225382181105685,Malware
-0.22099490527023044,-0.039658340825805695,Malware
-0.22050305884553045,-0.012651070635363873,Malware
-0.21871447974517416,-0.1887828231128324,Malware
-0.2147854244309347,-0.19597510340565424,Malware
-0.21477057688916282,-0.19443675217964987,Malware
-0.21492062779685803,-0.1904805522048461,Malware
-0.21758533383005682,0.11927159511526439,Malware
-0.2004800233760495,-0.19738552065190176,Malware
-0.2154952704746356,-0.14050504465566552,Malware
-0.21492062779685803,-0.1904805522048461,Malware
-0.21683930542348015,-0.07357757375130397,Malware
-0.21536288104406032,-0.1388385010533082,Malware
-0.2153102612038655,-0.14592148151233214,Malware
-0.21479318911319217,-0.19285209513545004,Malware
-0.2223830591041425,-0.05196030623556752,Malware
-0.22324411612611597,-0.08867265348017056,Malware
-0.2234777822861472,-0.19165482237751677,Malware
-0.21482087171669503,-0.1851048043651742,Malware
-0.2195736175180601,0.44349554253330786,Malware
-0.2156765095667429,-0.22774286335399724,Malware
-0.22053666395390126,-0.06618816314067592,Malware
-0.21876777952386067,-0.1964937648003329,Malware
-0.21475982117240047,-0.19640537583747228,Malware
-0.21504881358797043,-0.16345090051488478,Malware
-0.22385231432612104,0.9665670065386965,Malware
-0.21436958970303926,-0.11412683520069948,Malware
-0.22063592135222745,-0.11478269114754064,Malware
-0.2180440503261748,-0.13382790773317058,Malware
-0.22043621170318295,0.6767735057719514,Malware
-0.21866369039743688,-0.19010060994637737,Malware
-0.22163523679985062,-0.08066051906566829,Malware
-0.21782906220692133,-0.22373704611218379,Malware
0.07200351765538682,-0.27904794653193754,Malware
0.06934268330794073,0.002145320178778276,Malware
0.05842362061722136,-0.22527524472058832,Malware
0.057171636996000044,-0.15273278973250043,Malware
0.05637645939324725,-0.020795745255787007,Malware
0.04357094687866682,0.7044829127105897,Malware
-0.21876375493103875,-0.005662428356794293,Malware
-0.22223837923922296,-0.18683119641798773,Malware
-0.22593400580219877,0.2766468517691943,Malware
-0.22217851768677158,-0.20276933783549647,Malware
-0.22363271598638812,-0.18875892695316662,Malware
-0.22246130526530344,-0.18175541337122922,Malware
-0.283901302127037,7.294670683336863,Malware
-0.20131826039309736,-0.176524999430594,Malware
-0.22091136971072625,-0.08243439545026991,Malware
-0.23122994573897912,0.7175552788326702,Malware
-0.22000151524548736,-0.17927934746294075,Malware
-0.21500448367378713,-0.17878814887099406,Malware
-0.22159273860892734,0.6322517544852486,Malware
-0.2156716300584992,-0.14468939009819792,Malware
-0.21528265451270098,-0.17257368423518876,Malware
-0.21507211158134876,-0.1791992302907703,Malware
-0.2212716199102308,0.07232254812288183,Malware
-0.21925060592813136,-0.007469374070337129,Malware
-0.22092536184346512,0.16218184640967492,Malware
-0.21833157393192013,0.008913919320437067,Malware
-0.21838328801701537,-0.1939729617667607,Malware
-0.21725215959401725,-0.10737051028506696,Malware
-0.2232629122971225,0.29402621547641694,Malware
-0.2152154782447634,-0.1908894217456878,Malware
-0.21817906263878117,-0.2130886483928864,Malware
-0.21856396222183927,-0.19096742008341194,Malware
-0.24909073890992467,4.269528223460911,Malware
-0.24121942790373446,2.8278036157886097,Malware
-0.2194417736966667,-0.1408697051561203,Malware
-0.2175191452304353,-0.22997544622173924,Malware
-0.2206357362549449,-0.11478207005419247,Malware
-0.22050341918660493,-0.01260252680250544,Malware
-0.22014520104957008,-0.1081351818128497,Malware
-0.21881263144284577,-0.16514711042750338,Malware
-0.21900828259289312,-0.18298990067789725,Malware
-0.22168125252358575,-0.006027346074009133,Malware
-0.20624951073512504,-0.2610206585089563,Malware
-0.22090512290247538,0.16177730521181652,Malware
-0.21560697532197495,-0.1436439644029895,Malware
-0.21715975512137436,-0.06657262492841677,Malware
-0.22855525833442158,1.5951169554755358,Malware
-0.22025559266639516,-0.02266320118580442,Malware
-0.21866554730223034,-0.14805892924891403,Malware
-0.21876713485350882,-0.22080160194426054,Malware
-0.22462831439858588,0.35365736419886945,Malware
-0.21934420673326774,0.01655346111684405,Malware
-0.22413962958602257,0.20918263988602168,Malware
-0.21070233874150907,-0.32708988839737557,Malware
-0.21871523209793012,-0.11211289209691559,Malware
-0.2134418450972109,-0.2582915806245008,Malware
-0.21391893258006747,-0.2511425103003228,Malware
-0.21408608737009913,-0.2206931284581746,Malware
-0.21271776108628934,-0.28743683596569636,Malware
-0.3575386539426403,8.668439758601156,Malware
-0.2154047376406544,-0.17105067202435134,Malware
-0.27217154185907866,3.2222336922453994,Malware
-0.20705256944448233,-0.04092012486270119,Malware
-0.22243608813901122,-0.010110477042161826,Malware
-0.21582205742065566,-0.14116566118376658,Malware
-0.21623202216794846,-0.09277960137059149,Malware
-0.21559946757371345,-0.14160151285739261,Malware
-0.21720350998543358,-0.0630397163345782,Malware
-0.21519998658018094,-0.15990862154435348,Malware
-0.21610142889266862,-0.21278927673959916,Malware
-0.22076224922110022,-0.1812804259522281,Malware
-0.22241763999383982,-0.12036638229165116,Malware
-0.21864496638411068,-0.182042794939871,Malware
-0.21685908489536088,0.052504180421828035,Malware
-0.24386808822234102,3.3987539489731287,Malware
-0.2219073230076088,0.10257090989006196,Malware
-0.22474929865935425,0.2295240004270954,Malware
-0.2190380459219651,-0.17502030273314326,Malware
-0.20417978459273592,-0.17654850417656454,Malware
-0.218926115125085,-0.1808278515018296,Malware
-0.2215277867387852,-0.0034606009441088296,Malware
-0.21881228928913843,-0.18099568163938254,Malware
-0.2194885964711682,0.07389580926855406,Malware
-0.21986211027498642,-0.08663286612019795,Malware
-0.2215495822035407,-0.006881569143575514,Malware
-0.2475035050204513,3.402456243124388,Malware
-0.21514638599784147,-0.16870542899525715,Malware
-0.22089676616752799,0.17042615112008744,Malware
-0.20046489996564995,-0.2112556617091039,Malware
-0.2183344570867129,-0.2081153991027305,Malware
-0.21983699914546112,-0.04306835837607615,Malware
-0.20840786809086365,0.14648119374834176,Malware
-0.21856514226830118,-0.19337023315421886,Malware
-0.21888403996381697,-0.16252325974934012,Malware
-0.21881759659642608,-0.1423578065293928,Malware
-0.2200654239869307,-0.14033791824524605,Malware
-0.22059885943732507,0.06847043100127474,Malware
-0.2204672048526317,-0.15788713805830035,Malware
-0.21904066268506128,-0.19117589865881202,Malware
-0.22077541794132527,-0.07808963413433687,Malware
-0.21578495890735086,-0.136409161976691,Malware
-0.21494927518909837,-0.1834555584069156,Malware
-0.2149954605837698,-0.1862613240340127,Malware
-0.3450106854105947,7.732876746912684,Malware
-0.21876717894559555,-0.18565854593546927,Malware
-0.2208564707028977,-0.0626099369862264,Malware
-0.21860827138096445,-0.19389366771438787,Malware
-0.2154280348123417,-0.15988686022370135,Malware
-0.21950681064458133,-0.20574209087756473,Malware
-0.21411035429278782,-0.1411054851853094,Malware
-0.22075939528461572,0.16525684830677573,Malware
-0.20254284399863726,-0.09260726213543245,Malware
-0.22059128830063668,-0.1133002737895064,Malware
-0.21899235223061503,-0.17001833958431306,Malware
-0.21519548597831661,-0.15468612177159924,Malware
-0.20076963265909387,-0.1968775654525326,Malware
-0.21858638181305035,-0.17645316560377702,Malware
-0.22113482405751078,-0.0334810008632388,Malware
-0.21508240159588932,-0.18056103922976022,Malware
-0.21617720721873573,-0.13750508523338825,Malware
-0.165073382028676,-0.31788870027956934,Malware
-0.16406291261854983,-0.44853488042602957,Malware
-0.1796889972064565,0.3855348844855655,Malware
-0.20056017341876806,-0.4368535607322472,Malware
-0.2198376436782043,-0.13135941696592543,Malware
-0.22290763925340107,-0.4682989069178693,Malware
-0.22047099981991336,-0.12698641288335416,Malware
-0.13924945651017878,-0.1471148465129191,Malware
-0.11479584764558326,-0.29883583022040894,Malware
-0.16259957815871057,-0.37609101146222534,Malware
-0.15548816860599382,0.1210732126063167,Malware
-0.23092266444531673,-0.09062307979095789,Malware
-0.3300838710572093,14.653958594779864,Malware
-0.2248959698519961,-0.08601431919142714,Malware
-0.1943093024931135,0.02389770689174961,Malware
-0.18873147890928965,-0.22554266754261293,Malware
-0.21961094495542455,-0.08849155083833271,Malware
-0.21981609624843612,-0.1392597679582544,Malware
-0.21642054957927817,-0.31657386824832184,Malware
-0.22317651780586195,-0.14148028876319432,Malware
-0.20954799494799342,-0.18113807682419367,Malware
-0.22998737292934593,-0.14561117622929187,Malware
-0.23504896928150054,-0.06369374404382644,Malware
-0.2100352424059709,-0.0833228221822756,Malware
-0.19505426308920237,-0.37186232412672965,Malware
-0.22034061395080193,-0.3274423607552226,Malware
-0.20663629507877987,-0.3030068635689097,Malware
-0.22974530047332753,-0.10861195733175256,Malware
-0.20440341593663433,-0.40018799497253965,Malware
-0.20632092201234392,-0.023100359976368706,Malware
-0.26079828053953147,-0.3903349602348952,Malware
-0.21478140907984997,-0.16852748271447174,Malware
-0.2423447913411105,-0.14798429597245463,Malware
-0.22447735760561552,-0.1546532490630603,Malware
-0.21706487616114134,-0.07796498492991524,Malware
-0.2139077624787943,-0.09204198595681592,Malware
-0.25577466969835916,-0.2034183412699649,Malware
-0.19598188523613794,-0.07104010489743849,Malware
-0.21511016758321927,-0.18075420371181844,Malware
-0.24028878448866442,-0.13899977153437362,Malware
-0.22312797234608842,-0.13529361196382927,Malware
-0.24674832260261736,-0.19280177833297754,Malware
-0.1652887917394045,-0.07026503389028639,Malware
-0.20961425401279155,-0.06006996870291491,Malware
-0.21391351303966472,-0.15141251479723875,Malware
-0.19813203693501658,-0.15012193011307698,Malware
-0.2187258265736287,-0.2980140565564575,Malware
-0.19730920751959122,-0.296745962350728,Malware
-0.19687641821632731,-0.34514435993749565,Malware
-0.22552551242581173,0.4182021566083071,Malware
-0.20941177031570704,-0.27284279836453157,Malware
-0.15151725707808886,1.4347962213482888,Malware
-0.23238721382091787,0.7734454754191653,Malware
-0.22278587995250254,-0.20203020695505597,Malware
11.219933425923122,0.08792022561315974,Malware
-0.22043860074483027,-0.34979035833015615,Malware
-0.1943647090142153,-0.36953146933759784,Malware
-0.21943708435254503,-0.4167837722067255,Malware
-0.22444380234708436,-0.12807870074009808,Malware
-0.228923261468975,-0.15589616269158144,Malware
-0.24419738460284415,-0.08864895678810537,Malware
-0.22767126460574139,-0.21424868317940238,Malware
-0.23082202574137115,-0.09364287852306426,Malware
-0.22468429737819526,-0.11167316806484887,Malware
-0.2071592645367986,-0.27344587929007935,Malware
-0.191998355082949,-0.30125635641009063,Malware
-0.24728650580954437,-0.14429164364111835,Malware
-0.22024908704357576,-0.14516181976407827,Malware
-0.20651276637931262,-0.41573506423559053,Malware
-0.2271620949625073,-0.20141185753381757,Malware
-0.21515909699119606,-0.21508980599147956,Malware
-0.1980509171951187,-0.3354649571910098,Malware
-0.2114053202400999,-0.33387909345768163,Malware
-0.23050836952043255,-0.18823317214440627,Malware
-0.17976414633545354,-0.5701042015958581,Malware
-0.22745465373073143,0.24950800784512067,Malware
-0.22957973055520361,-0.21354351499517987,Malware
-0.22694512415887744,-0.11659295797563353,Malware
-0.2123628806868113,-0.22087055552696666,Malware
-0.19049623822472098,-0.44852875959707705,Malware
-0.2038659620130512,-0.4680526884071358,Malware
-0.21317211416435755,-0.22450374838223408,Malware
-0.198128698847073,-0.0931262739992706,Malware
-0.25583664479377505,-0.18293543173585627,Malware
-0.19067715394583765,-0.10884858802620787,Malware
-0.20843509765247092,-0.27867718808369185,Malware
-0.22220280390637662,-0.2939984121405219,Malware
-0.22023276326424746,-0.0909973487313819,Malware
-0.25156484617892183,0.8224013846269902,Malware
-0.1754039820591083,-0.015285141362089937,Malware
-0.2167647416197218,0.06729556029677643,Malware
-0.19435312457110476,-0.433125198455228,Malware
-0.21048961611494804,-0.4178995372259803,Malware
-0.21726993814551038,-0.18362255205222616,Malware
-0.21409353619782343,-0.12608251050324548,Malware
-0.206579500609998,-0.4054112513021909,Malware
-0.20528621023608404,-0.1872823370952705,Malware
-0.22012573612277464,-0.23896865624973818,Malware
-0.20361502803034592,-0.25091476176590666,Malware
-0.20431855938575968,-0.4114213640955636,Malware
-0.23245340271922163,-0.15485487087161412,Malware
-0.2500379357811802,-0.16704998848668892,Malware
-0.22593745861247672,-0.13754872537123378,Malware
-0.21885447985786408,-0.18265679753804856,Malware
-0.22454519501751757,-0.11339846517111019,Malware
-0.25624812224508403,-0.12882792031244059,Malware
-0.16659680073292743,-0.11366763799548789,Malware
-0.22793871117101427,-0.19390810790155283,Malware
-0.20933558438713706,-0.186446235804034,Malware
-0.21534164747163925,-0.0781742952988204,Malware
-0.21016088916923156,-0.06513181520262853,Malware
-0.17370435926545047,-0.008325189182618391,Malware
-0.22985172907209123,-0.1782384526248827,Malware
-0.25537783804251407,-0.18729448770029325,Malware
-0.23418005931790983,-0.12091186251704075,Malware
-0.19406335473564723,-0.16082822772547753,Malware
-0.22614687338220194,-0.36267341423795213,Malware
-0.21265755454354637,-0.1604297199374144,Malware
-0.20953737287408983,-0.15865996303837224,Malware
-0.21425322354499957,0.9963052779200638,Malware
-0.2382368471103242,-0.17597848121447218,Malware
-0.2411578455852735,-0.14540401495493185,Malware
-0.22715823287455994,-0.20150781494740932,Malware
-0.23181712854665096,-0.2064687607447699,Malware
-0.23725133270057508,-0.18533738699195476,Malware
-0.18884236014290492,-0.11692914556659922,Malware
-0.2141903636679019,-0.08059657979857225,Malware
-0.22441895932405692,-0.11552219352380177,Malware
-0.2494631276293266,-0.22709395224423076,Malware
-0.21879553264869306,-0.2342787904202479,Malware
-0.22715884329516023,-0.20150986321180936,Malware
-0.18670855387851434,0.29929563607763243,Malware
-0.18868476495773479,-0.41271274412271614,Malware
-0.26355408299268307,1.0012074931188324,Malware
-0.25639921559230666,-0.15208555538848326,Malware
-0.17221194218662503,-0.11097834941148653,Malware
-0.21537858731893716,-0.075820123891662,Malware
-0.20931788362190126,-0.22898612170529709,Malware
-0.17817465359645174,-0.16418118761264738,Malware
-0.202453381616546,-0.35471319640081056,Malware
-0.24048387094015686,-0.10854161537614937,Malware
-0.2554147370671329,-0.17373870091402865,Malware
-0.21630901710331907,-0.22699946291791953,Malware
-0.20983139592606723,-0.15472744848031172,Malware
-0.2231821293411956,-0.27142380988177506,Malware
-0.2243851168272562,-0.19571095530574764,Malware
-0.22715793246520585,-0.20155655988096652,Malware
-0.19521526345040846,-0.352127938528419,Malware
-0.21053744191246582,-0.09542209953950942,Malware
-0.21700954326234753,-0.21255079763770304,Malware
-0.2312374783090026,-0.1809113526970568,Malware
-0.1670433322169166,-0.08894712438483121,Malware
-0.2290418712855487,1.0081888946169915,Malware
-0.23139805004521236,-0.2636134060829464,Malware
-0.2496365455751835,-0.19204874651320666,Malware
-0.2043295582737077,-0.41691573646483787,Malware
-0.1727620432708806,-0.09308854910460881,Malware
-0.23743359773493433,-0.16244717272875653,Malware
-0.22841964314721083,0.9408116272669311,Malware
-0.22540356853337074,-0.36301095652238574,Malware
-0.23809414988067149,-0.15728450678531064,Malware
-0.1926267264880241,-0.10640592094450829,Malware
-0.21061696706843444,-0.18272100377554773,Malware
-0.20061759738046808,-0.03505658368382907,Malware
-0.17803288324461136,-0.2559706858844566,Malware
-0.22782616256970864,-0.22099964016811513,Malware
-0.2297859742795551,-0.08221319204398875,Malware
-0.1852285152079555,-0.2516087850284817,Malware
-0.2246350961706576,-0.09109496330335792,Malware
-0.20083027788516689,-0.3752797060102624,Malware
-0.22658052991048913,-0.15120096774185784,Malware
-0.22405593432720666,-0.14452068752224395,Malware
-0.216928305800043,-0.2158351490887179,Malware
-0.25635987178893666,-0.1544786977340558,Malware
-0.21407453171543547,-0.1993365422339625,Malware
-0.21696360588010838,-0.0656850166970335,Malware
-0.2170385660376459,-0.08583807056869176,Malware
-0.23074432728518912,-0.16990388971591372,Malware
-0.20809533366942348,-0.09676113532573553,Malware
-0.20082201654783788,-0.1253880615861839,Malware
-0.2038043714431879,-0.08139913683763352,Malware
-0.2439245171696463,-0.2052762469618474,Malware
-0.22441405533966316,-0.13055062888427196,Malware
-0.21946781981533503,-0.1878050525897886,Malware
-0.23829865310985873,-0.1520565654955372,Malware
-0.24768667400411198,-0.1238122836931715,Malware
-0.19574464049104529,-0.1663200422908795,Malware
-0.21564795262657235,0.10154889744603601,Malware
-0.22270363543648514,-0.2853418795324304,Malware
-0.211966209922836,-0.4133188963542787,Malware
-0.23215725679569862,-0.1653099519919819,Malware
-0.2276871082461852,-0.12824620912967735,Malware
-0.24090309591821407,-0.2042313104239783,Malware
-0.20171755922893853,-0.0870036590404324,Malware
-0.20387586516205497,-0.3606099984743327,Malware
-0.2168254856780447,-0.3291462406075069,Malware
-0.22554876606544544,-0.10561483937513222,Malware
-0.20784640464992182,0.7102262752398104,Malware
-0.2016058413078814,-0.14137819495632434,Malware
-0.24121310044858577,-0.17598246977194795,Malware
-0.2221111376701472,-0.17568775324425062,Malware
-0.200449362901975,-0.3521273566397518,Malware
-0.21606863571520124,-0.13612546646214221,Malware
-0.19649352120343233,-0.41076176158756844,Malware
-0.22371346162974162,-0.2021253559659931,Malware
-0.22079380798501091,-0.21016265752185453,Malware
-0.21095918270155287,-0.18789947308386934,Malware
-0.21189904468359508,-0.103431894301898,Malware
-0.188798734518666,-0.08045628108376614,Malware
-0.2380950896580158,-0.15718815429283126,Malware
-0.21539738289688629,-0.06235611133501215,Malware
-0.2418126992594033,0.5068236336417794,Malware
-0.21277648718440123,0.019701519738135238,Malware
-0.24585806324401338,-0.18008425918276802,Malware
-0.21940409761645077,-0.14097821985343917,Malware
-0.22454942763063723,-0.0897229960320246,Malware
-0.20343188541961094,-0.2521382151749631,Malware
-0.2292094461329365,-0.19931235770062783,Malware
-0.2262127503500978,-0.21355048194225906,Malware
-0.21763534367950735,-0.19190711730527604,Malware
-0.22828635793763544,-0.10742971101090236,Malware
-0.19215302558290853,-0.046206331287240734,Malware
-0.2323326832794894,-0.013139692893028118,Malware
-0.19163676312552036,-0.34955190621114535,Malware
-0.1736819835692495,-0.6272329037872876,Malware
-0.20355802003506318,-0.46923390239122076,Malware
-0.2308143862953849,0.29991012017975216,Malware
-0.18513292143425714,-0.2883412103730729,Malware
-0.2544832502616159,-0.2520790226415799,Malware
-0.24853008377714902,0.7396205083376127,Malware
-0.17317340958744434,-0.5634264281721801,Malware
-0.18992653968398715,-0.41174587308702315,Malware
-0.21779222569532755,0.09564969305905426,Malware
-0.2305368050651384,-0.170593065274611,Malware
-0.23044957083720327,-0.191685744548733,Malware
-0.2169185785806501,0.5178286624154651,Malware
-0.218374419267429,-0.1816342281359736,Malware
-0.2362676935360446,-0.1676703382993243,Malware
-0.22262429378200976,-0.12392083038005551,Malware
-0.22512241254279983,0.07755010584047918,Malware
-0.1907570395619177,-0.3893986371286108,Malware
-0.22861863476296407,0.7035832538677871,Malware
-0.2248174233258788,-0.1196984291376272,Malware
-0.21529029859160526,0.034743163211627,Malware
-0.18849997161977008,-0.45453647943603226,Malware
-0.24500546274422264,-0.10440098245497348,Malware
-0.23541968762363905,-0.18697448739279243,Malware
-0.2124931412930906,-0.3434220826604232,Malware
-0.22719691793166732,-0.10485576034818861,Malware
-0.21994345992113157,0.715257662002525,Malware
-0.23026404245911436,-0.09084844069140686,Malware
-0.17486331791605408,-0.10127586413409806,Malware
-0.21098015601340278,-0.10540999143961743,Malware
-0.21072187514472066,-0.21512854598536504,Malware
-0.22398933248842695,-0.4195498316327422,Malware
-0.19921822185713814,0.9375585770137965,Malware
-0.20864081519831243,-0.0884338335415639,Malware
-0.23085194966457454,-0.08562403186281714,Malware
-0.19746844276676023,-0.2351713317398651,Malware
-0.2308554467919466,-0.0913608183293739,Malware
-0.24848633629879013,-0.26787723579908373,Malware
-0.24779298933818517,-0.33781814399390797,Malware
-0.24789504203230744,-0.31940175206319577,Malware
-0.24980442101205425,-0.24949178390609525,Malware
-0.24886499736818674,-0.23627188246827652,Malware
-0.21469893922674582,-0.07459927262093398,Malware
-0.20029304883781193,-0.19363640800462067,Malware
-0.21564517068032832,-0.004330247403657431,Malware
-0.2022329907062685,0.0194425631086891,Malware
-0.25051703787171375,-0.2207608594719088,Malware
-0.2488499536396901,-0.22800877621610946,Malware
-0.25079662344900905,-0.048316611301514364,Malware
-0.24911169391732257,-0.13241800466373996,Malware
-0.2500602628877094,-0.1557364375168824,Malware
-0.2483992148132128,-0.3373248565237022,Malware
-0.2537691097881079,0.2588519509313568,Malware
-0.25097497361100846,-0.22418494277424725,Malware
-0.24992188294134704,-0.1340325438186696,Malware
-0.25202898078393543,-0.10020189450799508,Malware
-0.24618716495311557,-0.25368177622651966,Malware
-0.2447062099743973,-0.2716029488388673,Malware
-0.24477839830060644,-0.2674111072515216,Malware
-0.2435870120591193,-0.33227414572844727,Malware
-0.21543610888059517,-0.12610500964604673,Malware
-0.25171185951933006,-0.26719266224524585,Malware
-0.25069444890690235,-0.26516172022941814,Malware
-0.25059283888303535,-0.28705655792918233,Malware
-0.24881633637985373,-0.05770036740802757,Malware
-0.25062074596858763,-0.2794377517107194,Malware
-0.25136840989503856,-0.197094245548828,Malware
-0.21565459507345255,0.08584828403111969,Malware
-0.2520064648428865,-0.26904505812525736,Malware
-0.2521033705496565,-0.03608386815797428,Malware
-0.25089642171966425,-0.2840459982303013,Malware
-0.2505825207227339,-0.320122700732275,Malware
-0.25054919262006115,-0.3280085532418906,Malware
-0.24939907499528696,-0.3155725665936413,Malware
-0.24953547720395147,-0.2368927481077757,Malware
-0.24494841057532546,-0.22607716683373405,Malware
-0.21740987450730803,0.4887644023577315,Malware
-0.2009140985102289,-0.1341421631410531,Malware
-0.202731668821073,0.026846996845214775,Malware
-0.2017521557495247,0.024602162078628424,Malware
-0.2500292552028168,-0.2055604024129242,Malware
-0.21535040035335531,0.00022945236584369518,Malware
-0.249374612383579,-0.24438465598035322,Malware
-0.2496624356314539,-0.07132556369484984,Malware
-0.2483676974185583,-0.33222261066939596,Malware
-0.25100511545598725,0.1000135059560559,Malware
-0.24901812476097185,-0.127757899432349,Malware
-0.2143433475994877,-0.06727551666832972,Malware
-0.19978296222098305,-0.07479888118720511,Malware
-0.20543312159366683,0.5143417571064274,Malware
-0.2145178356908171,-0.09502410580685236,Malware
-0.24924965008530026,-0.27121304997678647,Malware
-0.21491494461968955,0.034672202233745356,Malware
-0.2505612362014115,-0.27647324757077474,Malware
-0.24940909371320374,-0.28795644601509646,Malware
-0.2508883262615828,-0.04685437235281724,Malware
-0.24928428660624347,-0.32621780729172345,Malware
-0.2502318781638695,-0.20913160844999684,Malware
-0.24799989362312863,-0.32593827225030586,Malware
-0.21535468495398377,0.026805091583612047,Malware
-0.24765397503941133,-0.2680880694242985,Malware
-0.21458048502118152,-0.027634810398596887,Malware
-0.21324606061442572,0.11858498381352141,Malware
-0.20094697428772293,-0.1263033376213265,Malware
-0.24940470513843427,-0.23798259659507837,Malware
-0.24818001328534722,-0.29839626321042717,Malware
-0.24888215374090455,-0.008033600251858704,Malware
-0.2468585871069247,-0.34633828193916893,Malware
-0.2511884083755678,0.2734661168521867,Malware
-0.24844793258115988,-0.16336852301832086,Malware
-0.24842960556169763,-0.33212309282270763,Malware
-0.2492429681985453,-0.3246082520299456,Malware
-0.21556854437323053,-0.022043547117038775,Malware
-0.21292015505886716,0.06585054162743188,Malware
-0.24967652441018384,-0.052275967175212254,Malware
-0.21432111274366678,-0.014585418320351737,Malware
-0.2505954362143899,-0.1414018647786258,Malware
-0.2515275227194855,-0.04149615810234092,Malware
-0.2489799023367673,-0.3275925325998144,Malware
-0.24887458781140864,-0.32780743595063633,Malware
-0.24837107628079103,-0.24587742273599614,Malware
-0.2489095240994666,-0.26635195476353923,Malware
-0.249107379077886,-0.19826401674319033,Malware
-0.2505016144914146,-0.18332968791781454,Malware
-0.2481505134775378,-0.2741713175603787,Malware
-0.2511966181884146,-0.12082970490135092,Malware
-0.25129836248520304,-0.20726012467461696,Malware
-0.24903368731370984,-0.34242658362857487,Malware
-0.2497256749610522,-0.25668380017106196,Malware
-0.25105820481059155,-0.030989608215170137,Malware
-0.21393657179980358,-0.07446080338467793,Malware
-0.24838698282561628,-0.12978449656253516,Malware
-0.24734846010304778,0.02339737334709682,Malware
-0.24725173096592806,-0.2713360586370033,Malware
-0.21672730752477065,0.23091540120968146,Malware
-0.24958621352221755,-0.13829340331304507,Malware
-0.2504066022847291,-0.22944168730909031,Malware
-0.21731646706222604,0.1971570724032754,Malware
-0.24872493158637876,-0.25799024499821605,Malware
-0.24627549592908296,-0.19513916786265328,Malware
-0.2502134447541073,-0.2539431199928006,Malware
-0.24905931676560067,-0.18674179318977496,Malware
-0.24786079590234406,-0.27560149045164817,Malware
-0.2497430776409103,-0.26938885860207007,Malware
-0.2505889929992379,-0.1929091176080484,Malware
-0.2152572126888639,0.011750385630671234,Malware
-0.19355135121615513,0.02609183694820721,Malware
-0.20016571819688062,-0.1321046052154551,Malware
-0.2005388093305958,-0.16831782050453825,Malware
-0.252075418000703,0.028955149550726398,Malware
-0.2500061866857039,-0.19486172527062676,Malware
-0.24939271187674356,-0.22397638328456587,Malware
-0.21505873454649682,0.03150879803935678,Malware
-0.20063121909904383,-0.15053474208506343,Malware
-0.20056582906584275,-0.16235626679652254,Malware
-0.2019457752033629,0.06310826408789029,Malware
-0.2470207057570632,-0.23007585412790793,Malware
-0.24943716400407945,-0.22391749207826497,Malware
-0.2508601433788419,-0.12507975073482627,Malware
-0.25265211135551824,0.0488518833647854,Malware
-0.24722368912803483,-0.34281729432834696,Malware
-0.24951803815325418,-0.26077937232628046,Malware
-0.251091818980594,-0.22862653763106638,Malware
-0.2472568339077969,-0.3348407692967682,Malware
-0.24668689017024525,-0.2688745741087854,Malware
-0.24384346913731342,-0.27907587981093646,Malware
-0.2512177093702595,-0.2541521173140709,Malware
-0.2491308966693695,-0.2423463128006996,Malware
-0.25024039539770077,-0.21133535843273543,Malware
-0.2143037342873827,0.054508684023197765,Malware
-0.21579429796212227,0.007642050355534039,Malware
-0.23805086543035772,-0.3609283858810977,Malware
-0.24779487148280344,-0.24935188818365664,Malware
-0.24924612677589786,-0.15345988598771795,Malware
-0.24757119211185685,-0.15748323964878191,Malware
-0.21397061861273867,-0.07088941973637529,Malware
-0.25072822088715113,-0.06433513612549577,Malware
-0.24916513242646005,-0.1363026242231242,Malware
-0.25020313602641253,-0.2992050252103568,Malware
-0.24889394539422344,-0.3179814936175557,Malware
-0.24989424233250712,-0.21233782188242756,Malware
-0.24882455614246762,-0.29302942748823113,Malware
-0.24889005690586963,-0.26938990363544946,Malware
-0.24909653686382233,-0.21659499113534766,Malware
-0.24963709371550658,-0.12000049041248596,Malware
-0.24788118002169074,-0.21812689997260135,Malware
-0.25133012718745096,-0.13218732276802142,Malware
-0.24916554650056444,-0.22235718177072133,Malware
-0.251105234914476,-0.19074086243293303,Malware
-0.2506185661701697,-0.14170268368443584,Malware
-0.24924416516000852,-0.007320090286931048,Malware
-0.24875694864424958,-0.2526950144586207,Malware
-0.2504515669218704,-0.22906942883984174,Malware
-0.24968610420770654,-0.21747671164437798,Malware
-0.250453298643577,-0.20087841651434482,Malware
-0.24874221491456983,-0.26555893763402716,Malware
-0.2479919862374439,-0.35110125583891666,Malware
-0.25026207026682634,-0.08987334564720238,Malware
-0.21407064665294975,0.10970956326243726,Malware
-0.20098273266328326,-0.11807615928626634,Malware
-0.20063182140124247,-0.1401184905805208,Malware
-0.19933554823238409,-0.12641856364953047,Malware
-0.20094349886153154,-0.12622106554933918,Malware
-0.24895462350231978,-0.26197628046830246,Malware
-0.25017069945692444,-0.3299903583019604,Malware
-0.24919107424245018,-0.20596699787954062,Malware
-0.24933630891189934,-0.31630250279738126,Malware
-0.24866025125722763,-0.2814722877578425,Malware
-0.25073495011055374,-0.05657169460021556,Malware
-0.21556906478899587,0.008061987524601496,Malware
-0.2508490943186082,-0.14425254380890007,Malware
-0.24973291647153728,-0.24270937039298332,Malware
-0.2481745138408436,-0.28614241771308313,Malware
-0.24853742693160769,-0.2320462286409116,Malware
-0.19809268498155558,-0.10451719521095529,Malware
-0.24024208533228808,-0.3238434726429441,Malware
-0.24017588573716153,-0.3964575026217605,Malware
-0.24123844462946847,-0.09927622743604876,Malware
-0.2417925393521354,-0.2858810497557372,Malware
-0.24180650702004874,-0.05210679627183009,Malware
-0.21467040921036482,0.03947002170681692,Malware
-0.20020885073046066,-0.13192545553678264,Malware
-0.24985627412192074,-0.26038230030114146,Malware
-0.24909437270052098,-0.31827322644091877,Malware
-0.2500981785648393,-0.21021317913456566,Malware
-0.2394796509195413,-0.0971783548090324,Malware
-0.24907953432965452,-0.2937778715988683,Malware
-0.2500670644555917,-0.17245136431034377,Malware
-0.2498368177825397,-0.13852275189660038,Malware
-0.24800063283778667,-0.3207288297837787,Malware
-0.25096010988476397,-0.16818301401726246,Malware
-0.24861981528137372,-0.32134375780387614,Malware
-0.2513839979448177,-0.18579182189391927,Malware
-0.24878159844185999,-0.3379670006073344,Malware
-0.251224672665979,-0.12250889088463267,Malware
-0.2544115995433743,-0.1723114493088729,Malware
-0.24595974204973328,0.16824448406162754,Malware
-0.2478490943628448,-0.12267538354290664,Malware
-0.24987495474622307,-0.22395762813812717,Malware
-0.24715932067880475,-0.2288658180999164,Malware
-0.24796474667765378,-0.3175700627345762,Malware
-0.248361423513357,-0.10674801363704257,Malware
-0.24802781919341732,-0.3251231609003522,Malware
-0.2496435721035401,-0.24413463601738997,Malware
-0.24789433726779708,-0.35717600729959254,Malware
-0.2505422584230098,-0.06903293985324253,Malware
-0.2491730156739284,-0.3177007399713381,Malware
-0.2507409946379052,-0.18332001459642636,Malware
-0.24882692830432324,-0.25734076996308347,Malware
-0.24849156102808817,-0.11394321675942357,Malware
-0.24993645423566774,-0.24935203760536065,Malware
-0.2139375937709192,0.11547266471951086,Malware
-0.24940592871759015,-0.2787156458212138,Malware
-0.23871156092565335,-0.3809607845283399,Malware
-0.24985389483598353,-0.31337741681890513,Malware
-0.25004285351954436,-0.1945825374184202,Malware
-0.25012357370284644,0.0542053871016817,Malware
-0.24881965632686953,-0.2797007595321564,Malware
-0.24890973733465332,-0.3132508641508241,Malware
-0.251389560123483,-0.0579666104263445,Malware
-0.24787254960934418,-0.2589800048498309,Malware
-0.24960757151573293,-0.19652348628775507,Malware
-0.2503943781371788,-0.1477767017970097,Malware
-0.24877799862702055,-0.27815448779313795,Malware
-0.24836006708106811,-0.348394426675269,Malware
-0.24851837673670119,-0.3149906292101924,Malware
-0.24995165500318495,-0.21650862720458114,Malware
-0.24776764440984705,-0.33761218861446546,Malware
-0.25029603363936204,-0.17758356197127043,Malware
-0.24793516799859272,-0.336509290315737,Malware
-0.24857043574496857,-0.1421132449636515,Malware
-0.24977968396387334,-0.12820507206646936,Malware
-0.25149450516160443,-0.18395713138191538,Malware
-0.2489163536998787,-0.2815106496883733,Malware
-0.24756136360484843,-0.33056803572285604,Malware
-0.24755425888392224,-0.33097077514539464,Malware
-0.24897087019221736,-0.24892227748064558,Malware
-0.25223630320149826,-0.33120094329275335,Malware
-0.2509889327439687,-0.34022975319628235,Malware
-0.2488249611320757,-0.22481365560007374,Malware
-0.25019287872657653,-0.21733421644715115,Malware
-0.25040043500557974,-0.03433163932600298,Malware
-0.24906330976392738,-0.14540383873294832,Malware
-0.2477978002569146,-0.26879388609544813,Malware
-0.25118268606174926,-0.20469513882761428,Malware
-0.249787558942493,-0.21780164603851357,Malware
-0.247087223639466,-0.24412164498065822,Malware
-0.25000623900618,-0.3099045806808071,Malware
-0.24926990835965002,-0.3060619224417923,Malware
-0.24780619840245743,-0.3658207243382352,Malware
-0.21502552766512448,0.05872791980136854,Malware
-0.2153009661963788,0.011732060706132539,Malware
-0.2489290538657704,-0.03484266003796581,Malware
-0.2491550757791428,-0.34077731332206396,Malware
-0.1997603599906299,-0.08221828022184342,Malware
-0.1839922027347756,-0.10671491726408668,Malware
-0.2436942334904116,-0.3607450304078226,Malware
-0.24220216290574836,-0.3237099840309084,Malware
-0.24306422979136527,-0.3109744367450593,Malware
-0.24218652681166714,-0.3612517118558725,Malware
-0.24379482914481906,-0.1908630263606236,Malware
-0.21443977835097544,-0.0299164567619784,Malware
-0.24672475235365515,-0.28034113435421676,Malware
-0.24567301385763843,-0.21734668328199475,Malware
-0.24885749447386235,-0.3282373433817164,Malware
-0.252389947637329,0.1232146013076556,Malware
-0.24619085793452436,-0.34449004916795684,Malware
-0.24598084105401552,-0.2314896630867453,Malware
-0.24564772482649566,-0.27072350903612846,Malware
-0.21389014604541512,-0.034655449150910046,Malware
-0.20013462415538782,-0.13368373440398798,Malware
-0.24856102421479742,-0.33153531265520253,Malware
-0.24656523482738862,-0.19113331811112777,Malware
-0.20217726696392926,-0.062161967592881895,Malware
-0.18501034558084614,-0.06922163458780084,Malware
-0.2157995750284213,0.0078024985240719245,Malware
-0.24991256358061786,-0.23052975785008334,Malware
-0.24885136648270828,-0.1537231508125897,Malware
-0.2526441000759103,0.290748372509252,Malware
-0.21559011415107213,0.0071505741222092235,Malware
-0.20576501435524386,-0.07705005882123897,Malware
-0.21552036634926214,0.019848888717581274,Malware
-0.24984619575128064,-0.2094463858206508,Malware
-0.21507524792544624,0.005691444871372695,Malware
-0.20091626062194043,-0.13385090122013577,Malware
-0.21536350787495745,0.027417232600457083,Malware
-0.24983076394386328,-0.31358458811366124,Malware
-0.24938772383833652,-0.20669606137104174,Malware
-0.24728971516029707,-0.14621041728960085,Malware
-0.24692579234235118,-0.3380911607759865,Malware
-0.2497242082963037,-0.12893142513645128,Malware
-0.2492119303210753,-0.26811772847367843,Malware
-0.24842948316282493,-0.07134339897261545,Malware
-0.24820896548261268,-0.2705141115000107,Malware
-0.2505299686232605,0.05258071770162662,Malware
-0.21442855766508603,0.11109996801117188,Malware
-0.25029719167063347,-0.1478848846543539,Malware
-0.21532669421853776,0.14948930026503737,Malware
-0.2748677173919806,1.533867641292779,Malware
-0.23317774177130707,0.06797331470964298,Malware
-0.20675087549219331,0.4430732095508236,Malware
-0.20515077102889845,-0.21313649941379886,Malware
-0.1851663903860337,-0.17499865177784113,Malware
-0.2065316785554319,-0.17765243268877065,Malware
-0.21460360199958384,0.05690162003586708,Malware
-0.2003032171466331,-0.09245970668342542,Malware
-0.21658200293469024,0.16865626785436927,Malware
-0.19328262393469892,-0.1813826417695386,Malware
-0.18706272606759342,-0.30340068077651045,Malware
-0.21009522866583374,0.045753550661637485,Malware
-0.21028058881749023,-0.020361017200784988,Malware
-0.21313264546549474,0.20757629803000763,Malware
-0.2115740211825566,-0.06366079778187157,Malware
-0.20952910759065724,0.030560385067108724,Malware
-0.20982878761453722,0.354597406816195,Malware
-0.19110921681360085,-0.19855290676578452,Malware
-0.2095607015331502,-0.015038606802372338,Malware
-0.3236469237875961,9.43956628119748,Malware
-0.20993619234361022,0.11869936967281944,Malware
-0.2609408976094138,0.9703032670662715,Malware
-0.20688055879489436,0.019715245767576425,Malware
-0.25005520198380793,1.1358622755587597,Malware
-0.21719542670074715,0.25211442305999815,Malware
-0.20872615182259038,0.2544634627809861,Malware
-0.2132644423442005,1.508347761802359,Malware
-0.2100579865675192,0.22977715517546773,Malware
-0.25773676698111025,0.03586734007003572,Malware
-0.21378213885379374,0.08857871838430653,Malware
-0.21022500792864546,-0.18986863870639434,Malware
-0.2011757903019167,-0.1089626728473383,Malware
-0.20830479358197512,0.20149469571070575,Malware
-0.24126047588358565,0.24723127947260498,Malware
-0.21439913855586712,0.6218412567311067,Malware
-0.21088575993290876,0.4206363657197846,Malware
-0.1883610828477886,-0.443104247592754,Malware
-0.2053806841078954,-0.18091118835761408,Malware
-0.20640731542382149,-0.026027681181351583,Malware
-0.21585159983774127,0.16576939854969433,Malware
-0.21425755914630598,0.1645073186621218,Malware
-0.20873356770002327,0.1838066178448202,Malware
-0.2133701332116792,0.16569403892394868,Malware
-0.21029792703341718,0.3463531150175968,Malware
-0.2219912411095993,-0.13965079226221894,Malware
-0.20627175078764437,-0.14840756950169026,Malware
-0.2060348264622528,0.0019203571412419428,Malware
-0.19232919724208092,-0.4006060251295864,Malware
-0.1922677145727458,-0.4860671163733826,Malware
-0.21078716312406362,0.04767954991058916,Malware
-0.2109726367517118,0.05786383088224213,Malware
-0.22790127176279218,-0.2361624772449052,Malware
-0.20767349283737077,0.006715800598945713,Malware
-0.2167556381608691,-0.02272164687789617,Malware
-0.19667530983843634,-0.287961868514928,Malware
-0.20939687173666277,-0.12001684901315028,Malware
-0.21115541602146476,-0.009040742836670043,Malware
-0.20506209493641403,-0.19492736111620163,Malware
-0.20085171907105887,-0.14176320966702527,Malware
-0.20029753050764765,-0.08218034614156403,Malware
-0.1998996375418302,-0.024514384902398326,Malware
-0.20575253333350718,0.20013328681691794,Malware
-0.20792186835862103,-0.014814977148571518,Malware
-0.19586887544521103,0.018946787893591516,Malware
-0.21455290935258603,0.39476691102146455,Malware
-0.2104442077286423,0.10386315765515974,Malware
-0.2072381581067306,0.20197182119802093,Malware
-0.20919350483093027,0.870932134269496,Malware
-0.25054782451578317,-0.08466984807341256,Malware
-0.24410474569899696,-0.16833777608153275,Malware
-0.21280224333282102,0.49734641586843636,Malware
-0.22785237020223553,4.177803534664512,Malware
-0.26194332913870827,0.1599208515639561,Malware
-0.20110169335845246,-0.22547084148863147,Malware
-0.242829372885327,-0.1442274729370637,Malware
-0.21667217577905903,0.4256853898813293,Malware
-0.2542566415827992,-0.07279366134751378,Malware
-0.24349397400206668,-0.34699892641230473,Malware
-0.23548228345497588,-0.09153843058078928,Malware
-0.21673657316795314,0.47566439400726307,Malware
-0.20571484057211423,0.704631624302072,Malware
-0.2082701827713618,0.0846272861198923,Malware
-0.21187089795246367,0.2741360029525943,Malware
-0.2462946406839108,-0.23747101840241688,Malware
-0.21193015942473262,0.00432688498265001,Malware
-0.2499130265180019,-0.20009749088853485,Malware
-0.2606403951809741,0.19479190839532498,Malware
-0.20381895721331195,-0.06820281327710465,Malware
-0.19586042581507393,-0.1217075302998606,Malware
-0.21049931570026073,-0.20608832302088065,Malware
-0.21045250195922188,-0.23002669434329104,Malware
-0.21459341363964857,0.5908992103423817,Malware
-0.21706026231317666,0.49782399340254735,Malware
-0.2646288475545544,7.535227607154619,Malware
-0.23923952979377935,0.38412353252225767,Malware
-0.17417347948221032,-0.04832311404858678,Malware
-0.2291688368035581,0.3929593302819161,Malware
-0.2084531054287297,0.35981593254251565,Malware
-0.21359823443381923,0.16847832235200855,Malware
-0.24800632855362786,1.4677490918405436,Malware
-0.20719411791892298,0.12482704825644313,Malware
-0.20184338487495748,-0.5096755476590977,Malware
-0.20797689869472522,0.20653610156758323,Malware
-0.19798952682785012,-0.29279651762999925,Malware
-0.22475965761655886,0.8735546595561081,Malware
-0.20622561407004747,-0.021524723713071077,Malware
-0.2199496478806765,0.15328122012736808,Malware
-0.23448561021364622,0.008788442590192257,Malware
-0.20418629456477297,0.06007802414501434,Malware
-0.19706035508201142,-0.2530646574662377,Malware
-0.21651992518137916,0.1706380965852363,Malware
-0.21583035782998375,0.056218058247592725,Malware
-0.21692278797570191,0.10285143459324238,Malware
-0.7498240061666538,80.42492335969605,Malware
-0.2156381811558425,0.09905021012777124,Malware
-0.21317419451293926,0.03134055041292744,Malware
-0.209231915407393,0.12583754737292824,Malware
35.49888382356552,-0.07373448773970812,Malware
-0.20659908416947623,0.0019013031235286205,Malware
-0.20707229433005073,-0.19758670548426394,Malware
-0.20755256469656758,0.15782604484001994,Malware
-0.20904268572127396,-0.22140361859682064,Malware
-0.23108887642597878,-0.2010786846147172,Malware
-0.24037454426843768,0.15258756642272014,Malware
-0.2107762034657768,0.14206754666647758,Malware
-0.1990961612135191,0.10256392450468461,Malware
-0.20710568317074846,0.08280702185151946,Malware
-0.27992269911007817,8.775656116138926,Malware
-0.20593186555998913,0.06224365139078539,Malware
-0.20741778197418942,0.20398067387393537,Malware
-0.19632217550693193,1.269497259084829,Malware
-0.22971740338035865,-0.14849827931191062,Malware
-0.25735354249386977,5.045900809926779,Malware
-0.22169704546622082,-0.2765457378172924,Malware
-0.25814426324317097,7.496655547389381,Malware
-0.211367715558282,0.1962706129690088,Malware
-0.21672942852035557,0.17725517202177074,Malware
-0.21248716683352772,0.21015601710777504,Malware
-0.20702264773393952,-0.22087243898586517,Malware
-0.21094435115042703,-0.16739364576911395,Malware
-0.21437842508531252,0.22575354785905866,Malware
-0.21311125508584408,0.2071269931455979,Malware
-0.20713934079325594,-0.07961219105464044,Malware
-0.21113449833580608,-0.17344301206173288,Malware
-0.21740470965107675,0.41771829018647444,Malware
-0.20758971237264412,0.16576210367544206,Malware
-0.2908813121120656,1.6497628876699388,Malware
-0.20520182415190372,0.12350896681263614,Malware
-0.25464716069901705,5.477826098973209,Malware
-0.20551719825312176,-0.12444015528617557,Malware
-0.2176480275736201,0.897956608497838,Malware
-0.27827417821114536,3.7203668505089222,Malware
-0.20477240164696564,0.12062779062660296,Malware
-0.2326357129308185,0.06174565950116622,Malware
-0.2654283158129462,-0.6286913521756982,Malware
-0.23143908134871377,-0.20033555506003856,Malware
-0.26709767668747925,0.28990268563001376,Malware
-0.20984352965408118,0.24985181964527925,Malware
-0.21298314712217656,-0.06596901902279519,Malware
-0.21992765429251676,0.24568821460913565,Malware
-0.28143864838225674,2.9162473161141884,Malware
-0.21420800330627557,0.5886411117365149,Malware
-0.20449612708336795,-0.13536729748780651,Malware
-0.20853952962101363,-0.03792487382424187,Malware
-0.2052970736805495,-0.17327151205311184,Malware
-0.22043447844092462,0.12893111864962764,Malware
-0.2628771955217362,0.19613483430777626,Malware
-0.21691039502972495,0.21761172008097704,Malware
-0.21408084095208327,-0.05253141547711123,Malware
-0.21112656939703642,-0.17695811388345456,Malware
-0.2161927185623089,0.06483339750392868,Malware
-0.21669137140864023,0.44669219831402274,Malware
-0.21508451677701512,0.21410641852561557,Malware
-0.2147863759040674,-0.04007693962055364,Malware
1.5568694369270775,0.07632067989885544,Malware
-0.20964495547614218,0.22049437943608738,Malware
-0.23321318642082836,-0.0563618595903229,Malware
-0.23512014005080362,1.0164766499430868,Malware
-0.20612357236433754,-0.05255057008932442,Malware
-0.2362847661217916,-0.41736584252708414,Malware
-0.21068150410685169,0.193488876288626,Malware
-0.22951071702365547,1.1739714703784845,Malware
-0.18876505721610476,-0.21449218952580346,Malware
-0.2067055257886762,0.3696599032699545,Malware
-0.2072708848491892,-0.1774644504299763,Malware
-0.23242659765327883,-0.44441919818041137,Malware
-0.26339099249309866,0.2765643208436435,Malware
-0.21293800393897935,0.17293221821248603,Malware
-0.20983457159495122,0.2038779047911387,Malware
-0.5541903995162205,40.155901230735715,Malware
-0.20398858387770777,0.13538230919401742,Malware
-0.20137508221424255,-0.16104136607167646,Malware
-0.21766436915537418,-0.2400781256606687,Malware
-0.21333753123901902,0.028239610737284468,Malware
-0.21388297193193256,0.12293867709248672,Malware
-0.21252863724333126,0.15880280317328405,Malware
-0.20555859906789278,-0.06901723556740322,Malware
-0.23602786700223316,0.03361543893359612,Malware
-0.2152715243751718,0.20982340753140505,Malware
-0.20724869585090272,0.058796219349753875,Malware
-0.20723872108825137,-0.19831708033967682,Malware
-0.2107395363491469,0.19611240994954188,Malware
-0.19306230602830127,-0.18501126575168625,Malware
-0.20042930523330296,-0.21343657472113392,Malware
-0.26550366603362363,0.16319238153282775,Malware
-0.21360736948389905,0.4845188454430739,Malware
-0.2083715472658233,0.12678078191215936,Malware
-0.20260962160087934,-0.08523470047072848,Malware
-0.21089419432519435,0.19809422877915372,Malware
-0.2119759699060046,0.16302224563548032,Malware
-0.2401001916158472,1.0319635355602048,Malware
-0.20781353199481487,-0.09204464169338637,Malware
-0.21780502497380805,0.3900940949491535,Malware
-0.23945794225364267,0.10164887189483945,Malware
-0.21375876304550112,0.11604303164590209,Malware
-0.2051319207672006,-0.10630947796593292,Malware
-0.21206043787989828,0.08852319774141663,Malware
-0.21326888515376916,0.20069010894393205,Malware
-0.21336083586311505,0.2433684970058971,Malware
-0.20384441959104052,-0.06036564893800861,Malware
-0.21226866824532634,-0.23595991193239335,Malware
-0.2357105382103609,0.27624176506160153,Malware
-0.20364861918846486,0.052884509878669037,Malware
-0.26125362580840805,0.13766815966823193,Malware
-0.19882191812973432,-0.1426965273441485,Malware
-0.21031517900406305,-0.1667892255109396,Malware
-0.19855444585672805,-0.2187886612439003,Malware
-0.20676671138432173,0.11259003166937946,Malware
-0.2111399178604195,0.10071508266814382,Malware
-0.2405322066330045,5.513533934683349,Malware
-0.20751652888233973,0.19000527559937078,Malware
-0.22118807602872365,0.08114308107282445,Malware
-0.2829248754851551,4.9548624538016695,Malware
-0.19463382196796114,-0.23904153086804542,Malware
-0.2117473277702212,0.3071278750238719,Malware
-0.21273801738296574,0.06628872224243419,Malware
-0.22742198446475942,0.10872203281115565,Malware
-0.21138488316115855,0.20574188676576569,Malware
-0.21605973383359645,0.20744561636221653,Malware
-0.21395977675298497,0.13955330047823966,Malware
-0.21279866562831157,0.11391108085186889,Malware
-0.1943895733023838,-0.16098803891095925,Malware
-0.21453142612018747,0.05476023880752205,Malware
-0.2101598540470113,0.11404227057886387,Malware
-0.2160525620050297,0.1249270712235247,Malware
-0.23252393646106234,-0.19532220063178313,Malware
-0.22312681389704084,0.7578190980824148,Malware
-0.20556246856838378,-0.09796003311961939,Malware
-0.21199634963234365,0.11999201668579998,Malware
-0.210076452896227,-0.06643030462783932,Malware
-0.20704000568885483,0.17757966112625306,Malware
-0.19831352656028767,0.23658223438168463,Malware
-0.20006873148559912,-0.2723560583968647,Malware
-0.20834956987566405,0.23637933444164322,Malware
-0.19855453844935866,-0.1223294709206509,Malware
-0.2386080752985988,0.38574751611713365,Malware
-0.20675834960802814,0.11262175477800725,Malware
-0.21611915312646626,0.13286961048732313,Malware
-0.2109715130465827,1.1459445820348957,Malware
-0.20596879793438708,-0.11183695731188895,Malware
-0.20917718450919953,1.275239394152218,Malware
-0.22158304605030288,0.17543450858475176,Malware
-0.2069744596446742,0.1750393393524238,Malware
-0.20125671611060178,-0.22488578929724456,Malware
-0.19959580429274656,-0.1114256076082542,Malware
-0.23701172983773253,-0.07327522054970124,Malware
-0.2178985913579886,0.5140578305396851,Malware
-0.2166260562516752,0.29308298230746477,Malware
-0.19935491776276182,-0.19906661074528387,Malware
-0.21989842953883942,0.017047608125323098,Malware
-0.2159513397340692,0.16441844837380243,Malware
-0.20450162782498096,-0.198220890733368,Malware
-0.21281698074356295,0.25555262702540593,Malware
-0.20406581489986958,-0.16111843062995793,Malware
-0.2031390600819755,-0.11285478187781034,Malware
-0.20740467872335766,0.105429747144951,Malware
-0.20725434815768146,0.11736844588141399,Malware
-0.21512589546093577,0.41628603722609864,Malware
-0.20981037070833822,0.16607930323558404,Malware
-0.23896717717890084,1.2997985150651157,Malware
-0.22331626480836758,-0.3052305138434012,Malware
-0.22778849249672078,-0.01578903733289004,Malware
-0.25842028773212933,0.05163931462787211,Malware
-0.21136298974463766,0.17598344875581004,Malware
-0.2415198722719379,1.2299511302249644,Malware
-0.20201529929754108,-0.26042707148165767,Malware
-0.20992415005914747,0.044673704220119625,Malware
-0.20793244822399146,0.2565688892427894,Malware
-0.2098726804745452,0.3471802813755099,Malware
-0.2088079188821927,0.11656885090539533,Malware
-0.2091300935385446,0.2743672652599981,Malware
-0.2027888764861972,-0.12571499052482832,Malware
-0.24455660605831958,1.5357911017679495,Malware
-0.22729731129633166,0.04284171050346433,Malware
-0.24381118175007663,1.4276705907601837,Malware
-0.2154071350818042,0.39086433448964764,Malware
-0.24918602911895968,1.5552184144115213,Malware
-0.2124455071121575,0.20985978623330592,Malware
-0.20963740776005962,0.31649345148183006,Malware
-0.2087328767249448,0.16179128532859774,Malware
-0.26187927093290836,0.0443261319458232,Malware
-0.21220476254115456,0.2015884508878263,Malware
-0.21035630526754612,0.2783683215413148,Malware
-0.2034833732167366,-0.13263972186689413,Malware
-0.21606957710581076,-0.07082692335475284,Malware
-0.2505429549721069,0.2820440869432326,Malware
-0.20959158642460907,-0.07556893893829444,Malware
-0.2095939606785064,0.061337519464146756,Malware
-0.19227526763206287,-0.27080121488941555,Malware
-0.23370365012003005,2.6619520068100484,Malware
-0.20304444028650512,-0.048978913720826134,Malware
-0.2524962191154127,0.8538137988039689,Malware
-0.232975166220833,-0.14422488812443238,Malware
-0.25729801443251005,-0.07464769921983691,Malware
-0.2429671583252071,1.1585148414436075,Malware
-0.20324210431632264,-0.07545069441078828,Malware
-0.2043188996892306,-0.04462118265830958,Malware
-0.22599512817031073,1.4833343535542294,Malware
-0.20757763060341725,0.15961707669114464,Malware
-0.20643019507590774,0.07525095688108319,Malware
-0.21162320058569256,0.17774345526995172,Malware
-0.21881245462786728,0.7425307179698499,Malware
-0.20536775660947054,0.0009092704651575308,Malware
-0.21687361293454924,-0.22861104014134062,Malware
-0.20871207737796846,0.19921662400906423,Malware
-0.21682799717267517,0.14841026901572615,Malware
-0.19204954341229347,-0.5766373615985645,Malware
-0.21356300891528449,0.2553516310176832,Malware
-0.20220491007024902,-0.09227246622736433,Malware
-0.20747302932275494,-0.06539757529311076,Malware
-0.20081223136496792,-0.13465052531300098,Malware
-0.213635689488998,0.1193484011533131,Malware
-0.20164862837609368,0.15870583220870557,Malware
1.583263754600879,-0.28993339911753646,Malware
-0.21437488085173495,0.2527819498595153,Malware
-0.2174389746869819,0.19145774897040926,Malware
-0.21059652055477696,0.18910105130543187,Malware
-0.21720506521213095,2.455908291823797,Malware
-0.20914615059251368,0.15860353335064095,Malware
-0.2096564706254609,0.4796727453333521,Malware
-0.2023173650884484,-0.15656431824258785,Malware
-0.25769976622490853,-0.04020901841121265,Malware
-0.21531878613710753,0.13693435702376944,Malware
-0.2047574181053955,0.19986142538819385,Malware
-0.2200861584053515,0.2664226130215899,Malware
-0.20498688666609965,0.18937974044859734,Malware
-0.20493363611730187,0.14764883823856195,Malware
-0.19936295221451703,-0.171443598410477,Malware
-0.1980048214662096,-0.15635270965934334,Malware
-0.19596941112449245,-0.2629298895844918,Malware
-0.1917185203626716,-0.23433465152265714,Malware
-0.21099184162028636,0.154269660649136,Malware
-0.22197520934992487,0.4072072779477043,Malware
-0.2117764451941566,0.08776719984443884,Malware
-0.22705591931479274,0.00957591878017346,Malware
-0.2025762008350163,-0.14871612824432914,Malware
-0.20451343950040088,0.12452992961100157,Malware
-0.24823179785771954,-0.10560667604376661,Malware
-0.2629187108655753,0.7294353124584475,Malware
-0.20279352364627953,-0.15414380869647995,Malware
-0.2292303468284597,-0.18496775469492224,Malware
-0.21827202805524082,0.3468033586442047,Malware
-0.25357214773953957,-0.08353922582032303,Malware
-0.2582662674018224,-0.08905614024144025,Malware
-0.20839840929409556,0.1262178172533613,Malware
-0.21506714209183214,0.12834749258695877,Malware
-0.2806191719683289,0.5332185596629568,Malware
-0.19647231703104634,-0.04631016079464818,Malware
-0.20967269647165926,-0.16407202608211857,Malware
-0.19708237568513481,-0.1299353490861441,Malware
-0.23105858254706937,-0.09802403414418688,Malware
-0.26950828222357387,0.4822025621278028,Malware
-0.23164064021014794,-0.14947995719589116,Malware
-0.21494993932432907,-0.1995726691693378,Malware
-0.21161216284165246,0.4199692712287515,Malware
-0.0858192097510079,-0.7931708940703359,Malware
-0.23387672718638144,0.009371101149112753,Malware
-0.26859036515421975,2.2961085041393963,Malware
-0.205052302897744,0.11371976616365778,Malware
-0.21246006418731714,6.591403963060126,Malware
-0.2505326787994881,-6.64624886116335e-05,Malware
-0.19776759327212046,-0.08410501831949756,Malware
-0.2823050527377776,4.170808555741879,Malware
-0.23181101861449036,-0.1317108782439786,Malware
-0.26500705445968353,2.407029420195298,Malware
-0.19436635212731015,-0.14418058664160324,Malware
-0.40871784712743153,30.829463897382407,Malware
-0.21114505022659974,0.16761213249070273,Malware
-0.22035671254074096,0.4290062141701337,Malware
-0.2125769022025654,0.29350941815076,Malware
-0.2136771490440755,0.18773323964721514,Malware
-0.243857840661143,2.3644339633894123,Malware
-0.21021807572617351,0.0728686238768024,Malware
-0.20410193878070815,-0.0663456427253489,Malware
-0.21244664117773301,0.20987903861422008,Malware
-0.21834229769774013,0.3705177733965833,Malware
-0.2283439086815532,0.1421045671674805,Malware
-0.257704287044306,-0.0752551815060497,Malware
-0.23740966595143204,0.1629642255515295,Malware
-0.210562905018369,0.1420815583233507,Malware
-0.20879808110649928,0.11631741215202664,Malware
-0.1966603162447942,-0.2539664858334524,Malware
-0.20705811704246646,-0.16989972776280735,Malware
-0.20815112671600275,0.1454881757944595,Malware
-0.203565085605941,-0.09428426497256877,Malware
-0.21009438885674575,-0.15540334630976635,Malware
-0.2372181714656706,1.1973984284001715,Malware
-0.21022230272557765,0.20659378644515963,Malware
-0.1992507341329942,-0.03284014213062259,Malware
-0.20756815981596802,0.20244264710011217,Malware
-0.349485206368152,16.664412546336344,Malware
-0.20857641155873785,0.23781500912576245,Malware
-0.20538528890492377,-0.10499598351272976,Malware
-0.20589842507043118,-0.1774258911453453,Malware
-0.20834599961858805,0.14872897278042402,Malware
-0.26963730154291643,2.0760462149328895,Malware
-0.20770467886445976,0.20169619951273,Malware
-0.23054825071759613,-0.08922925954240489,Malware
-0.2066302479539525,-0.1071844345713969,Malware
-0.21841106558126006,0.3653384362933311,Malware
-0.19977541657829664,-0.01674802409615886,Malware
-0.20501971660695725,-0.06168955040161856,Malware
-0.21211473031017014,0.027236055383042444,Malware
-0.20680920430713962,0.12237463778614259,Malware
-0.19839650562387756,1.5761655471401734,Malware
-0.21757227044585795,0.23272699140480907,Malware
-0.21100630188636763,0.18635612290024145,Malware
-0.217524435114989,0.41727673338313626,Malware
-0.21160225056863116,-0.12412169708467265,Malware
-0.28243261632156,8.751863963517502,Malware
-0.2082222857508104,-0.011695206548842194,Malware
-0.2002867797694037,-0.11505654611743132,Malware
-0.21091425078995146,0.03349669593350958,Malware
-0.2050191965515893,-0.17677923079803481,Malware
-0.2598027078372077,0.18849112523542033,Malware
-0.20733952135551767,-0.02940342872737974,Malware
-0.20890952083291528,0.11061763204299667,Malware
-0.2144753051394724,0.08942685827058391,Malware
-0.24842062757919522,2.6527296047162636,Malware
-0.23569537319480174,0.9748883780527201,Malware
-0.1994921817652498,-0.23531671854483385,Malware
-0.21463699160561595,0.622165402077935,Malware
-0.1976364064003492,-0.16007549514474195,Malware
-0.22053630440795238,0.06863639821906259,Malware
-0.22713983759849857,0.9308662044208347,Malware
-0.2581777049708754,0.7724890784596133,Malware
-0.19373569308097585,-0.24563028920301355,Malware
-0.2073579020857014,0.1900082387225005,Malware
-0.20612142637950237,0.28115485677498353,Malware
-0.2180391626365895,0.2884527664894209,Malware
-0.22046236957874,0.10011255618664648,Malware
-0.22031784847453187,0.08905873120967685,Malware
1.5893232863079072,-0.39155225313280434,Malware
-0.2518214759859716,0.05268726799697296,Malware
-0.20821298636213065,0.1046158922134062,Malware
-0.2116131911437148,0.13588161487694378,Malware
-0.2637152603288926,0.058679208364064525,Malware
-0.23747132817800257,0.08399205162899594,Malware
-0.21272972784653824,0.17868696107564383,Malware
-0.20058921528702184,-0.04653532469982193,Malware
-0.2125776115650525,0.18622951600814694,Malware
-0.20763255724123814,0.19770812010917133,Malware
-0.23909673164007547,-0.047746931571009205,Malware
-0.24543764314857464,0.26855910890055934,Malware
-0.23061317767978184,1.9759215712493365,Malware
-0.19932379993334176,-0.1982334780431953,Malware
-0.20883974016106766,0.17305859413964766,Malware
-0.21157245622479529,0.15922768525193606,Malware
-0.2085298007249452,0.26152297115934087,Malware
-0.20662113722604178,0.08479381355417494,Malware
-0.20754749255050609,0.10476626495640398,Malware
-0.23721932734963241,4.637577889782248,Malware
-0.19363806195947586,0.11946006682538075,Malware
-0.25573826504211533,-0.05095914915797702,Malware
-0.21615990047558511,0.13840576266612972,Malware
-0.21511529179014302,0.038131657347159315,Malware
-0.2120807432853204,0.13329578844805168,Malware
25.866101736917216,0.11922112242896747,Malware
-0.20955317174225108,0.2898061002335288,Malware
-0.23224907280272347,0.6087356041197125,Malware
-0.238689183365768,0.44908334213804313,Malware
-0.21477948926036355,-0.3139020152614315,Malware
-0.20652286844766796,-0.35702915366137544,Malware
-0.2344901082334921,-0.005186929276332329,Malware
-0.2314076504595488,-0.08638356486100601,Malware
-0.23291760255627456,-0.1886422093791027,Malware
-0.21104909232239538,0.22852340778712893,Malware
-0.20224872284417894,0.027908257930615958,Malware
-0.2032859273125821,-0.18754840193372507,Malware
-0.2569149252516501,-0.03452445328538611,Malware
-0.20400487164688316,-0.22981760987406435,Malware
-0.2093085229381206,0.1874880761673101,Malware
-0.19926000046384318,-0.05731456256933842,Malware
-0.15720394547089517,-0.5232337902635936,Malware
-0.23508129876993206,-0.03717396254692552,Malware
-0.2015879997976842,-0.19288398197222387,Malware
-0.23493911142910764,-0.26209125604181177,Malware
-0.2135674035515017,-0.04210541352226223,Malware
-0.21573117962742433,1.0417471529746172,Malware
-0.22452409756664377,-0.26161002504581193,Malware
-0.20112727712713385,-0.14328514161845518,Malware
-0.19693216966892285,-0.159589269128914,Malware
-0.1919001273512021,-0.25265176152755686,Malware
-0.2087880542589164,-0.07628552318812715,Malware
-0.2142333622387596,0.5535519914416999,Malware
-0.20016890953113867,-0.17168196131033328,Malware
-0.21501014403562327,0.07250059105921657,Malware
-0.20136827928438467,-0.16772978492026946,Malware
-0.20249033130985256,-0.21480230142309326,Malware
-0.20808844119657946,-0.08992033754182684,Malware
-0.13041305553834243,-1.4435106200476897,Malware
-0.25246566223592454,-0.23171061563962472,Malware
-0.25145150454311627,-0.2541417658253582,Malware
-0.19757724494760365,-0.11771816151067524,Malware
-0.25307964026842916,-0.28777238766500013,Malware
-0.2131655004840391,0.009692492557562086,Malware
-0.25465601192196624,-0.24795731265842502,Malware
-0.21408583586714794,0.10055676728469569,Malware
-0.19163542711879739,-0.27085403536872055,Malware
-0.18554223273616768,-0.1631547676837628,Malware
-0.2527878596507865,0.34530879923988955,Malware
-0.20247298514083006,-0.2852847285044831,Malware
-0.19411698422565274,-0.2725479033441459,Malware
-0.2191094363759561,0.9628860442908279,Malware
-0.22628475214544896,-0.14983202327952586,Malware
-0.2527255698399944,-0.2747381209453686,Malware
-0.25241911568867087,-0.18064516369575226,Malware
-0.3729647330178406,6.95103756695547,Malware
-0.2515280480591867,-0.2642871179016318,Malware
-0.18767522090515543,-0.2942922830542174,Malware
-0.21172929987898714,0.5564001257440773,Malware
-0.2263986685362883,0.026807004146683872,Malware
-0.2117289024372579,0.5563918397369714,Malware
-0.23610163669186324,3.6604264401901516,Malware
-0.20231862538911627,0.1337675275031092,Malware
-0.2012527497675686,-0.21443758816037198,Malware
-0.25360528079933414,-0.2493181184009494,Malware
-0.20392864953755704,-0.19341818601382624,Malware
-0.2325895136363332,-0.1271917941297869,Malware
-0.21799831976864978,0.5181743111620117,Malware
-0.19613344775817831,-0.1681015182866584,Malware
-0.25466839857073337,-0.22984939679623193,Malware
-0.24970974924365286,-0.23843815221565978,Malware
-0.25142669070710516,1.786071798951889,Malware
-0.24684833856035976,-0.3629611180673075,Malware
-0.25317952060088916,0.3642807264143757,Malware
-0.21861854168052253,0.6084714645831999,Malware
-0.21269707670384924,-0.0921380907350656,Malware
-0.21336918004008545,-0.036561086674656705,Malware
-0.2060479982108335,-0.23268113747633676,Malware
-0.18024308553936302,-0.1435197823027235,Malware
-0.20012871919934874,0.1400965977789772,Malware
-0.15875783492404602,-0.42881278469829154,Malware
-0.20121913112726048,-0.22501377743227624,Malware
-0.1938343070559926,-0.20061372726449292,Malware
-0.1404426544885614,-0.19376942586862503,Malware
-0.1984254114354913,0.4229094144434161,Malware
-0.17667895607918901,-0.3345610715533562,Malware
-0.20026626980178083,0.6222950064931113,Malware
-0.23276336952101442,-0.38157362381064514,Malware
-0.19243890378746478,0.5294551360789519,Malware
-0.20129073081061613,0.7223576555416947,Malware
-0.19878021169054993,-0.21345521171627754,Malware
-0.2261089415794312,-0.1132944091398964,Malware
-0.19691138275833017,-0.258753192784053,Malware
-0.24452153871545512,-0.3031616828485283,Malware
-0.21555515703698871,0.7645219442641226,Malware
-0.24960763633608285,-0.3071013120709452,Malware
-0.246392077369843,-0.16250499518163813,Malware
-0.21552432567776064,0.7563566573305056,Malware
-0.2081395278098838,-0.08760616206773264,Malware
-0.19179642826197335,-0.1818678817606403,Malware
-0.20402132013483582,-0.029804223553466732,Malware
-0.25349290910596695,-0.2502744599421979,Malware
-0.2189113181412496,0.7083203056765319,Malware
-0.21377358346641634,0.10623797025051315,Malware
-0.1999161436845155,-0.2728426814392234,Malware
-0.23071795465876316,0.01670576610781222,Malware
-0.2032430142664536,-0.09565310242934258,Malware
-0.19956911185371445,-0.19411166748845626,Malware
-0.18405373950808693,-0.27844674683921566,Malware
-0.19438067108226148,-0.24955490302087568,Malware
-0.21712304418844258,-0.23294897630783015,Malware
-0.20133438903449516,-0.009577462785123659,Malware
-0.19595402261853515,0.05079806513480943,Malware
-0.20760449303912518,-0.09149814160857535,Malware
-0.20474458602710108,-0.17038162146654265,Malware
-0.22368347659259802,-0.1773934505685268,Malware
-0.23436163136705546,-0.23913647463017088,Malware
-0.19727881600657768,-0.025961714111880096,Malware
-0.20297257631054047,-0.08108578728991905,Malware
-0.2735066308422053,5.744949486806539,Malware
-0.2187633844087426,0.6010761244628797,Malware
-0.20617214732245104,-0.06027466209954715,Malware
-0.23173374707789776,-0.16495555484941515,Malware
-0.22974601954146712,-0.2810218602174986,Malware
-0.20651202713291583,-0.07355635725962885,Malware
-0.2533615244645664,-0.35265166244740614,Malware
-0.2136795758550627,0.0259266844507605,Malware
-0.1969020213582997,1.3812051377493257,Malware
-0.20017301463775788,0.25348193965446547,Malware
-0.24129486721557986,2.46056464693418,Malware
-0.2193189069868503,0.5596385210207944,Malware
-0.2050936854845717,-0.2263958047989866,Malware
-0.19927660115076934,0.010869637296979947,Malware
-0.1958487754500081,-0.05437800909561347,Malware
-0.2548696754580344,-0.20598889990627092,Malware
-0.2132822609516246,-0.04480515514177931,Malware
-0.23077030928521064,-0.2925001432115095,Malware
-0.22982820098542162,-0.22619423594493449,Malware
-0.2470954947990176,-0.2610253306279243,Malware
-0.19189548595824962,-0.25237995568628013,Malware
-0.21910887798998807,-0.20578409933687622,Malware
-0.20835889561342752,-0.10658203017138737,Malware
-0.20799360969750144,-0.11685847552724565,Malware
-0.2025704757425929,0.8994501391977975,Malware
-0.219945212513682,0.7078551576992185,Malware
-0.2022619069349164,-0.18001508306407235,Malware
-0.21817751245025938,0.48124742716394875,Malware
-0.2348145545685842,0.2275790295445457,Malware
-0.1950625799420894,-0.16759368893936738,Malware
-0.199928952163492,-0.1454336787657515,Malware
-0.20201745946563499,-0.07657253633271417,Malware
-0.20473690078869097,0.30250682687415875,Malware
-0.2047707501150311,0.12236765767926853,Malware
-0.2140380405565829,0.045416653140680996,Malware
-0.21813126149096343,0.594915573188355,Malware
-0.19334485420568193,-0.19813822871660663,Malware
-0.21747154861171747,0.728039402641016,Malware
-0.1954824483856592,0.039228860851148316,Malware
-0.20529318616358988,-0.16792450747947257,Malware
-0.21925979876693516,0.8232001008626184,Malware
-0.21164018040195795,-0.06452722662077623,Malware
-0.20921067851213127,-0.28043405356102197,Malware
-0.19862862660964625,-0.010284095983861184,Malware
-0.17043565622249235,1.4814672560521978,Malware
-0.2031517868043626,-0.17562160802328755,Malware
-0.20722147329846732,-0.1799065363373217,Malware
-0.20138335877279553,-0.08761808687428492,Malware
-0.22093861999462913,0.14479731967267173,Malware
-0.19923884916408488,-0.1587037856856281,Malware
-0.22500294709510865,-0.028817628399964077,Malware
-0.218664822108865,0.5665492049725618,Malware
-0.21451033907954672,0.06868308924048012,Malware
-0.2737898360867544,6.3084101150616965,Malware
-0.2041385137583781,0.010326189060469055,Malware
-0.22015160660155159,0.8263269427763906,Malware
-0.2136731271435196,0.01618585596350526,Malware
-0.2325669706136044,-0.28958307527102584,Malware
-0.19035559998712903,-0.04577369748625616,Malware
-0.18737042099601206,0.12209447006078067,Malware
-0.19417161405267402,-0.2850477339838836,Malware
-0.18807323109339183,-0.2822605733315898,Malware
-0.2289091453411751,-0.1441753344937442,Malware
-0.18180833721515754,-0.13275994786383027,Malware
-0.20444262638504748,0.01887449662872671,Malware
-0.2215613652811647,0.9325390910218847,Malware
-0.20203440375619347,-0.22623739424766665,Malware
-0.20402290529043038,-0.23273555941275087,Malware
-0.19492352443450797,-0.19633023938421906,Malware
0.2962715271540589,-0.34640029186415,Malware
0.3150177677420632,-0.4243772026812265,Malware
-0.2034019073025438,-0.07358675973764817,Malware
-0.20886187005741272,0.05345372738071192,Malware
-0.20964751706201176,-0.1688396150171278,Malware
-0.2228113762284858,-0.32064492498053926,Malware
-0.21923792004525022,-0.23847758755802437,Malware
-0.21939234464038107,-0.259414616048866,Malware
-0.19081876979509566,-0.3237287168899348,Malware
-0.20373339608180902,-0.10353520508962856,Malware
-0.19187517433935464,-0.25741930587030193,Malware
-0.20772676581560345,-0.1265351818296944,Malware
-0.20214763662523977,4.370567068001961,Malware
-0.20446767020041742,-0.23193745230761575,Malware
-0.1982882171758828,-0.17953039134767826,Malware
-0.21448537093599113,0.10391469834707,Malware
-0.2534200790076155,-0.2748503895712491,Malware
-0.20123639527798945,-0.058234620530837854,Malware
-0.1986713815907989,-0.18575546543548785,Malware
-0.2128763533469138,-0.05776641507303963,Malware
-0.218386892990609,0.5788883850892599,Malware
-0.21799292949326488,0.6035615178085998,Malware
-0.19634683138405493,-0.1706577398656243,Malware
-0.20288428230812497,0.4730332501116694,Malware
-0.1960634465869067,-0.17713863317701328,Malware
-0.23454245618289352,-0.13566203168365848,Malware
-0.21898169672866433,0.5390788787149734,Malware
-0.2481453528882378,1.7907458666807112,Malware
-0.2071136413995886,-0.1148289294572301,Malware
-0.19773641597741595,-0.049984170525061,Malware
-0.2023400032430816,-0.13673505749583842,Malware
-0.1941703246060194,-0.22812447122587842,Malware
-0.18853319211746572,0.2055291129120457,Malware
-0.20159556002608245,-0.20720730157955786,Malware
-0.20309132494528553,-0.14978954240617073,Malware
-0.19832073452671603,0.04475002720022892,Malware
-0.12338311969534894,-0.5455777924721592,Malware
-0.15711863631046805,-0.47833091569576397,Malware
-0.20107891952208232,-0.21527119942472103,Malware
-0.25265260546146123,-0.3601417924573506,Malware
-0.2190624371037847,0.6764760778501876,Malware
-0.20820822577926018,-0.05311218024263022,Malware
-0.20357813242256778,-0.0030975291688122675,Malware
-0.2513925440079851,-0.34126057926405795,Malware
-0.2181158130506461,0.5325221078633534,Malware
-0.20606011100411636,-0.03919749642850511,Malware
-0.23142351443711612,-0.18274017018031666,Malware
-0.25254334361056935,-0.22330180445575615,Malware
-0.2280149839704316,-0.1689821219546408,Malware
-0.20240105501044264,0.2919826040566141,Malware
-0.1862445110578511,-0.19363719565152088,Malware
-0.20161419567827307,-0.21228269125800964,Malware
-0.20052875792720695,-0.10364541317965908,Malware
-0.22914913571528672,-0.1466433202049039,Malware
-0.200454537125589,0.08333951603567138,Malware
-0.18765953163903656,0.029663391955206734,Malware
-0.18655275605811183,-0.14559047947005538,Malware
-0.25316964611059817,-0.31107820975111655,Malware
-0.2487224286221062,-0.28289117873742825,Malware
-0.24650297711850022,-0.3143834569436789,Malware
-0.20315275384500678,-0.19706064886477645,Malware
-0.2547020792551913,-0.2722821269801632,Malware
-0.25343643734150995,-0.30941837877016354,Malware
-0.2524862858464264,-0.27428140155368985,Malware
-0.20803625110554572,-0.07947137526193372,Malware
-0.20114742429970306,-0.005271192233606251,Malware
-0.22013155234888862,-0.17578673073011516,Malware
-0.2195109635796335,-0.066899465119471,Malware
-0.21197125557169477,-0.09769467254760109,Malware
-0.21782527488587247,0.5932516422133056,Malware
-0.23602687715008075,0.21653862770996835,Malware
-0.20187945198956792,-0.24219957559455493,Malware
-0.2125077760674357,-0.04566346242609846,Malware
-0.1954093747348906,-0.22404254200212098,Malware
-0.21837959286824624,0.6829741736570853,Malware
-0.21902117090076909,0.7376122570191534,Malware
-0.2178414853573043,0.5937413336927,Malware
-0.21342872043304492,0.04108309073655734,Malware
-0.19690305183842094,0.03562954751551752,Malware
-0.20266954234207646,-0.2360474635185184,Malware
-0.2030063062097139,-0.12563258286008966,Malware
-0.21427486381258373,-0.028551359219943534,Malware
-0.1972068290283816,-0.1341210739783028,Malware
-0.20405204670045182,0.779323951298102,Malware
-0.2080779881341394,-0.0837969856775223,Malware
-0.2182755929334254,0.5813892708696035,Malware
-0.21426895571460933,0.04822958062047514,Malware
-0.19763208851782996,-0.059369960107511055,Malware
-0.21508932997769487,0.22392040380268252,Malware
-0.21291552530291888,-0.051988756366199027,Malware
-0.19359522924452893,-0.11138102459123707,Malware
-0.18903190090843902,-0.1460754846602635,Malware
-0.1937237952657384,-0.12144232348172532,Malware
-0.21568087867248337,0.6147101711697582,Malware
-0.250399053183656,-0.34479889926232954,Malware
-0.22395760826422137,-0.3151420978177593,Malware
-0.2251061829909282,-0.3143870747279633,Malware
-0.2339794591655598,-0.08543180227114716,Malware
-0.2181397501435669,0.594625810321018,Malware
-0.2528171047884677,-0.25613092343034843,Malware
-0.2339977521793601,-0.20830048321442315,Malware
-0.2137668212300214,-0.08647267831956072,Malware
-0.20185697948415063,-0.13222417286962437,Malware
-0.19512259336790214,-0.1615709534712106,Malware
-0.2065182890502724,-0.19032104433915223,Malware
-0.19589146420089187,-0.14941461000038742,Malware
-0.2161137551095081,0.7009990908887025,Malware
-0.20136750479417845,-0.19847314662173515,Malware
-0.17934516289160374,-0.38199826488407496,Malware
-0.19964393929426386,-0.04804230757961974,Malware
-0.2124822923705576,0.04454212446483849,Malware
-0.24151500731920061,1.3974675927347333,Malware
-0.20099995136762064,0.07108952219655856,Malware
-0.21541163683101186,0.2602905130780003,Malware
-0.2535204474314783,-0.28999593622017455,Malware
-0.255769326190128,0.11665655076870306,Malware
-0.21245684279087057,-0.09499981354849539,Malware
-0.2025447772538913,-0.15078110937491893,Malware
-0.2047171681103029,-0.0704403317220973,Malware
-0.2003436026626979,-0.21524997509625776,Malware
-0.1923988375878638,-0.22066712641029332,Malware
-0.21396599029302174,0.6182393643743948,Malware
-0.19064793751150044,-0.17929022073961426,Malware
-0.23596873332556523,-0.0325536375718635,Malware
-0.2080309817429486,-0.08877314463069406,Malware
-0.2083705712273593,-0.08255686564855949,Malware
-0.20171887509850495,-0.21054454057425284,Malware
-0.20883557914710096,-0.00020684081624137125,Malware
-0.20838819851077106,-0.11389403603924794,Malware
-0.1911501401753959,-0.07121625169051458,Malware
-0.24923529418895962,-0.28883113273109384,Malware
-0.2473942286436836,-0.3503355232656642,Malware
-0.2980297077651232,-1.1811955137317298,Malware
-0.27032436838634416,-0.6183909119666983,Malware
-0.2135928593934902,0.5564908368264819,Malware
-0.20101786676467132,-0.25440379947473163,Malware
-0.19050786028802058,-0.25479649538047144,Malware
-0.20067712712611857,-0.15309689651183425,Malware
-0.20508051866354599,1.3419136883854779,Malware
-0.2524563065288655,-0.3014562644924553,Malware
-0.18929584404116254,-0.21746745117923236,Malware
-0.22162572035085015,-0.11810306552184786,Malware
-0.20733205224569207,-0.12097877728588327,Malware
-0.24783702541107028,-0.28066164705951646,Malware
-0.20894126163155818,0.030936837676232083,Malware
-0.20895948282457333,0.06700092611090852,Malware
-0.1878585616864941,0.4882537449888506,Malware
-0.21367446748751748,0.9091644224458578,Malware
-0.18961762245648367,-0.16623313031414763,Malware
-0.21325313139430294,0.5796308663420553,Malware
-0.21009995577722868,0.20850543950198017,Malware
-0.22551863694069982,-0.30430447992330845,Malware
-0.19929891567359975,-0.27016908378731463,Malware
-0.2015739204456227,-0.19273538740648616,Malware
-0.2000465845114106,-0.20338316539018275,Malware
-0.19010133593719147,-0.23098820698441289,Malware
-0.24353298780290375,-0.37153947631156536,Malware
-0.20693620753296593,-0.06140786924698368,Malware
-0.2011291045715641,-0.08377542088344304,Malware
-0.2177198983796914,0.5753889732281579,Malware
-0.1979235454658307,0.3053461348005262,Malware
-0.18597541702518888,-0.1631016308099318,Malware
-0.19717168982251554,-0.18240370339602163,Malware
-0.25258267215104,-0.2578534463256329,Malware
-0.2377659754369804,-0.3080579182255938,Malware
-0.2135237017974715,0.09639663924896995,Malware
-0.25443591927466225,-0.14023965452484694,Malware
-0.20035377548323244,-0.09824318864481983,Malware
-0.20133448959334807,-0.16846451977254112,Malware
-0.20693380051510962,0.1925044882629639,Malware
-0.1904365117105299,-0.20190904722259498,Malware
-0.18967324322605503,-0.2878852734566472,Malware
-0.2019875387656666,-0.1558283612842562,Malware
-0.20237114076947496,-0.006621750867301463,Malware
-0.25404806929697443,-0.3163279762579318,Malware
-0.2501513080836729,-0.19446647900854205,Malware
-0.20247745785596172,-0.1508146547749357,Malware
-0.1985988706479403,-0.10958181562161652,Malware
-0.1895516850879483,-0.19423053276394944,Malware
-0.19934139960182248,0.02696936831466247,Malware
-0.20171678730956746,-0.03968833582230343,Malware
-0.19611346082168687,-0.1759973577068024,Malware
-0.1959668052169468,-0.12652189637272235,Malware
-0.19820107670395107,-0.17609187899558432,Malware
-0.20133148658071842,-0.17747021973151086,Malware
-0.20373033806657767,-0.14723766781168693,Malware
-0.21430419083140925,0.7113953415253418,Malware
-0.20348566880149382,-0.7724605074639613,Malware
-0.20191249523537178,-0.8277103718010149,Malware
-0.21735021944387897,0.4917333869597831,Malware
-0.2088061395715188,0.6840004654717343,Malware
-0.25331192082630105,-0.3334706558479715,Malware
-0.20373939346193576,-0.2135377593591606,Malware
-0.21000703659849834,0.14118760118640886,Malware
-0.25429708927066996,-0.292808030667303,Malware
-0.20245722297065866,-0.13221264812777273,Malware
-0.20687241090478067,0.028763124456686336,Malware
-0.1985700720691469,-0.1829828109712038,Malware
-0.1966685468077277,-0.183724106929536,Malware
-0.19279193404624437,-0.1360144714212043,Malware
-0.22036683339834764,0.7738808384310768,Malware
-0.19673834687149958,-0.17270830055949588,Malware
-0.21912403826842444,0.6635257119490686,Malware
-0.20827124548196804,-0.20758158649555788,Malware
-0.19943965576157563,-0.15119109902293107,Malware
-0.20063597877244765,0.1053471964218527,Malware
-0.2053358897087715,-0.08048034789537639,Malware
-0.19496309400822556,-0.30188408136689154,Malware
-0.21535512106622726,0.2196758653860189,Malware
-0.25373926737820823,-0.27621642209983593,Malware
-0.211928237326577,1.3682020173169374,Malware
-0.19958404878184074,0.010465755536880795,Malware
-0.18624581614087643,-0.19607737077561715,Malware
-0.21851577064460456,0.6485947540532259,Malware
-0.19288837503024775,-0.1484491190769965,Malware
-0.20980495805288585,-0.10377109721952109,Malware
-0.19826221140010955,1.2140122743071249,Malware
-0.19265836525333926,-0.15465016207736,Malware
-0.24950729891024287,-0.31266008149486213,Malware
-0.20977760782848315,-0.07488509681469994,Malware
-0.20658709388827803,0.034356536646162374,Malware
-0.21404560052018995,-0.03857620281877057,Malware
-0.20847601952914063,0.031115556613850657,Malware
-0.22081073698768844,0.5610825503921781,Malware
-0.20238348255563304,-0.1838614465826158,Malware
-0.1964417703702106,-0.18006892902738614,Malware
-0.20698250035900095,-0.1678771852062314,Malware
-0.2528530153581322,-0.2578338456407781,Malware
-0.18652207899255144,-0.26812628284498197,Malware
-0.23572156868273356,-0.3876030304181748,Malware
-0.23391480067946338,-0.4382739119541938,Malware
-0.19663732741334855,-0.26003190503488,Malware
-0.22285294955938612,1.1202468043097518,Malware
-0.19718593022820327,0.09030254701448648,Malware
-0.21290276479322273,-0.05578366851670156,Malware
-0.253668276036691,-0.23680813994223468,Malware
-0.24605548773943378,-0.32461645136182193,Malware
-0.24580592496271703,-0.16410825070354393,Malware
-0.21676623603488532,0.3766618133862713,Malware
-0.21967574138571686,0.7415378837372186,Malware
-0.21873846978001818,0.6848153200709787,Malware
-0.19639231140669652,-0.16121707623435252,Malware
-0.19727149039607667,-0.07876875885512805,Malware
-0.20003735799315817,-0.036184193335010675,Malware
-0.08694687296484235,-1.7165372871484015,Malware
-0.089293273840261,-0.46988109567319025,Malware
-0.21352404285970447,-0.04290807633914549,Malware
-0.20075674714303354,0.9178673219033943,Malware
-0.2722607714179813,3.485377726516107,Malware
-0.23223256862058986,-0.1767422372550464,Malware
-0.23529281203978417,0.4511971465745625,Malware
-0.2338547386523754,-0.25385324622236594,Malware
-0.24075052556875226,-0.18049563144691552,Malware
-0.1985052667457711,-0.08508332102514037,Malware
-0.19278523122317828,-0.16953937020560797,Malware
-0.18945421814398575,-0.24134855869144722,Malware
-0.19713442240467746,-0.17907570815205492,Malware
-0.18791123898749826,-0.18921312537708918,Malware
-0.20729886060754188,-0.12897448650190105,Malware
-0.19483787216274204,-0.13309180095458872,Malware
-0.21211710671182601,0.16285830502909293,Malware
-0.19393135417916088,-0.13147636268422874,Malware
-0.1963870822238971,-0.053493504561508184,Malware
-0.20072091297351266,-0.12968987449794014,Malware
-0.2046145030959632,-0.06677825724551278,Malware
-0.2186568048259096,0.5995611624374911,Malware
-0.2066494171388621,-0.25471947197624367,Malware
-0.18631744951658671,-0.26382083692314384,Malware
-0.2416343211900461,-0.3544302186140563,Malware
-0.2464257402015463,-0.26999648471632565,Malware
-0.23527796825320066,-0.3846851865173733,Malware
-0.24643426485189193,-0.26996555618244833,Malware
-0.19599020327015354,-0.19876241926638616,Malware
-0.36507833145112195,19.7828059841979,Malware
-0.2312915448839451,2.45632704319017,Malware
-0.2527623436316666,-0.314086072067325,Malware
-0.25256363523558106,-0.2807063233987435,Malware
-0.2539027950755563,-0.27758610766507064,Malware
-0.25266939311851605,-0.21119639639108198,Malware
-0.19135901170965391,-0.24876472149416795,Malware
-0.21386473570624176,0.6279656615015601,Malware
-0.2367535290461486,-0.060916471555626406,Malware
-0.23459893683185312,0.29589120863889484,Malware
-0.27742216490677474,0.15023414911101327,Malware
-0.17308349515125876,-0.9899261538403048,Malware
-0.2386324086179366,2.7833063471456025,Malware
-0.2648032193495277,1.204358991502007,Malware
-0.23890768390888825,-0.37555107296677864,Malware
-0.2086454042563174,-0.15809048574883733,Malware
-0.20183657359562474,-0.1328549964160301,Malware
-0.21365832785942432,-0.04135514281875542,Malware
-0.21504729233149134,0.11672319673627618,Malware
-0.19696258879842557,-0.157667061889615,Malware
-0.20693090701612915,-0.12809983998437366,Malware
-0.20782796134541867,-0.12561370749167844,Malware
-0.2142986558624312,0.10999881597156475,Malware
-0.23133518103925732,-0.18647693118542583,Malware
-0.2519293324508055,-0.10621751328911837,Malware
-0.20813346215108847,-0.08502287404902546,Malware
-0.2036784822832333,-0.11908158575086356,Malware
-0.20031579811667038,-0.14760408467441544,Malware
-0.19751576144473834,-0.01662306145850582,Malware
-0.20165287021638872,-0.07532991472195857,Malware
-0.20794093686381665,-0.13220165155067662,Malware
-0.23118570967440383,-0.029800880015390687,Malware
-0.20384552987104146,-0.2505880014183839,Malware
-0.19529951849383978,-0.21233537462431848,Malware
-0.20316033224044042,0.5972412772837692,Malware
-0.20277948651666722,-0.23510214467736237,Malware
-0.19144738502079034,-0.23178472092253943,Malware
-0.19615036288597826,-0.15792636191640166,Malware
-0.1768308940723233,-0.891400441824195,Malware
-0.3061986321787482,-1.1792713159567747,Malware
-0.250126895979217,-0.21624033058186715,Malware
-0.21644902800036955,0.05152515294864973,Malware
-0.25034210803803636,-0.2883976265960386,Malware
-0.24863863450284862,-0.1028128873706927,Malware
-0.25066342898242877,-0.1951823130212651,Malware
-0.2504905779331735,-0.27546667768538713,Malware
-0.2490023241486196,-0.24907228852356547,Malware
-0.25104581381711855,0.491620743213704,Malware
-0.2422327092079654,-0.30331276764066556,Malware
-0.24994523476689168,-0.2020140869711691,Malware
-0.2467481212223231,-0.3016156397639692,Malware
-0.2529363510671357,-0.2715631827954265,Malware
-0.25015075570015327,-0.17292035909102493,Malware
-0.2492080358196559,-0.28350486132064745,Malware
-0.24993083906094327,-0.10485326467320884,Malware
-0.24736303307691154,-0.3062708407188693,Malware
-0.24930210343652898,-0.23949844501254278,Malware
-0.251687405941105,-0.12846398533268208,Malware
-0.25381411950167254,-0.1756662101785005,Malware
-0.2472156942305887,-0.2138137329087097,Malware
-0.25089607636316724,-0.2165029430963313,Malware
-0.25090011036183546,-0.20921449556290184,Malware
-0.24799931378213524,-0.30135271651698126,Malware
-0.2483534476862998,-0.2759902994160634,Malware
-0.25788449018841764,0.05078591477452619,Malware
-0.21644939136643962,0.051002773355685566,Malware
-0.24770270836991626,-0.2971543975495766,Malware
-0.24993570891867778,-0.3002068548846348,Malware
-0.25015668177250183,-0.15985035661471758,Malware
-0.24757817446807517,-0.2902581710610772,Malware
-0.2479299852469835,-0.28570005764555473,Malware
-0.24747640797999265,-0.3147830765881015,Malware
-0.24844191809102112,-0.2594286340452881,Malware
-0.2486457785839679,-0.2434011243574497,Malware
-0.2524263229966259,-0.0335727904755101,Malware
-0.25107760691400216,-0.16716002789588913,Malware
-0.24653842323352687,-0.18887143980319304,Malware
-0.24880672663272108,-0.2753611776004354,Malware
-0.24943635312999973,-0.1427597556317411,Malware
-0.6090345517148389,53.55833854850853,Malware
-0.25046738709725974,-0.225968709826015,Malware
-0.2515985443374638,-0.1538203838733629,Malware
-0.250865661321963,-0.12280571650747868,Malware
-0.25011788029253945,-0.24711880070046469,Malware
-0.24914800871667164,-0.25587335742812484,Malware
-0.2615495756988547,-0.20402877947566708,Malware
-0.2501215803607963,-0.16587364379651295,Malware
-0.2501960140465437,-0.2433353233053034,Malware
-0.24958429904588236,-0.10786978106152649,Malware
-0.25091050050842834,-0.03664173166619948,Malware
-0.25279583847288306,-0.10321975670190014,Malware
-0.25061758301180503,-0.25124431947404874,Malware
-0.2538271626256878,-0.13443966251679002,Malware
-0.23574263503139056,-0.05716140307862995,Malware
-0.24845578912537675,-0.2613815410461803,Malware
-0.2506219808159223,-0.1712941886114949,Malware
-0.249107865360584,-0.28548724711096696,Malware
-0.2480770990955687,-0.30060481101550335,Malware
-0.2023537537863257,0.1426254620006659,Malware
-0.24778942891591366,-0.29989609496006114,Malware
-0.24850167695268327,-0.2653507261465596,Malware
-0.24971058823151376,-0.1270543926508925,Malware
-0.24809007032797442,-0.2740010934146315,Malware
-0.24934642959984837,0.0277870893646071,Malware
-0.2535238912769623,-0.13052162398572165,Malware
-0.24472825944357804,-0.3140869621402331,Malware
-0.24885716262763113,-0.305362604873174,Malware
-0.24689761036326535,-0.288877299699746,Malware
-0.2451855330060993,-0.36737861077147577,Malware
-0.24535278731213764,4.0214061828521475,Malware
-0.1876919890979766,-0.030298417858421172,Malware
-0.2572251400164029,-0.2839304087810412,Malware
-0.25331188250616354,-0.1699973747875492,Malware
-0.249053954879273,-0.156315143318096,Malware
-0.2500684413899709,-0.22772031888426808,Malware
-0.2482852384124637,-0.18745978689249423,Malware
-0.24572098577697388,-0.2968164283793965,Malware
-0.24929670186267094,-0.22115468685063838,Malware
-0.24871588147409152,-0.23637761509022504,Malware
-0.2478485024954259,-0.27297460331451345,Malware
-0.2468411671459041,-0.2122234444865184,Malware
-0.21648612655040253,0.05209323319600241,Malware
-0.22900364433088874,-0.23056240578056483,Malware
-0.25123015004897364,-0.10367498958101612,Malware
-0.2511246846420081,-0.15468535843631792,Malware
-0.24444528792827888,-0.2895198795929509,Malware
-0.25609559491646194,-0.1100096425786162,Malware
-0.24751586251777957,-0.2626496338555572,Malware
-0.2484374391088192,-0.2133094745967086,Malware
-0.2502248652587211,-0.15179858967989507,Malware
-0.24533080324812154,-0.2879533739917486,Malware
-0.24963031994090473,-0.2304630714239273,Malware
-0.21789516079346044,1.1653170949527145,Malware
-0.2500612177777535,-0.28458711049790275,Malware
-0.24911795051382468,-0.1990696717387723,Malware
-0.25101367947302905,-0.20585222140869036,Malware
-0.24853655244712064,-0.28364886097597025,Malware
-0.24716377841950898,-0.3074654125191499,Malware
-0.21782825603304057,-0.08935272671439316,Malware
-0.20399147046152838,-0.16928995727551632,Malware
-0.23419195053755,-0.12091043020325622,Malware
-0.24807182247332932,-0.18955675222431823,Malware
-0.25074084700912325,-0.27414910847960805,Malware
-0.24758743367065555,-0.31106026052734864,Malware
-0.24961366855405975,-0.21848413493905158,Malware
-0.2483593283458143,-0.32242585003427227,Malware
-0.2507812869909947,-0.2000924743537041,Malware
-0.2485617595553556,-0.24532536685911538,Malware
-0.25632656125417125,0.03867364949889019,Malware
-0.2523149165071542,-0.24060137804585435,Malware
-0.2508208015885974,-0.2887123314045243,Malware
-0.2584815240732374,0.21371381816241278,Malware
-0.24717498813373395,-0.31155612928897913,Malware
-0.24797928610072945,-0.2503626317012744,Malware
-0.24860857151305626,-0.1702962354458544,Malware
-0.24719626899061703,-0.1654996008868987,Malware
-0.2494918450287083,-0.27427169857172884,Malware
-0.24842251244199165,-0.28559670615397326,Malware
-0.2464640310124138,-0.3032996743019675,Malware
-0.2528758003353217,-0.14491199594403373,Malware
-0.24935311467162236,-0.2542913164399021,Malware
-0.24573890985506572,-0.34008015601638125,Malware
-0.2480107535379955,-0.2762994973805028,Malware
-0.21598171975207975,-0.011400780361256222,Malware
-0.25556673594245505,-0.18164742363924083,Malware
-0.24807468709307307,-0.28849690342748274,Malware
-0.25137109772763716,-0.14207905399020168,Malware
-0.24912457665457866,-0.24307431372312036,Malware
-0.25070849775124465,-0.20932420927938203,Malware
-0.2502376574669136,-0.23381525761315627,Malware
-0.2507933875932064,0.043526376562744946,Malware
-0.24813546268301895,-0.20180400271224125,Malware
-0.2509288007730417,-0.03832962285363917,Malware
-0.2490091417969424,-0.2648933539495465,Malware
-0.24729840874578157,-0.2968254229936966,Malware
-0.24927300859264057,-0.14664988196656023,Malware
-0.21528114386777414,-0.052606698071664695,Malware
-0.24876901766072224,-0.24320802632589014,Malware
-0.24962863639492472,-0.2950638212414029,Malware
-0.24795832017899078,-0.25431633303397977,Malware
-0.2500470459738212,-0.1902579622650617,Malware
-0.2507803067974079,-0.18924704681128543,Malware
-0.2502647574519204,-0.23804122330743077,Malware
-0.23495869681231019,0.04540966695318417,Malware
-0.25046603341357565,-0.19424634423882173,Malware
-0.21677487862150416,0.060024426293322004,Malware
-0.2513710838930654,0.0006685177379092412,Malware
-0.2500157593547226,0.01917893935334831,Malware
-0.24954327380933589,-0.2267705465460937,Malware
-0.2505923801360713,-0.31349966481014524,Malware
-0.2148816243610901,-0.12336833967791574,Malware
-0.25087731328136476,-0.19772698333458902,Malware
-0.2486448841430181,-0.31167688496753204,Malware
-0.24805061806108514,-0.2889260820145242,Malware
-0.2487872387988237,-0.24316435403290193,Malware
-0.24850109941955922,-0.2989273612311002,Malware
-0.24854364958317088,-0.2691432310473487,Malware
-0.2505411497039768,-0.03403028262016345,Malware
-0.25218990188445234,0.5013523796035859,Malware
-0.2556074078913327,-0.10657460919337447,Malware
-0.24929222688987762,-0.2828142558677143,Malware
-0.24841536635009287,-0.29172412330397746,Malware
-0.24666299569477812,-0.14852927251193163,Malware
-0.25150146876586843,-0.16330147454307126,Malware
-0.24940101137577259,-0.302344233539412,Malware
-0.24822058411919512,-0.27506372267572776,Malware
-0.25068038945958737,-0.16061029847355826,Malware
-0.2537651671113548,-0.29495301197192536,Malware
-0.2528815317216533,-0.24749427816960592,Malware
-0.2511485626202123,-0.14486043577672825,Malware
-0.2542860589969293,-0.04960189027715667,Malware
-0.21053567109623897,-0.4673044110059126,Malware
-0.2818150577195526,4.458507337126275,Malware
-0.25088315155128266,-0.20955881659501516,Malware
-0.2581090589503338,0.3102372155258172,Malware
-0.24959258347341035,-0.18186573868690176,Malware
-0.2024080535230228,0.0823585116746674,Malware
-0.24728479997872027,-0.2387711603196386,Malware
-0.2489118963051355,-0.2041196777069432,Malware
-0.24937310757892384,0.025163041906282966,Malware
-0.24713493541063086,-0.25278148186069244,Malware
-0.24694591150656847,-0.33194104970707733,Malware
-0.2459067712651319,-0.19896224697877046,Malware
-0.2467777228715013,-0.12475253949193775,Malware
-0.2458290738818921,-0.2996283399275371,Malware
-0.249289117157447,-0.2883489997752985,Malware
-0.20447591562351491,-0.18609711877352358,Malware
-0.24958281391883747,-0.23245294491876659,Malware
-0.24961880144968285,-0.3401027148409883,Malware
-0.25449503221667213,-0.20388883650280545,Malware
-0.2490234514085285,-0.24043208546636605,Malware
-0.24724241979768824,-0.2733410340744564,Malware
-0.2488867376175387,-0.22548563391971407,Malware
-0.25081712474283346,-0.23970789977622142,Malware
-0.25016806853081497,-0.21449956637936735,Malware
-0.24705398240259485,-0.2903267674099588,Malware
-0.24623895421107606,-0.23126983631279568,Malware
-0.24422770428893117,-0.3445142636979525,Malware
-0.2521338356980338,-0.15079079295835243,Malware
-0.2354432556498093,-0.053569711592595395,Malware
-0.2499090625152764,-0.24130326363632895,Malware
-0.2528336113820698,-0.2652507339132508,Malware
-0.24978419705218452,-0.20232760845721137,Malware
-0.21645001060813027,0.05110404942546792,Malware
-0.20074147527193936,-0.09985522348174895,Malware
-0.25139413087231766,0.01668606803196506,Malware
-0.249150918230987,-0.2915711404036032,Malware
-0.24715698445454148,-0.28860093715103424,Malware
-0.24544431247123513,-0.2906162774039411,Malware
-0.248750470746672,-0.2429074454247465,Malware
-0.21622929393686038,-0.009045127723813443,Malware
-0.25953748265175497,-0.22793147782303771,Malware
-0.2531980125426887,-0.19528027017776634,Malware
-0.25839189581013056,-0.17275324039113352,Malware
-0.24581129288057954,-0.25422278260591574,Malware
-0.25072847007841,-0.25711788277827813,Malware
-0.25057577657836994,-0.15892890220018335,Malware
-0.25742480444584975,-0.0393624788293347,Malware
-0.2503399910989561,-0.23125820211767448,Malware
-0.24698575080557716,-0.26845694976822665,Malware
-0.24800277439012064,-0.24891941114238567,Malware
-0.2513672190254437,-0.14667635456754882,Malware
-0.24825074485234822,-0.2807774753767805,Malware
-0.2489817271348334,-0.24925780985032556,Malware
-0.2156174075638657,-0.04899250320098325,Malware
-0.23133674151117384,-0.25850300732630127,Malware
-0.22689323433672348,-0.1805955493481976,Malware
-0.2497205754994648,-0.27258946521299837,Malware
-0.24755363651928225,-0.2112245512710285,Malware
-0.24969923382589848,-0.1176594084160127,Malware
-0.2518947278492265,-0.27320698004889576,Malware
-0.25124662329699865,-0.18653053908517334,Malware
-0.20997118848017435,0.18654640178058274,Malware
-0.21901384451662528,-0.17213266535550747,Malware
-0.2445500085258119,-0.19905110522040675,Malware
-0.24224119183963783,-0.3130446736833344,Malware
-0.24189468129220779,3.1225110595998453,Malware
-0.24569140035025358,-0.22870293750854126,Malware
-0.24629519558677468,-0.18232407259258643,Malware
-0.24583525180125435,-0.24042763860826405,Malware
-0.24562019998822596,-0.2065058219551313,Malware
-0.2356974763099613,-0.06080665859328104,Malware
-0.25103748432269957,-0.14125561204975934,Malware
-0.2499090331634734,-0.17298317435387342,Malware
-0.2595615606639489,-0.2188237039744878,Malware
-0.2531207014786785,-0.2571445431701128,Malware
-0.24900155694414305,-0.16592070126778954,Malware
-0.2641204274289314,1.6678402507120587,Malware
-0.2541168091244603,0.08685643930935458,Malware
-0.2504411746425391,-0.2191911039454238,Malware
-0.251873809274835,-0.12038238523772186,Malware
-0.24970755045143722,-0.2962521120911818,Malware
-0.24988057177327555,-0.3004829907491015,Malware
-0.25153186875153655,-0.17316466356114132,Malware
-0.24984927627589842,-0.2911783469830275,Malware
-0.2464124968352763,-0.3399393673477644,Malware
-0.2448374635179802,-0.3062928644821141,Malware
-0.2510110724377265,-0.18949965618606157,Malware
-0.24939392832901575,-0.18628091986735193,Malware
-0.25052559188485773,-0.21985552444080347,Malware
-0.249681496222024,-0.2836325787659703,Malware
-0.25723370270882934,-0.2320926253472579,Malware
-0.24948990349822614,-0.10279043920507905,Malware
-0.2537768291006221,-0.26963273638853696,Malware
-0.2499918074406398,-0.22283923499622457,Malware
-0.2500473580550938,-0.20488978011378692,Malware
-0.24722973809350657,-0.1685936535544064,Malware
-0.2164629898519098,0.058174224709601284,Malware
-0.22981367180647455,-0.07566272137203646,Malware
-0.2609830309132286,-0.20021991793386945,Malware
-0.2463009156832424,-0.17613949609949286,Malware
-0.25135067001301664,-0.26447092202522327,Malware
-0.25089252529843875,-0.200679198644917,Malware
-0.24953331915815957,-0.2901175940038267,Malware
-0.2487300205255885,-0.2592517988001526,Malware
-0.25128317872696615,-0.24042962831470913,Malware
-0.2479397968484997,-0.16798748425732124,Malware
-0.24673991270658352,-0.2994729624544327,Malware
-0.2524184302597651,-0.07643960431301845,Malware
-0.24813168618515696,-0.2640333691275648,Malware
-0.24990569966611853,-0.09002899751193734,Malware
-0.2474427091848212,-0.23432600572384096,Malware
-0.24737199766352408,-0.21719902752445983,Malware
-0.2504729974246389,-0.2695252508773463,Malware
-0.25211732708114376,-0.33207496851873447,Malware
-0.2578858358858578,0.05076938082890909,Malware
-0.24823432653424748,-0.15170754770099412,Malware
-0.2148011685474074,-0.13962596183815612,Malware
-0.2498869646601216,-0.28768074926378057,Malware
-0.25876597808029317,-0.2917798566123143,Malware
-0.2592359515764991,-0.206414025791155,Malware
-0.24911083523331978,-0.2754386193408735,Malware
-0.24972929712999808,-0.2888007910996255,Malware
-0.2557295533652372,-0.1566579264041452,Malware
-0.24921199953718687,-0.28121960772307203,Malware
-0.25108831015672745,-0.1810960135036269,Malware
-0.24917126346762503,-0.3286704210099165,Malware
-0.2475440886442401,-0.2824669610943929,Malware
-0.2576481082022242,-0.011477709911038587,Malware
-0.23690084947262555,0.20278641783878668,Malware
-0.25072592571742663,-0.22705009894462358,Malware
-0.2192552611590879,0.46935178023721713,Malware
-0.2291452739410898,-0.14258440771995406,Malware
-0.2266856425125537,-0.26978439264104415,Malware
-0.2307451731316144,-0.23669285977427648,Malware
-0.24287625702349866,3.8270385240912828,Malware
-0.24886924323262133,-0.22439231247249822,Malware
-0.24808400359240124,-0.2542567663323142,Malware
-0.24885272610863268,-0.20674114786631853,Malware
-0.24847870662717098,-0.259188386240787,Malware
-0.24916461782456734,-0.2681040475793214,Malware
-0.2568402155387934,-0.362139608253654,Malware
-0.24872112969134447,-0.30842707265226216,Malware
-0.24710090277207336,-0.3141315786978808,Malware
-0.24918958361388216,-0.29846841823889386,Malware
-0.2449015194975855,-0.31607596755096634,Malware
-0.24375460999644294,-0.3281484345737575,Malware
-0.24587982293522012,-0.2525098643176188,Malware
-0.24694190690397178,-0.28110253281385816,Malware
-0.24594999526895214,-0.2821343122245565,Malware
-0.2468554858759533,-0.2906358181993169,Malware
-0.2462130405939559,-0.3232654196750343,Malware
-0.24524125782379846,-0.25328268640316065,Malware
-0.2502470610066081,-0.1567565499320938,Malware
-0.21633445089321637,0.0323436031497122,Malware
-0.21566775387383277,-0.04219217819674009,Malware
-0.2303711297702871,0.14922464982557918,Malware
-0.250827690900221,-0.19306592441406084,Malware
-0.2473049648998486,-0.27629632340371707,Malware
-0.2507119918813406,-0.20931454014626572,Malware
-0.2479656924904729,-0.12982107493189746,Malware
-0.2467990941839644,-0.2913430796672311,Malware
-0.2471351416035576,-0.1615492935715173,Malware
-0.2446754577035123,-0.30769402750584446,Malware
-0.24659184189788502,-0.3221462014082505,Malware
-0.2459881809952143,-0.2249339366508357,Malware
-0.2492984935040597,-0.2567316923670945,Malware
-0.2485045437492009,-0.2869267027762624,Malware
-0.2471520928229506,-0.3006521684746517,Malware
-0.25075788345614825,-0.24818869755060066,Malware
-0.25340842403847763,-0.24167005126067698,Malware
-0.2571352517559873,-0.03220358097647241,Malware
-0.24523146959076544,-0.11398261417858718,Malware
-0.2542250313851189,-0.2760503469648427,Malware
-0.25465184984978495,-0.2111484397220854,Malware
-0.2513755948216288,-0.16007663734076288,Malware
-0.249964882119871,-0.2407951094742616,Malware
-0.2483031924474544,-0.26984689290152397,Malware
-0.2495840564056928,-0.14732270413553367,Malware
-0.25205837041591445,-0.1037909139431138,Malware
-0.25051535782264556,-0.018864726527565063,Malware
-0.24950011883589873,-0.309193311453451,Malware
-0.24904016760030323,-0.2915743359903423,Malware
-0.24811085813090095,-0.2483360632164072,Malware
-0.23527785919508595,0.9891802780067768,Malware
-0.249117781102149,-0.23030489374072424,Malware
-0.24813802222392695,-0.2804679391404276,Malware
-0.2557504614824664,-0.15518060173691392,Malware
-0.24865461808134098,-0.3127863019467286,Malware
-0.24942805830793308,-0.27578352355040836,Malware
-0.21562090953415206,-0.04850287646833362,Malware
-0.2481197864151105,-0.1631071752051023,Malware
-0.24939052277163176,-0.22146621699879085,Malware
-0.2490171300757857,-0.3378859055769884,Malware
-0.25106931140423894,-0.21853985467936451,Malware
-0.24911006810418984,-0.1573962880985218,Malware
-0.2513550746995561,-0.2520206606731494,Malware
-0.24811961242169162,-0.28740163111616185,Malware
-0.2474331537531732,-0.2674829882006495,Malware
-0.25785238986897147,0.03696650090853421,Malware
-0.2488120177299425,-0.27684102705538466,Malware
-0.257743129157512,0.002178924037318502,Malware
-0.24912868758074053,-0.32917332241752295,Malware
-0.2496934864921752,-0.28808906173863214,Malware
-0.24908710127162065,-0.2207433834195443,Malware
-0.24433844728685164,-0.31935073930143165,Malware
-0.24091896183927708,-0.02842369677988189,Malware
-0.24806914048277634,-0.22188642851114004,Malware
-0.2445653007129497,-0.2785165368584625,Malware
-0.2473403376290132,-0.2560655195717742,Malware
-0.24838254853658276,-0.2708474215660369,Malware
-0.2159831611163776,-0.011206605029822573,Malware
-0.24585234271612597,-0.3210890566273699,Malware
-0.24752506373910488,-0.08965142163208349,Malware
-0.25115469388336004,-0.19644806760006864,Malware
-0.24781338845446554,-0.27656553840246195,Malware
-0.2508503523823373,-0.15666650471081175,Malware
-0.24846046198456417,-0.2990858024212783,Malware
-0.2505591763077499,-0.28502336632940106,Malware
-0.24870104783333435,-0.27770699917141867,Malware
-0.2527152034892526,0.11603448432606615,Malware
-0.25178064204094824,-0.08195573511062204,Malware
-0.24863453446295675,-0.2607616302378655,Malware
-0.2503700222568392,-0.1830020524460074,Malware
-0.24963624445027988,-0.20767466915016508,Malware
-0.24879578512860556,-0.16089449706594944,Malware
-0.24929896447730288,-0.20722080774533938,Malware
-0.25073148929657235,-0.16707620541350746,Malware
-0.24935182834332625,-0.23712434961833115,Malware
-0.2500190857118274,-0.09455541271241046,Malware
-0.2539148104761927,-0.25987890661393054,Malware
-0.2025013393043015,0.0859494830462031,Malware
-0.1869586376372197,-0.13722208989429754,Malware
-0.21588046183549356,-0.0986234548987418,Malware
-0.21329746706557348,-0.20977655943696535,Malware
-0.24719987162104107,-0.31772416290299804,Malware
-0.2147965869690472,-0.13987261189345665,Malware
-0.23255755699838174,-0.045449493175553926,Malware
-0.23013240371405194,-0.24238178708731586,Malware
-0.23144816713580238,0.02442595373120283,Malware
-0.2583260527330881,-0.213744679093292,Malware
-0.2506411501230017,-0.21116656222181668,Malware
-0.24871016531893592,-0.2879182305020399,Malware
-0.24731064342042564,-0.26036919407643583,Malware
-0.24529322993270958,-0.3254798523780609,Malware
-0.24934480645716306,-0.16302149808622768,Malware
-0.2514448693909416,1.8363513421713529,Malware
-0.24988997823804981,-0.2079776533900494,Malware
-0.24996636047776777,-0.27117043205994634,Malware
-0.24861050237125842,-0.28895873462830174,Malware
-0.24915040723895887,-0.19877095546087714,Malware
-0.24888516422854018,-0.2936646160288515,Malware
-0.24991488163461295,-0.24941458946132647,Malware
-0.24878046255072694,-0.2966491264236337,Malware
-0.24899976742087276,-0.23675616350934492,Malware
-0.25008980740990316,-0.1967713134912707,Malware
-0.257501949645859,0.032078931730204326,Malware
-0.2503571486961146,-0.1684013128410493,Malware
-0.24929586314695928,-0.2771799345780069,Malware
-0.25005494982834886,-0.2788623293427223,Malware
-0.25048398657318205,-0.19120606917519734,Malware
-0.250101956805794,-0.24920822296133407,Malware
-0.24900775077146975,-0.24859717464444855,Malware
-0.24993975750549108,-0.21793597435210493,Malware
-0.2478968370752196,-0.3225688028170859,Malware
-0.25292615116349393,-0.09324506369075332,Malware
-0.2455825086479476,-0.2796513173295226,Malware
-0.24358496039632033,-0.33404229691492926,Malware
-0.25097857749563873,-0.17521790759774541,Malware
-0.2508017921455255,-0.1104928317351287,Malware
-0.21120614756164957,-0.461467861813896,Malware
-0.24731560083523185,-0.2676814817448848,Malware
-0.24662515022347709,-0.28053860986381657,Malware
-0.2501573312226945,-0.12110393576591258,Malware
-0.25006442549579844,-0.21446483199564606,Malware
-0.24734745319916712,-0.19284426883235928,Malware
-0.24527905331534022,-0.20205393071314953,Malware
-0.2500348552635933,-0.21370839438978642,Malware
-0.2494641519723732,-0.26099852596518996,Malware
-0.2540843465999995,-0.15604431952106684,Malware
-0.2500734961755984,-0.23188325497040063,Malware
-0.24735210382918832,-0.3032014448471058,Malware
-0.25118506593261897,-0.1432633558892886,Malware
-0.2503875965203351,-0.21251089441678872,Malware
-0.24661824755188877,-0.22321100236957403,Malware
-0.2538826234863544,-0.15003232064117789,Malware
-0.24705457220619165,-0.3322293480773187,Malware
-0.24434361638617003,3.9254588404760944,Malware
-0.211575466771342,-0.274871382881515,Malware
-0.25310774582561507,-0.1549086023739902,Malware
-0.24636782114868624,-0.20450044549978497,Malware
-0.24697835631192183,-0.323948948614951,Malware
-0.24657912088542178,-0.2715377852649976,Malware
-0.2148620955033085,-0.12380219970423284,Malware
-0.2590725595052037,-0.23264949889686246,Malware
-0.2599516563862916,-0.21839475678376638,Malware
-0.21677487862150416,0.060024426293322004,Malware
-0.25038175610525293,-0.1496671652309476,Malware
-0.24909924376966375,-0.27969437743393705,Malware
-0.25054223638968676,-0.20866045131952712,Malware
-0.25311716113133526,-0.2621096485053563,Malware
-0.25247622619192006,-0.17530396798131687,Malware
-0.2501847821042332,-0.21380497137150806,Malware
-0.2530346898997144,-0.34491741213434624,Malware
-0.24781493640807395,-0.30397996487688994,Malware
-0.24891678974507658,-0.025324887379925543,Malware
-0.2470714618904708,-0.2842823944597306,Malware
-0.24651309033923144,-0.3009890941689373,Malware
-0.249038972555724,-0.2903834165801698,Malware
-0.2472851461067027,-0.28511863880282295,Malware
-0.24833136159554065,-0.2402830926641052,Malware
-0.25278131041744223,-0.2579874838844154,Malware
-0.25070681412625057,-0.2364184769176218,Malware
-0.24997620176687024,-0.14283195168083318,Malware
-0.25137537173366187,0.02462685768995929,Malware
-0.2155889867953282,-0.05676378089005642,Malware
-0.2473990390545598,-0.3246045513925881,Malware
-0.24683984058803748,-0.3026779192078472,Malware
-0.24931856836731536,-0.19670403342879492,Malware
-0.24925063470956615,-0.2468270799090689,Malware
-0.2495545658984467,-0.2701264293048201,Malware
-0.24854364958317088,-0.2691432310473487,Malware
-0.25008939595919577,-0.2933917187733611,Malware
-0.21645061925088013,0.05107891900107478,Malware
-0.24972367025515319,-0.25890429213332083,Malware
-0.24918202469037026,-0.271728860581297,Malware
-0.2505783484515481,-0.19268252175973002,Malware
-0.24201000326760247,-0.27233077071131634,Malware
-0.25083961609496086,-0.159166695620391,Malware
-0.2479080382887595,-0.27559796244220364,Malware
-0.24822439366686616,-0.2473614702781198,Malware
-0.24704393865034058,-0.25998670180384376,Malware
-0.2466174102012998,-0.273619947204059,Malware
-0.24874130844533965,-0.201978708407223,Malware
-0.25990169926881024,-0.19572688925719325,Malware
-0.24944243308440178,-0.24137827676704596,Malware
-0.2496125660011559,-0.27001601960149985,Malware
-0.24276051674770757,-0.2597209991923418,Malware
-0.25110449110322647,-0.196725015831188,Malware
-0.24708509466972012,-0.2297604944444044,Malware
-0.25432997268862795,0.21814896431593592,Malware
-0.23491156592664478,0.0032137791574834824,Malware
-0.25001394002786337,-0.23889721738620676,Malware
-0.2517804106390503,-0.13066093350465868,Malware
-0.21598627613622987,-0.011337419858435175,Malware
-0.2508171904459993,-0.22917648269546212,Malware
-0.2507865398070454,-0.2467314364257956,Malware
-0.2500562245873287,-0.22457460153108857,Malware
-0.25156316451169747,-0.1127604249560969,Malware
-0.24955013123597425,-0.2438495138187576,Malware
-0.247688698733614,-0.26884684188505553,Malware
